PC1,PC2,PC3,PC4,PC5,PC6
-0.7925238083285735,-0.38622115373270427,-2.4731118126986633,2.681515165022451,0.12805376702536006,-0.2636624421249934
-0.617062809065876,-0.21388556609804293,-2.748909964992343,2.3571003352239797,0.45662799630684964,-0.43602303962078043
-0.6375600692534966,-0.12121489838301469,-2.7685308298391096,1.6509541079770185,0.5101437968390178,-0.7345688352444529
-0.0766219656240103,0.11400745373259517,-2.5821100424830066,2.6996748879708283,-0.12948570611384727,-0.5821009078849695
0.24603978813851976,0.2967567808942689,-2.6369468276508257,2.684131963662252,-0.24474138528599182,-0.680140897290064
0.28768324417614266,1.2115001278031723,-2.7298597292814013,2.583346924307622,1.0423270145569696,0.5163857475540794
0.38178109813171296,0.9343142333049012,-2.5801496244229933,2.531838288543768,0.10196025419966369,-0.26238226757218963
0.33131834860455833,1.1233658744005657,-2.5964013100831442,2.1308355616031642,0.7504704827714493,-0.830454060882366
0.24467695678000964,0.6367995614196302,-2.5223415770152804,2.14320050830352,-0.5071357667952769,-1.2531348666415272
0.49132240896110346,1.241374899726664,-2.510258810089576,2.3840340361513284,0.459053586870309,-0.1351102052088713
1.1874509028154354,2.0371329050747713,-1.1534250271231452,2.3830171799665476,0.03886089300395287,-0.46876056873342725
0.9693302947741834,2.1662635779123036,-0.8599423946957624,2.0356033150479687,0.7069935603051022,-1.0300983617357466
0.9097166652503824,2.1666262282748145,-0.8915212215123304,2.561208253200086,0.2288946152143864,0.22878378252831302
0.779428608441221,1.9914627282225474,-0.8529038369718112,2.1967243177108835,0.1850392894094827,-0.9547303124533291
0.8007667560459836,1.957564652528064,-0.8552556381945807,2.4486948108929534,-0.03425763043743268,-0.35846809801567303
0.7790259974342091,1.973477095588756,-0.85991116666194,2.174982235647511,0.206359082800356,-0.9717657954050872
0.8220172378008471,2.1194380535291524,-0.9122150812719328,2.5658553046319326,0.19413968145463292,0.24632759363709836
0.8047376671409237,2.1086301085447356,-0.9153249783454672,2.582295236972824,0.16534680367665314,0.26778962384091637
0.8143320837883296,1.7440259166654086,-0.8391051890958889,2.2010970871523954,0.1929391861370743,-0.931215101033434
0.908064919250065,1.8324254812355987,-0.7619022461231175,2.1803396325722733,0.9201120931632787,-0.3027003618102808
1.013905576022497,1.6385307073671993,-0.7268845416211174,2.237531621681971,0.22709054818669364,-0.9601873566006018
1.1525503151899388,2.019918169458692,-0.598131958341224,2.5419929740744696,0.6214134559361341,0.24877272990867375
1.1220192190071092,1.7979106914804686,-0.5222648595785733,2.5892458267109255,-0.06058114131241404,-0.39938417239492663
1.1874976244281528,1.892569766448169,-0.4456752801712406,2.763500313829071,0.14116622449162844,0.2386261266985293
1.1364388503804217,1.650239215504857,-0.5146721456701788,2.0255249456402145,-0.16025183918861108,-1.4369485431402609
1.0917605155180063,2.3082978791890976,-0.5198233911653722,2.356803104425877,0.7336844534361872,-0.37932026414692893
1.0234270839026118,1.7674400166591016,-0.5666459646834475,2.3472924763211815,0.12144424790390927,-0.9718180291679809
1.003655798220868,1.7772410722534866,-0.4893659843020854,2.3906096097618144,0.09099511207990539,-0.9662692261374322
1.0036163143244254,1.944772948432797,-0.5587756091692837,2.2391334707381554,0.5493237709054816,-0.9674824544748979
1.0064266185549198,1.9357065729956398,-0.5547499109720487,2.2336219584865593,0.5483883660448282,-0.9656954663182856
1.011622301279988,1.5948875214731528,-0.48823392743743066,2.5688068694229242,-0.3543205966952706,-0.9644234226841203
1.0897216506247098,1.5268172284079653,-0.5176171106192161,2.2867126010204895,0.5870771614536278,-0.9071574924371372
1.1479207763200394,1.5237764842285375,-0.42113129851740017,2.3339468684590132,0.5652193538934007,-0.9017013582561905
1.1664751865167915,1.6588439140058726,-0.5048458413500947,2.751609615691622,0.5217412488069513,0.35940116477779593
1.180607339750291,1.6788763171328942,-0.360990303540125,2.778081977715054,0.44683156915520367,0.3867674408520583
1.1467231083546794,1.5716795755900579,-0.33911743552042967,2.641777673181068,0.9927185154257205,0.403810444109938
1.1153967052235279,1.1512750935808693,-0.13958885828452752,2.83138697354029,0.5982850913179648,0.4588602268660497
1.1006346588213543,1.3248328347231209,-0.16814635562084437,2.6851007059313674,1.0242355829366112,0.4784652083141176
1.1900393422090176,1.4463896293785312,-0.29018204212125953,2.6150638006675297,1.006953137080086,0.45713838787758304
1.1552956350251544,0.9691299769176154,-0.1491563814061744,2.9007859984787583,0.1761660788998951,0.44023668121055354
1.0578774176696284,0.3492858627674141,-0.11791759958354227,2.082361535372622,-0.8689678470054726,-1.6846847714071809
1.1241079863777388,1.1100407419530192,-0.17949078783864472,2.2056319422663333,0.5258301073701281,-0.6440959376125384
1.1065650824938076,1.2588400475129224,-0.3443475209874721,2.595339650392037,1.0993445670729884,0.4578848613312297
1.0921478549084016,1.0081779152347183,-0.2457874407281317,2.9200119013576633,0.14521308161728191,0.4400912042303618
1.057239751899589,0.8942403871479528,-0.30602759130350954,2.921557827816021,0.16444203690164988,0.4820623235334885
1.0985774299865994,1.1302657910451075,-0.26266163049265534,2.3538895011165932,0.7096391157040889,0.05012944339636282
1.0567068702157782,0.6218636174694673,-0.08699044641434099,2.7532785055089164,-0.29815617833050295,-0.7466708651251551
1.1071284084789654,1.1428418591527105,-0.25238189087685686,2.7925642778886717,0.6347389038307665,0.45773363920137883
1.0116013860392428,0.9184056481319175,-0.16414105631458503,2.805000968559415,-0.07036382485946273,-0.16747282400978086
1.0415702606188015,1.0588247733831269,-0.2136102043037596,2.9078907438206154,0.12153558143438166,0.4554787849833007
0.9822297580848178,1.0106626249382542,-0.43424489611631517,2.809692275259986,0.5767233355085283,0.5239044332058416
0.7023562036093289,0.6981207115964362,-0.5963029432043058,3.112986843270317,-0.0004898859976487551,0.6117301945449066
0.5385542808632253,0.20880033502833675,-0.9061592445085181,2.9275727275726853,-0.48826208785454833,-0.5134568345771119
0.60152858715819,0.9252646582195994,-0.964066568017808,2.860140189571013,0.8403764210746573,0.7086264839980104
0.5449199498632712,0.24533533941078892,-0.8745824719959319,2.9477071800496617,-0.47420979824558046,-0.5168400970169409
0.5685571152929008,0.48953355063385734,-0.8539914037865679,2.8432866152340637,-0.358914828790308,0.25248070073611195
0.5920621955095245,0.6342538864598151,-0.8986915784648676,2.6659158087415347,0.08905192094492827,0.2653203164975214
0.5516049288219115,0.15009731784572744,-0.7997696696982963,2.5865161264261665,-0.7913141236865204,-0.9640454355906768
0.5479280780217707,0.6042596610365321,-0.94408105315642,3.10629812865125,-0.03642207957137005,0.7312567059334033
0.456492523250849,0.5116256546094607,-0.794247113682866,2.956689060576245,-0.2640826334147411,0.12137021196142739
0.355721534574332,0.54690542222164,-0.823793213520957,2.7308783980722047,-0.37722615995603087,0.30167178748965556
0.5913753911499829,0.6998632413266559,-0.741863423482962,3.0757227342822446,-0.008575081683343802,0.661617469003645
0.5692959350580707,0.6993513927937621,-0.7875256369519873,3.059463187296689,-0.010369232030525912,0.6730758724641155
0.5325700941149484,0.5166229306065221,-0.8287051050772855,2.663579103258778,0.03651759386145476,-0.552643592558578
0.5969517625426742,0.9609535920127448,-0.8279704642627298,2.923678135413285,0.41672208345953576,0.6493785296290141
0.8554427746522018,1.1687600285214095,-0.6823052376064068,2.5525703868023695,-0.047541754642241786,-0.7510057435803322
0.877515969286599,1.0046161855096758,-0.7047010185566399,2.6419931155774843,-0.4403349001987725,-0.778490776339853
0.9270851353876428,1.280755048499294,-0.591475794827427,2.5716096260582137,-0.35408312885665366,-0.013928734627142517
0.8428498651665935,1.1157499779303641,-0.621736297154472,2.279088908960513,-0.6646981766722473,-0.45263927712428476
0.8855330840299245,1.5476169772988955,-0.6721046213696089,2.7909463430696344,0.40055934419894407,0.45666352196603316
0.819708835961968,1.7088832789311994,-0.6595684283840183,2.6610556184937577,0.7735959026691415,0.5025102994319403
0.7557738805753298,1.5148074341504791,-0.7406452956969741,2.8315161745846718,0.3454591172616299,0.5026712187388546
0.7970483992503294,1.3689137074857913,-0.660736319885858,2.909573600109188,-0.09500671580331695,0.4720694678582373
0.7870904887059733,1.366096819627746,-0.6722956996036511,2.91586790184722,-0.08354713034820722,0.46639392388313566
0.7998244272430808,1.7180731323124352,-0.770639774905907,2.634892519229948,0.8416417878165996,0.46859916753291525
0.7848007673169518,1.7540289128330229,-0.7092408503624162,2.642294430516549,0.818485538052111,0.4742379296311014
0.6391649984538172,1.4747274741158594,-0.9393041080852516,2.831673870388196,0.328249820597627,0.5421535928485204
0.5625072479952631,1.2221189644824895,-0.9376559134870031,3.1135187846804766,-0.2139830540439859,0.6017371599432896
0.5109578893057241,1.017533311233652,-0.9722935658040417,2.9966878831001895,-0.4253964272827622,0.007311789549127797
0.5735806305688046,1.165307402225682,-1.0003417052762669,3.1037431809750724,-0.2257136658332574,0.6212195172887764
0.5775605070093096,1.5948294624291066,-1.0107704606852106,2.7689637082615595,0.7195767625856291,0.6033584257488385
0.5726878862976964,1.3483064641891873,-0.8863433983845869,2.15128970375594,0.04390939508248228,-0.2929625154767424
0.5883474030453799,1.415151169106197,-0.9594884321053129,2.9150403017399604,0.24807800219611012,0.603450867744407
0.6946152238274393,1.3660513075883853,-0.7597709896305559,2.947598677132586,-0.08592824995009003,0.4957577524190199
0.7451863445996701,1.40262221397741,-0.6557193697709895,2.8995954625145037,-0.056423401001397734,0.4547213909858924
0.7866879004482779,1.5841042681905322,-0.7022309917824516,2.643681579562421,0.40817891716814175,0.47201128818615895
0.8462410406776238,1.7471530545912815,-0.6988357402827737,2.466169755561374,0.8684961451448727,0.46474986830439285
0.7574942537643169,1.506995573169454,-0.6978092039949833,2.758909394105832,0.014212280796036666,0.4401224837633692
0.8333254076326895,1.6010851509811717,-0.7411526985415939,2.65410265030822,0.43817168413616553,0.46577614699452247
0.766468659126498,1.5532031415483079,-0.7647895086441848,2.659085519991063,0.44345128980048604,0.47425176562797583
0.6516663327588702,1.1219152509926673,-0.6304063970101682,2.5347968770792453,-0.31245962762277774,0.07572084668752141
0.726333923530554,1.3792855192912004,-0.7815659067115046,2.811978149253519,-0.04010449790333529,0.5178026865909533
0.6401359774278231,1.162639988756429,-0.7031368335785505,2.5536945474732584,-0.304357296972457,0.1361664034211286
0.5189530836095928,1.1089474899535683,-0.7123011391796461,2.506295926160632,-0.339227114101461,0.14625153318321457
0.5428793907531131,1.0940973400256984,-0.7911341188993397,2.363775083064814,0.060880714693815334,-0.6514520098035422
0.5307091121333078,1.5487036134691683,-0.9315299975081685,2.628702387539433,0.8571690977642241,0.659894613234973
0.27669614952554034,0.6879651254160338,-0.9117034046347536,2.97392705975511,-0.055425478733139986,0.7860318918106476
0.2534552761667867,0.850593185038877,-0.936766475681662,2.8280681161581045,0.37582804161082306,0.8002569888552326
0.2648082517483548,0.6343209420835985,-0.9927928771727211,2.521422464188526,-0.667615789690856,-0.3211215320648393
0.28210248899878126,0.7058688306020912,-0.9056187594746763,3.0076466374437176,-0.058356214045832265,0.8112504222338497
0.14345547140757298,0.05354353285252804,-0.7901743005977921,2.1547373093369098,-1.1622369900778418,-1.3224252898384894
0.1443184045821203,0.6463843023318131,-0.9396039606855056,2.9859497652245883,-0.10298559214504198,0.8207498304094494
0.356486963500778,0.582143696860887,-0.7075253839124289,2.0136667435361146,-1.1495449429760565,-1.4791976846929364
0.4509033157031898,1.2840720499113438,-0.78158233234876,2.7037173288918446,0.4164287549985967,0.6368793434015009
0.4408538671002584,1.5869965460119755,-0.8415786282726462,2.5280878762043986,0.8674754397535829,0.6096895142078679
0.3237222601308524,1.3772297101767854,-0.8007303258885468,2.6967736131462487,0.3711876560763795,0.6265094764459531
0.3477434258948952,1.5437617788591382,-0.8101479667158681,2.5213592726709426,0.7932659563314974,0.6452552986669297
0.449221341322684,1.2518591064886297,-0.7142100584754585,2.9451785962872177,-0.0812017763224248,0.6505377660962829
0.45637609099392246,1.1099702499520991,-0.6961171959270557,2.5381032838779416,-0.03362315735111419,-0.5810054091198343
0.4942163910949063,1.2442543801354968,-0.7260028944363935,2.9366920122128413,-0.06408642392374801,0.6500511108565603
0.4217454490223307,0.6854151220575387,-0.5347542886661883,2.488435919015142,-0.5206042489550959,-0.3760272111894473
0.4751294662561507,1.570082557000987,-0.8086865677252295,2.622071996211283,0.8361816226745871,0.6519311539513665
0.540108116208584,1.1341555913710821,-0.7452845879293736,2.9230428502882937,-0.03852429624620161,0.6595740274898014
0.5016791737796042,1.0946856839990373,-0.728045133492665,2.6437764997191375,-0.39424762019413906,0.20457439510424522
0.4574367659724773,1.1497557298458814,-0.7764670118706736,2.6941243952864986,0.930316902787444,0.7392292738412742
0.08923304800879779,0.47492127670035683,-0.9339640790002891,2.207209798197857,0.03371823346260456,-0.8299147356803277
0.24059522173506093,0.5921993552003726,-0.900877485005788,3.1471344293218317,-0.14221556931014198,0.856052351469072
0.28345064005054726,0.2249945924495216,-0.8544313530406126,2.935185584956553,-0.5693805547762029,-0.358811982775373
0.24512835025980217,0.3620140758476427,-0.8787779626034907,2.8103060520784475,0.16330143050482665,0.2585075667575353
0.2909363023855145,0.1603667485467491,-0.7046704063703709,3.164231563023201,-0.013155179568987449,0.9197651285580989
0.3117546497256773,0.022773131669732577,-0.6301088564851679,3.1137486651911486,-0.2560086163295658,0.3143288776938313
0.33604929399139305,-0.0093847401203503,-0.48880693453209456,2.521536540979092,-0.8270514980561148,-0.8571895474353839
0.6543147221517285,0.3425119604860174,-0.4737675261328062,2.8566494009007104,-0.48605221166854595,-0.44333318390941745
0.6855170617229785,0.6473914743748581,-0.5083168309659757,3.1278807908047352,-0.09403344866905423,0.8018725161259648
0.626695704393763,0.7202035902397739,-0.4730776314247625,2.6956587869642497,0.6469866346137795,0.2044952975266522
0.6379020297690692,0.28351999995728033,-0.4538025688152455,2.915717873859734,-0.5484123728436525,-0.4104538800939542
0.6151455125075516,0.34264019941980994,-0.3971426191199618,3.03776680704302,-0.24562836137381433,0.19207282465316655
0.6133922569113387,0.10350146497530331,-0.30876372942293673,2.814436062949931,0.046799868921347194,-0.3808134719513505
0.6688993982019618,0.09777018769302803,-0.26358480910939813,3.2423495094716044,0.011438294704203886,0.88117937436347
0.6454268058820001,-0.48765876198628694,-0.10434408502183444,2.420992960881796,-1.0838113816401609,-1.2424333488365071
0.6688560116608292,-0.22563000092136187,-0.2035652720028352,3.048030688811095,-0.42472194324412493,-0.33593366359924165
0.7192287217658329,-0.1647862991297076,-0.21078058691251939,2.8677520393343827,-0.034164726284155324,-0.2992322411675883
0.6805784107468336,-0.5670697815533492,-0.027736361446181808,2.886598607083898,-0.5489520413046917,-0.08313964729764732
0.6757379704874795,-0.6223861676843946,-0.06689598602887079,3.1170177734469466,-0.45098745842010407,-0.2290623473155157
0.37966863594423067,-1.0647009124744933,-0.20448346245746557,2.820633759931581,-0.8083275015635198,-0.5918274198136474
0.22792829352810812,-1.2465316264478399,-0.2799050923933317,2.1028722467066476,-0.1316448299076087,-1.0031866775117064
0.29369860918416857,-1.5796206921624962,-0.2515233291741847,2.4000747478392404,-1.0178125547252865,-1.0029012790690601
0.3190701080368162,-1.4349871478098355,-0.28106768304329843,2.210656641707609,-0.560504356372168,-1.0161394371969665
0.2719123877476882,-1.6498716777300677,-0.28834866286807137,2.347399241379012,-0.9865011057452752,-1.0233886424099383
0.3198946203535623,-1.5542424845740783,-0.3177456065226456,2.7255329021235233,-0.6949651618078594,-0.5612275518412154
0.2521835070181629,-1.7740774004898707,-0.18489183763968,2.258540072414005,-0.49208750739149104,-0.9758614740683308
0.5367741983407283,-1.5255206400751289,0.08970222569119055,2.4562092710410734,-0.10921259967929312,-0.6033378277374283
0.5990097046012921,-0.9330271570975576,-0.0015761498250787204,2.8092341557551888,1.08119817437282,1.0673259147097913
0.4260608341336826,-1.64118594700559,0.19781407203491994,1.970792882175005,0.013947486725808405,-1.0062795692065338
0.5423301797234144,-1.2891718126393472,0.060604538242217704,2.5975810338326935,0.6095162904079255,-0.12840077472711356
0.4529749067886395,-1.7208495413224576,0.15306665018123664,1.9855117823742074,0.024328114328319286,-1.0103641555515193
0.4369367673867072,-2.212443260177824,0.2576419508652641,2.4494023301963512,-0.5837053035959228,-0.3611332138723107
0.40115164779523277,-2.3996430247178187,0.26925343282803027,2.305849874971516,-0.7989281205087175,-0.9767312944865555
0.45518878605586566,-2.1574301238915328,0.20305211300034473,2.7701534601512865,-0.28674340291318856,0.09853106890391071
0.4690060858738119,-2.6497251271423887,0.28512792629526573,2.363258773763613,-0.8475316851091531,-0.9018939336668537
0.4115007207314387,-2.7195675930057197,0.26279229721065606,2.396914388829137,-0.8767983323744085,-0.8831293259443702
0.3649905682336816,-2.700744900170057,0.3151167930346414,2.229404404706053,-0.3700847143394816,-0.8510811520090072
0.45008542044445166,-2.396050164978551,0.2694628397038432,2.5136976015243686,-0.709590304366134,-0.2678811074093234
0.47817687795701525,-2.1806774584080224,0.1577045436024283,3.01407900592339,-0.3597054556064926,0.0017431556480637077
0.2904376252233575,-2.1405256524264358,0.13116180788307177,2.088047972583345,-0.07008663556076332,-0.8910385687967627
0.19290356337918899,-2.7136499587916796,0.01528861661478459,2.6509615656008125,-0.8051559296854043,-0.15464428737400693
0.28515398109187395,-2.5720940148050473,-0.024758970062049298,2.867983409903288,-0.633281461824466,0.48335143006606035
0.15073090465987618,-1.932107573940193,-0.19435807433022664,2.638797330069265,-0.2769984575942144,-0.407160084681682
0.0734816914104839,-1.8960404099300905,-0.2553409743715817,2.4254090078302295,-1.0376802499192501,-0.9301327577153453
0.23403326214072034,-1.6555886574161176,-0.2982670870128759,3.054781589286138,-0.3911894304175096,-0.06199581054442869
0.3294001039203866,-1.6731836211735944,-0.31896574429921787,2.3327459910578936,-1.1566072515797012,-1.0664440742356516
0.5115136391435096,-0.4257516833115565,-0.2931875689774575,2.9548785932988966,-0.24236992035551724,0.3204507276958216
0.7888581843901709,-0.46397738557480744,-0.01856184633057781,2.899097620599411,-0.43109858778890914,-0.3699244299553096
0.8385906538187865,0.03170775522587039,-0.03625675710668458,3.141090815644089,0.010317064281427308,0.8030094824118339
0.7710475923901903,-0.24377486047738758,0.008671616550637282,2.668802944015421,-0.5237357002481624,-0.24725331685858368
0.9163879056670939,-0.3273583344747462,0.047610028945732324,2.627125891940246,-0.46468346674067557,-0.25338087452425695
0.961527991143045,-0.18927750041303237,-0.07116692667428018,2.8244953366851484,-0.417157312131026,-0.4471537842738874
0.8951381272215542,-0.4327349572587932,-0.01023110469948235,2.823136627567124,-0.3646763215374915,-0.40827915061977416
0.9073084404692715,-0.15624631253677032,0.02182795556596036,2.0080404124748807,0.09871821054543853,-0.6990022187907118
0.9894872344668858,-0.411211104454196,0.03598565890652652,2.8440653774512414,-0.3577541697596131,-0.4276067305663158
1.000251913444334,-0.3621318678757724,0.03907725836626538,2.536925202770763,-0.6014150021160025,-0.08739873070099395
0.9876188465539623,-0.45460266653066966,0.0551372565553761,2.9167669469531083,-0.3640121938298751,-0.43626474830089346
0.9888435961798124,-0.29404421845624357,0.03805639658557904,2.71004524156984,0.06292195405199166,-0.41609534518603697
0.9368652849841891,-0.544934757475439,-0.041558363514930245,2.8492003321950263,-0.4157889079353837,-0.3796322602265867
0.9032006886280985,-0.8171511712512396,-0.04527827331741025,2.667987530400818,-0.859210242596858,-0.7378833358829779
0.6792047544893995,-0.9879061362720211,-0.2291672608580047,2.6751731636961154,-0.8736264831762429,-0.666209978940584
0.7876717231552552,-0.9915054091182273,-0.14679931827333212,2.4372103469347524,-1.2010492800108077,-1.148221983829581
0.6992815378616776,-0.8259509565479376,-0.29017201979858104,2.7067763803133813,-0.8198838333909922,-0.7317937158433265
0.7718599102247758,-0.3519540321931801,-0.3415344770024607,3.204999780981329,-0.037634883762479684,0.911416530552109
0.6945436525982892,-0.8327451955846413,-0.330451990505179,2.650070997290255,-0.7852558234878145,-0.7419780940800244
0.765353656123629,-0.7820795825359613,-0.38299220328418015,3.049964309663404,-0.5223246830042636,-0.2578570382820232
0.9269948849711666,0.16021706590480883,-0.1570974748957884,2.808704798643773,0.8975481411770553,0.849461863223869
0.9987659178825544,-0.46050662757990357,-0.10469854825339771,2.784237367777579,0.0007710825599770824,-0.3572160244789534
0.932505058457367,-0.5899530577387082,-0.09960944026767499,2.933180167929165,-0.42829588720607803,-0.3762683120278862
0.9404560512181142,-0.8133816130871677,-0.0026098133501857826,2.4451510205640354,-0.8623788191750854,-0.6267993306246816
1.0422039664594607,-0.4815236975877419,-0.09132750719704043,2.673774091717746,0.44078935574541384,-0.3079617613329994
0.9617872246776564,-1.1354018946867874,0.043971448983911685,2.382672159601611,-1.150439829972459,-1.1879353399921513
0.8633526871504084,-1.1238601411060694,0.08705585237557188,2.4726938436745414,-0.8869155423241252,-0.542111861557887
0.9012741154019955,-1.0296579073914751,-0.05917309728138039,2.653027261335594,-0.7947274700462174,-0.7474382741293489
0.8810672370669325,-0.9281273364496879,-0.050186590268772376,2.5550671819736412,-0.024874215894044174,-0.08989809127622625
0.8493154545983584,-1.2761930935179673,-0.008112984301113811,2.6080521283748825,-0.684963062941988,-0.7129144062820302
0.9120272820661964,-0.7328554704696649,-0.029167098200150007,2.891739707092359,0.2941879614697899,0.35321537111763107
0.9868463525142714,-0.24697896498272862,-0.07594364561428178,2.8424799969757863,0.9612321197580549,0.9385149993253351
0.9561381883048166,-0.7219834913065117,-0.0253686815547543,3.1381671329978063,0.08110337013843426,0.9529989781437962
0.9634207581777878,-0.5784439220030929,-0.11274349578304353,2.425827528305765,-0.2025113234336669,0.027744457335665183
0.7332195199444677,-0.7012873035112762,-1.3243970148901711,2.719419594742687,1.8392416203336233,1.5134736235271553
0.28707409504799125,-2.3435875797264063,-1.4053214525914164,2.3547939994344964,-0.7764175278795281,-1.017767727840645
0.19693116310605308,-2.2609957540741825,-1.5858175487804915,2.4122168716184826,-0.5530776094437598,-0.38508900386417555
0.1746253669774937,-2.4354800034131463,-1.5773662565025302,2.2665275780972007,-0.7638118560185115,-1.005068467590137
0.13922984975815889,-2.4184095814128668,-1.6752748680731542,2.217945286336137,-0.7102492411046171,-1.025504148830648
0.11093585073768013,-2.4456989743800555,-1.6034399708431104,2.2452281833816627,-0.7521723351721266,-1.0156282682344822
0.08460415017113605,-1.9246451346887612,-1.588289082437457,2.235253240392034,0.4396450440282752,-0.5557889854679079
0.19644006617918647,-2.329716321048182,-1.3873249352095929,2.1457599002533008,-0.7078422636859436,-1.0767279064687878
0.19994454772851894,-2.0545713667872225,-1.3126756771232313,2.865011788429333,-0.15178345164075166,-0.14406780596415622
0.1275562908493493,-1.6918895017658604,-1.23505993753561,2.4752809231474138,0.48456044179618185,0.0936977742247547
0.07215636334483587,-2.3649825381901555,-1.2277898758357337,2.3370518360759394,-0.8997588952781004,-0.9910560251895956
0.2533746274034499,-2.161629173371065,-1.178369266336422,2.3299684240997225,-0.9446982597713114,-1.0246304871918692
0.10091648076825284,-2.333013899674467,-1.1839989338030665,2.3259185726219855,-0.9092637399504455,-0.9776553137183598
0.29625936505113126,-1.9564577774443093,-1.1909199642102266,2.7072641963163924,-0.2569182818806359,0.0010281591261236585
0.21845898314095724,-2.267433265778747,-1.1463804746957222,2.3115635043623395,-0.8324581578184522,-1.0364478274989992
0.17687141799171247,-2.179076180569852,-1.2626014566114805,2.5838943813667514,-0.6931056006240073,-0.3762663721416123
-0.04857618719221319,-2.478619727032853,-1.3142798407700667,2.578189797141651,-1.0671952247570482,-0.8886115100216048
-0.0630099294664626,-2.639873931403099,-1.3658564117458807,2.5587490365916956,-1.0414197995184031,-0.8624169060659412
0.036055116708161694,-1.5498859733164243,-1.484052178453659,3.11576564106514,0.9076775422952782,1.2449949931287407
-0.032279998044410424,-2.509447983815114,-1.3205581477913282,2.576734404253843,-1.0846864820423996,-0.8757657731896729
-0.050770887162033325,-2.4812488357634868,-1.3513790641470378,2.5509963941327096,-1.043757146089548,-0.8930606853101031
-0.08405576774133625,-2.470917574455321,-1.3239172964004648,2.5153456979193107,-1.0564917134637022,-0.8899725052086938
-0.08359894326492473,-2.2859804409377604,-1.3846502871836974,2.2281934907722594,-0.18399961349979435,-0.8361254566109285
0.06323661661861978,-1.6795510796034228,-1.4249857945837645,2.7724470600545543,0.5535384292825138,0.7987818124849032
0.004799705319131113,-1.9940961300383933,-1.3767002657256677,2.6079456794169467,-0.1884539264292109,0.3321158905623247
0.24206892549476655,-1.8765684186755849,-1.2887162616104126,2.466523918395856,-0.03288087572400818,0.238143658420445
0.21003600265409034,-2.1998907860754,-1.1548318760475778,2.64391533627624,-0.5707515310237873,-0.5563310842279373
0.22733292517816228,-2.0360532002416907,-1.1485389527459176,2.769523023094023,-0.35749651443219493,0.04595238958018773
0.17485220944663993,-2.135187815671176,-1.3206213991185451,2.9558572510352916,-0.22486963058448903,-0.10488065339027594
0.1379244246907294,-2.0567002145248128,-1.3103262025418563,2.038949112904392,0.014648598975445282,-0.9905924327318437
0.18731298814977304,-2.2901357747373186,-1.3410163724511475,2.607346612468076,-0.5320369220402272,-0.5486471960534113
0.1301972997245102,-2.212875054322752,-1.4872965016362423,3.029618816427637,-0.26530277944525754,-0.05804259211593211
0.06140922035774271,-2.8106698618405006,-1.39785452777947,2.5321847355848774,-0.9749706222476596,-0.8449539885165055
0.10803764286878499,-2.6623443042758628,-1.4596989639114881,2.3856986396937025,-0.5280784764475981,-0.8353217384327761
0.0511628030641299,-2.611030463652873,-1.5200612546311656,2.5290041867689426,-0.999760586973511,-0.8912414928174508
0.10884352251545416,-2.6172537824720483,-1.442924392694183,2.6784817723104246,-0.7501167645788404,-0.2448555916354432
0.048872914307255655,-2.3469550415592746,-1.5037315648156544,2.587560762418107,-0.7641707236082524,-0.3003472203368386
0.020572398835712213,-2.491944585678956,-1.384707485643166,2.477433352456996,-1.004892648101261,-0.9066875909635042
0.045428365076410016,-2.4248666526973914,-1.2722322100991161,2.521142735118338,-1.0229925794546801,-0.9121539110848993
0.0690617338348918,-2.452222864319231,-1.355607157712143,2.5092371791423984,-0.9820661343404488,-0.9177732925065742
0.09862435828290127,-2.041881794802477,-1.2767706631507674,2.2343247028295132,-0.12025800140337764,-0.9014257480545838
0.007863997135963252,-2.43064872499232,-1.2855080570256503,2.4854314500635257,-1.0061232810990026,-0.9080024672781812
0.040013532794104995,-2.4241396971793083,-1.337749877630652,2.6338778259111884,-0.791002009825667,-0.2758893563903186
0.1716760131716436,-2.336239477860194,-1.1603722697758774,2.4390105553420893,-0.9144917015799172,-0.9820402755094463
0.26212978823380717,-1.915243367735653,-1.099975517427119,2.0360685940345826,0.039773136891939516,-1.0326933326074452
0.2797614467995945,-2.1326668896817678,-0.7845081864498353,2.325986657224956,-0.8835078890601034,-1.0749744624679158
0.5084929498426122,-1.3351033868173416,-0.775378053128351,3.2284258928473633,0.11917707582932993,1.0263948929979554
0.7463926960194566,-1.6175144047822387,-0.8091960665862108,2.1289235584995834,0.0793247120091416,-0.597849676817042
0.5929992501399154,-2.086156612399585,-0.9484188010707524,1.9990878934741603,-0.5629663938094809,-1.2333078489361695
0.41784486031931267,-1.8295527398835494,-1.1130548509217493,2.335241964428598,0.08105868221496967,-0.6739252080387981
0.3444635510404486,-1.9308508163226983,-1.161221287376562,2.854232341638626,-0.10038630443425908,-0.1895033941355985
0.2947383713789893,-2.215230454875224,-1.0223748960186536,2.2222996587473496,-0.7816613797642226,-1.0778305433999487
0.29120785234204627,-2.1852114895697348,-1.0344240029736413,2.1947469580165753,-0.7690215702734728,-1.0847810130166469
0.3155238782766325,-2.1908385143570728,-1.1173042600043976,2.174644694891908,-0.7183026629759751,-1.0998881963235778
0.38142707714978175,-1.9573543522619878,-1.0559578758567791,2.03561302288489,-0.2628479458395789,-1.1147957279911362
0.3314683291217924,-1.862086952708839,-1.159770259249668,2.6079653079716714,-0.18055765953854588,-0.03820030683345989
0.3028489239157226,-1.952899134163999,-1.0978521908307564,2.0286474893225246,-0.28630351019373823,-1.0935820949432267
0.3089057876418228,-1.6695876673356889,-1.1138756968184127,2.6892898273991794,0.33992847363402584,-0.19214044454960394
0.337717690409148,-2.079945519021316,-1.0143191506990732,2.2717841867708044,-0.7560955374981434,-1.0755061241848547
0.4179570684711208,-2.014601773409338,-0.8945107708026581,2.326198941453059,-0.7771888093741752,-1.080629499281033
0.6092000538698217,-1.8744791270751808,-0.8947011415417894,2.103870135271081,-0.7270882530434717,-1.200684215140689
0.794759045473378,-1.4336743277115798,-0.9243282625402733,2.353804030342265,-0.38870048425572984,-0.851763632118413
0.8379059243023441,-1.280116530644838,-0.8984344555726009,2.8535966682528042,0.24429997475427426,0.26966404652666875
0.7158255872918596,-1.4438519588469942,-0.886300581406527,2.5777355290473745,0.5386274740129552,-0.3175198899448129
0.9180914704361697,-0.678372643039203,-1.0022713432565264,2.851853004506847,0.832144307417234,0.8436091822599703
0.658815127213046,-1.2161457834313756,-1.0661538054190876,2.341844175543393,0.9121515967887942,-0.342060902071574
0.7511279239041738,-1.5139834324187993,-1.004354127634989,2.7774092266189623,0.012993660535237334,-0.3215979964168642
0.6523783660719736,-1.376419241385604,-1.009097933230912,2.5213680042691426,0.18425781729746588,-0.049252411196245495
0.1469269480360976,-2.2861094974192953,-1.2301067540233543,2.3489672760996068,-0.8842191460818594,-1.0027067879031395
0.21618213491980465,-2.403392767576062,-1.3188473509844392,2.4592809050183666,-0.932076255026103,-0.9932307733977751
0.2903265463403667,-1.9351333856715698,-1.0711239009668352,2.2188625042742536,-0.07554879309471182,-1.0081618120800488
0.4384033268047978,-1.612184331766085,-1.0700485225840297,2.4809744043859023,0.22669975588352648,-0.5910180833523857
0.5082111655341562,-1.740451060817764,-1.0314793819595767,2.798150610413582,0.27912915314048753,-0.2098298945358993
0.7932957376977432,-1.5891491127459372,-1.0918887186102875,2.60877438229213,0.2572403654952418,0.37694896745183737
0.9679312794135111,-1.7104810317174397,-1.1160425154085996,2.0998443612886737,-0.23381018489196378,-0.7674990756424193
0.5064790693578075,-2.2409956926575156,-1.305479401085855,2.295207366579872,-0.6432063629987989,-1.150617522846644
0.791237742323511,-1.5978857619483562,-1.2048415570358981,2.8982118772717573,-0.10985439181738077,-0.34421573302576375
0.8752461185629644,-1.5376535546350827,-1.133644012332469,2.3373917298181905,0.07954765235204354,-0.8280735064062359
0.6911575310576229,-2.0156085082216713,-0.803463215781314,2.1615621087832406,-0.603302128587095,-1.2523652000657515
1.4446305667209165,-1.1539394657784046,-0.9400271933339901,2.532515631695467,0.21424676381069493,-0.6404916865884593
1.3147109261114998,-1.275350791920872,-0.8421109816413833,1.9007700494841069,-0.5261362327321307,-1.5046051393665907
1.2891820072992923,-1.1253040307916131,-0.8195014969599499,2.2226781794707358,-0.22369163631058206,-1.0585556033372774
1.1850826409203388,-1.1171007204684156,-0.8514708530612709,1.6364655079764867,0.3929655141755479,-1.4648597078287453
1.076219626961598,-1.1018899944001432,-1.0949520016553262,2.6193567794712767,0.7217470978030045,0.16624830494999074
0.5987109788342555,-1.1655956688857054,-1.4736946447406682,3.0129962109812882,0.668754659397984,0.986262631565588
0.36921646631675814,-2.0653532430941537,-1.394746666775116,2.464136436905995,-1.0220066912247532,-1.0554717136972127
0.4131234991833612,-1.2657330812127137,-1.535454944330088,2.879355226479965,0.7514988379509733,0.4615215393693848
0.3625055365606463,-1.9568680956247402,-1.558636565236996,2.4329896126573995,-1.0536637746814927,-1.0807089337955678
0.3366494775790139,-1.796511446392,-1.4897919569853046,3.050494495394756,-0.3522148266949586,-0.15239719070866925
0.40646041985098813,-1.591296520945519,-1.5657480160408423,2.3809516209970627,-0.4009607818857799,-0.46187761225169616
0.25977210839868525,-1.8097846323395321,-1.4547635270905734,2.509306184844208,-1.1637003717035788,-1.049844376105022
0.29293334298091034,-1.8183460364523585,-1.4607696805877568,2.477077954649537,-1.1540884225152275,-1.0599382835395064
0.37232746277561407,-1.7109468770989273,-1.384997045439429,2.685882145396908,-0.5968353050401727,0.17055742424175505
0.5487228205736447,-1.6389525285869961,-1.1696390676315755,2.3764904842885666,-1.0293323968791022,-1.1698547399598314
0.5994439838592371,-1.646252720412792,-1.2559170720282382,2.392249375278561,-0.9987493665223753,-1.1787169958806045
0.5914150320222219,-0.7886297282379717,-1.354416215848126,2.896181981810684,0.31880266123318624,0.2837177197442376
0.5699477738904037,-1.1539579400179312,-1.3293709523267556,2.7518363048385326,-0.445981303959828,-0.15322275537006572
0.5914424253670006,-0.9945630066141485,-1.3922317523031642,2.747135759796646,0.20663671090078375,0.5185396093636907
0.5315761491942091,-1.0517708539951063,-1.4389869901705084,2.684592493409302,0.5312201612791994,-0.24427071344277926
0.32347491355588265,-1.3151003910589323,-1.5843802888143528,2.4392040175839096,0.10398279254821928,-0.6198447281544299
0.28940322554387227,-1.537810344573047,-1.639346191948192,3.030313741135464,-0.4876954679919419,-0.14856516525699362
0.27461209871063325,-1.8152893965185526,-1.4853461163463118,2.780762429725415,-0.7375669123184749,-0.5921790138947783
0.352575370766236,-1.6521097050476048,-1.5654929010605974,2.542959433968034,-0.8976368727602444,-0.46360793523038896
0.1614206289815425,-1.7767354774652646,-1.6072168587192568,2.2145653401339596,-0.5618955371921021,-1.043356134731895
0.09794753968119997,-1.6670621527620637,-1.6888334795985975,2.971274074631715,-0.36991122727141945,-0.11429437251473329
0.10924333113179056,-1.5703779438454952,-1.6459096616719922,2.4909824143780166,-0.21514889023990744,-0.5687497589898601
0.2506271746712133,-1.5222345856270993,-1.6635176768360787,2.744522797900765,-0.7135468146423759,-0.5698433062347498
0.31896090655414133,-1.1257539512395303,-1.5230508031500485,3.014173402442118,0.3236774357453736,0.5031816336823094
0.26999126755363384,-1.4242941625347518,-1.4311668770500303,2.8808224887577354,-0.4770798661966153,0.07003672585517864
0.3478963549051116,-0.9285464564029521,-1.6896780646104357,2.97627766550535,0.32140494516200674,0.44977643229966124
0.15279973403056835,-1.4602450204728485,-1.6198611794811775,2.909871890568837,-0.29689769202176924,-0.15952954021754562
0.45281409581596455,-1.0268583359184171,-1.5180922531273144,3.0235657413682717,-0.07830606712336483,0.38992449499539256
0.5084885693640232,-0.22263368358586993,-1.3585269807943359,2.8233690432093983,1.0032996049424132,0.9407815127249723
0.4206551591242248,-0.8973700224520136,-1.3513786311743075,2.7174669052258182,-0.4051603040769572,-0.12631654541751713
0.508386619726915,-0.4274843880516951,-1.4447554168789378,2.7509560195006952,0.8126800103957024,0.32648555799505713
0.4957658804527886,-0.38138531880024246,-1.3298392833914008,2.7327600759366475,0.7970466976374109,0.3186252311668952
0.43400606371500833,-0.6667501632143804,-1.4690957498909687,3.1736749851697597,0.07399104838021457,0.9801398544233766
0.3232482204345218,-1.6227819008638937,-1.309651012651307,2.4581033152109226,-1.0155105688794857,-1.0313035213721302
0.372644305218789,-1.2410456312371705,-1.5441990794713771,3.041203236655037,-0.3771484760380715,-0.17727980596612372
0.20968793473093333,-0.8693028689492505,-1.6605801563218596,3.173440545837434,-0.03992465231044628,1.045487038759856
0.3496440229490671,-1.3851629585479868,-1.4819371948179496,3.154498493263108,-0.5185059514843107,-0.09049027703880283
0.24103876296358862,-1.631535739405405,-1.394339573359149,2.390054961119787,-0.6758435622801026,-0.945681756015055
0.2525952368368554,-1.6252478138764215,-1.3541011120512008,2.8540472429783135,-0.7820382400536141,-0.5200160058798753
0.21449223123792752,-1.2534557064988414,-1.6434264798489275,3.138209946781239,-0.26310798024799725,0.4835639870810816
0.2500569975781706,-1.5104819491089012,-1.4239932430794557,2.474611592855916,-1.0858687361306454,-1.0454122464749958
0.1102263964156401,-1.5905308053910823,-1.4798236518182626,2.3952024627120467,-1.1192421529749528,-1.0439941682172476
0.2133299927473994,-1.769766025797402,-1.4159963439314494,2.5325012946183327,-1.0431050412513458,-0.9938059681015313
0.09368530392570647,-1.8621883321327533,-1.4241924220727016,2.422599558168514,-1.1000696811785895,-0.9937162392841429
0.20443399110533936,-1.745638965018081,-1.5190444598616248,2.445519260112667,-1.1338038180024637,-1.0288274356229408
0.09418281059667284,-1.5926250282892194,-1.541779119447553,2.5583595967022967,-0.29753647356100044,-0.5528034260785133
0.24702225476866074,-1.5262082955940723,-1.3740919835351453,2.383247938634276,-1.0783878300033958,-1.0591989931796344
0.3896575492746857,-1.317724067569333,-1.2873316457499735,2.302126232464866,-1.0283122448759443,-1.1451015162186373
0.48905738421668465,-1.1507905132054368,-1.2658994116156363,2.9529935513362653,-0.36076941464689327,-0.22748888102468875
0.4978206957686663,-1.083441313928543,-1.1461336160235716,2.6546149617579213,0.02564109541484251,-0.035125833519768467
0.4100208336727621,-1.3642570609780253,-1.2884005866441053,2.160156344647394,-0.5893506014428818,-1.1139826325879303
0.619865771186535,-0.874378694326968,-1.3468039293573255,2.9390968759768152,0.3132225828939853,0.3891219424560294
0.38698673214929147,-1.615289302703451,-1.3678703461085802,2.324457153295365,-0.6075867032788814,-0.992946147836887
0.21971689308542303,-1.6047662692841849,-1.4470507701309923,2.1186198066111546,-0.1427996420409038,-0.981798622880523
0.3114167071333243,-1.5684192430179142,-1.4870205986189224,3.0929317658462163,-0.39296929463769703,-0.08509738484588458
0.2408091011407656,-1.436766794668337,-1.593227539934461,3.123599290429612,-0.15484585310917426,0.48992965781435777
0.2103092975313935,-1.838140579221021,-1.3618279961411413,2.444737150597128,-1.066729844580801,-1.0171123949953986
0.1850293183916265,-1.9741745050176285,-1.3626415056118915,2.4382659031219265,-1.057392284076419,-0.9925969538117437
0.056525609182025705,-1.7634439539404474,-1.553011768740143,2.6574101212392356,-0.7244051059170195,-0.5540970142200888
0.2097220566062141,-1.0665780720495242,-1.6462778138530776,2.646784013654563,0.4847630865688747,-0.16611234835315117
0.14300906541886801,-0.8748426171155705,-1.5349290079716362,2.5868779907425035,0.6335633913482916,0.634524711637722
0.27268674377091,-0.930498007264733,-1.6107338079323226,2.973470295079019,-0.32023328703628534,0.6062822067329247
0.39677952707987296,-0.658846943971611,-1.5830438305966794,3.0213359028719613,0.8761565392018889,1.1142312012755933
0.08106480134722914,-1.7959474485230154,-1.429883108093682,2.364238980390539,-1.0602663624062938,-1.0090108952426329
0.13455270927804266,-1.8332588373180319,-1.4684848204330712,2.39507680267824,-1.023907312348803,-1.0382490713418953
0.37084220806340357,-1.6814846272317163,-1.4121966880430308,2.795713467679398,-0.7021204121708878,-0.5576854893767416
0.3107923258486596,-1.808091608047653,-1.224757816213725,2.377452634406185,-1.0034075427778169,-1.0649126935494155
0.36844223975301854,-1.4815158994898614,-1.246794170743181,2.9264499042661503,-0.3267514011549965,-0.20403158318905598
0.38576823423638745,-1.7478847892319593,-1.057563699282061,2.2095834921918613,-0.5141385153934673,-1.0576501954603108
0.4119400837399717,-1.8185980867282139,-1.2453931530163038,2.1438971096076638,-0.5386564369591392,-1.0493755128653988
0.3124160906862914,-2.232848493877023,-1.0275090224121903,2.3508400564967182,-0.877204576063078,-1.0434486914512655
0.2614495855984675,-2.1393281039877774,-1.1702867269713841,2.6083815547154714,-0.7530902225499014,-0.34794714648604186
0.18731503870999922,-2.235251302760762,-1.265352618355856,2.714009320860704,-0.8034068761031187,-0.320535761972036
0.1054000484177801,-2.4222788941331674,-1.2256434062163657,2.5481879824266978,-1.029887901181745,-0.917804793198264
0.05468696617068494,-2.4227790267387803,-1.2722262104924866,2.5074814144000905,-1.0234760415777346,-0.910458959839116
0.1229796646739391,-2.433113650350788,-1.2627492171967492,2.5412022236131167,-1.0067498570192033,-0.9288224588600463
0.08849116824873242,-2.0986473244685087,-1.3450327037724288,2.231805698954406,-0.11834278507504745,-0.9151826685372455
0.06554323743954492,-2.4234304026390094,-1.2422292361303369,2.4954922092947602,-1.0256929385373392,-0.92193823335407
0.02120421018266569,-2.438967048636386,-1.2761192971354605,2.459390967592497,-1.0286338905305328,-0.9172789381117021
0.024891966456002057,-2.286968843220889,-1.3459081291850272,2.603400598523572,-0.8213425498920695,-0.2923018345160572
0.049937862183656145,-2.273165704718133,-1.3318911838695837,2.5030490318031986,-1.1040773585734116,-0.9211729821025071
0.1057621076174227,-2.1981603523941753,-1.3336942727541088,2.256381729004946,-0.5071533781268408,-0.9440406169286283
0.11378084440395202,-2.1231054034163086,-1.4186956556593455,2.975278989712267,-0.2573088564153639,-0.0803065934615108
0.1358083522071176,-2.197071204907738,-1.3145399991804012,2.7268436580875526,-0.5833686173336194,-0.5298593681112596
0.043934170031519115,-2.127977980813119,-1.3878429501052103,2.260084944508132,-0.44842914050737465,-0.9685341161498319
0.3294293947379957,-1.544174314510603,-1.2666635816337837,2.6015600697685195,-0.5787975188059024,-0.6897453908884272
0.48293853992073704,-1.5277471050981772,-1.249826261560728,2.273627293275256,-0.9328579374099466,-1.1888065031795692
0.44037616970105753,-1.5790451165679193,-1.348036598579585,2.2759029525820322,-0.9386111284943951,-1.1614526992394574
0.4542477697592343,-1.2087942164291914,-1.2695307975474688,2.9775678088374833,0.010740615545560505,0.3400489116377189
0.3599834390033431,-1.6195484162017812,-1.1083143989409572,2.315271073307643,-0.9409543256054671,-1.1225932535268006
0.2924633311709347,-1.454851512051271,-1.35466821007684,2.4984335071135506,-0.2283885922724875,-0.6194055207263386
0.16887484017631452,-1.6365379882752318,-1.3827607888830205,2.5727120129474463,-0.8549098646354693,-0.41857017905655475
0.14381648192979232,-1.8265024592946406,-1.4300768359901437,2.415731366768206,-1.0420128079788067,-1.0284219955429585
0.23789710795598573,-1.4188096376345942,-1.4733892364198595,2.8635814880571155,0.040571375043577766,-0.11867028795550091
0.11736152780100258,-1.5146807272869998,-1.4892746881560124,2.5213460901240867,-0.271931662046723,-0.5733935582455706
0.14206045620098703,-1.357456417448905,-1.618729085627558,2.617517461943947,-0.027453817425439547,0.037281621001966074
0.3653206717304087,-1.1638730911102346,-1.7472868759048907,2.622689409408662,-0.33510941056482446,-0.12898186832746023
0.4775902970033768,-1.5982652410564901,-1.8885995651825354,2.0723171633755992,-0.7412382465289504,-1.2298138152867781
0.32964353167252386,-1.590429859146817,-1.6585269065287618,2.2770716041000996,0.10626277620822232,-0.7073768525181677
0.386925451323087,-1.4989647014084886,-1.6221304063408728,2.696582255798568,0.09649585344367541,0.5422161480668574
0.23336839703603857,-1.7589287325630736,-1.5548972412181654,2.8495931803348244,-0.03201107547423414,-0.19584424096394978
0.3725269737792679,-1.4496549447676854,-1.6246694457396698,1.8244792104289533,0.12013752469878897,-1.1332743028067245
0.29803252419662973,-1.774067556941212,-1.5885507450783483,2.7858809822988735,0.024211115618400503,-0.2279242415373591
0.3957082196698203,-1.6809159466541255,-1.7032980222638354,2.4055945389364735,-0.40029941971522065,-0.7130849549952436
0.6837948390410997,-0.8825477979887609,-1.7104516443070152,2.6268243498456165,0.9947614425897985,0.8331171540079104
0.4800197993690398,-1.4336058410551,-1.629333416815247,2.265716229129105,-0.2809782813602044,-0.8577285387279798
0.6564687706142228,-0.93979632738146,-1.7066870569736754,2.449978723186784,0.44279456576281745,-0.4355376508758346
0.6669421738902634,-0.8040404543359168,-1.6300168489080724,2.3147266208275035,0.9696553082010203,-0.39910050915642853
0.7639298303990244,-0.8895311581110437,-1.7415142826913252,2.727778674843635,0.27197088412822934,0.15663588254576333
0.7210434394849901,-0.37539586737147745,-1.8570953185979602,2.5041192404034045,1.3551360356418782,0.7946997462781685
0.49475665982388506,-1.2715589247741685,-1.84774552793175,2.7725479342712456,0.2608250520601402,0.28657602037866403
0.4854468269691154,-0.8645867911732618,-2.042924316699911,2.3891593431313867,0.8623031624842845,-0.35707712166435623
0.4423071994210751,-1.2123516863357515,-1.7849961521315991,2.4521151470226483,0.3033710787010537,-0.09031169277405957
0.4779768125577143,-1.0168056356763544,-1.7895602908456258,3.013451262228872,0.40395252071202153,0.9587501382333838
0.3689810429177041,-0.9611553950869878,-1.8735547757177062,2.805161232991284,0.084042848396777,0.29161354275126045
0.44645558875794905,-1.1205833053855287,-1.8077817897099735,2.7525912732412965,-0.14138548531560213,-0.32139898498056324
0.48819043296245496,-1.1815851893625848,-1.6714129332931809,2.4867547066840148,-0.489441910628713,-0.7539493785978958
0.5537658415534523,-0.8212407353786595,-1.70253879050301,2.978102359698244,0.0703288020462393,0.2879940701478499
0.49844997171987426,-0.8911746946380609,-1.842938628411164,2.9203468534453485,0.11574558788281936,0.28426374045817115
0.5588799590767475,-0.9040373431699412,-1.649587496189495,2.8459871019966156,-0.16612780982532496,-0.35595252886907225
0.5597148254798142,-0.8239092316893065,-1.3967910718810999,2.61210712740501,-0.6587054489529451,-0.783984284115163
0.5073415339033498,-0.7128542547781531,-1.300901203863357,2.5697678234791455,-0.6735167626547008,-0.8008709023389674
0.45188264031601894,-0.6454748276152451,-1.3239219703092178,2.94792770136769,-0.08846910078593384,0.2665447984057845
0.5544119993478831,-0.4385758330099981,-1.400036639669866,3.1009622547842404,0.1686843096030662,0.8822705878531198
0.4950922507659206,-0.6846054821548984,-1.3113561794651096,2.5564774000387698,-0.6377804763932405,-0.8075686388599125
0.6504236235090309,-0.27335269317063343,-1.3911183532828295,3.1031229531305358,0.12037736971807647,0.8616760436135446
0.446602749393137,-0.6110704042185298,-1.570160253007578,2.8392909268226516,-0.4345177975382224,-0.3376906026092258
0.2517679790449281,-0.8333694645047732,-1.6011936498012604,2.895196126740062,-0.45672564413448474,-0.27598338349795554
0.236841802168703,-1.008292632513173,-1.5740671360228993,2.4539929585101987,-1.1353341404205128,-1.1183855357486456
0.3764717274718579,-0.49388454273356247,-1.7093200380249889,3.1641333295781537,-0.33632445920443843,0.3796682774747559
0.31043851378522336,-0.6620390681249143,-1.693741749543454,3.0815426190910484,-0.5502785980847028,-0.2283841800108412
0.18060895266181046,-0.7630383738688298,-1.8261152516438437,2.98342726653896,-0.537626175078041,-0.24988125279231518
0.19759690359695226,-0.7908430023510238,-1.647450028460149,2.556976520261111,-0.9978283785736898,-0.5314879574864334
0.28781576634960704,-0.6139112118482717,-1.6464078366006043,3.0106599114640793,-0.033709898538602366,-0.2149638134486492
0.2353446672939971,-0.6891556949806875,-1.7083781681800594,3.053021314786979,-0.5533579820369164,-0.24048958051400307
0.38547578119167536,0.07029382703604081,-1.719522422903832,3.03273500527296,0.758395107688201,1.0073846490712157
0.2767656592601648,-0.5002041968759533,-1.6366811923674283,2.5630497133135393,-0.2454154792367231,0.10315290506491463
0.3870669543906294,-0.1616917605998352,-1.6948924027239722,3.2378758250852853,-0.04833537824445938,0.9445146986001469
0.42679647756217265,0.19241343414971004,-1.5744966177579849,2.7414806728259045,0.2683206954701647,0.1850824688562543
0.4671069825746733,-0.05342910273320322,-1.5406184300585593,3.074759131057303,0.05219125080480668,0.8626757224166834
0.6034503605361539,-0.04195777553148579,-1.682310406581954,2.828590513689238,0.27971055488362917,0.7512798735317511
0.5538243658019955,-0.5109605854205228,-1.7073959179021612,2.1984646288559273,-0.38331178667145477,-0.9617464251604545
0.5405032170492132,0.15196360585592045,-1.8118159800965585,2.2572347831884763,0.47005011367397737,0.2459963846883525
0.49190830009956976,0.23612817035122347,-1.9407098205933389,2.3681367926557617,1.0032267435328708,0.11572075658017655
0.3286807437132215,-0.2185256032140604,-2.11752999165087,2.7863427505263405,0.015675460158196954,0.20320188433162775
0.5408177838461006,0.3865624377943696,-2.057660467539313,2.5333600729468952,1.1745781302469869,0.7590117708773879
0.43313911619270146,0.3458434630919355,-2.0707919209724435,2.637562591905741,0.7011268399694524,0.7507116648968082
0.42063359604905554,-0.11565386477936812,-1.9947604115547097,2.7187786727062853,0.04608247023973958,0.15524735982203464
0.4005440588399293,0.1299588556781242,-2.2090429881067264,2.688749049774909,0.7052700230270215,0.8094386493045826
0.41543280881699424,-0.5088754936852043,-1.9256139932198824,2.4707497509859007,-0.3385316247247091,-0.2051586829274512
0.37214072947068383,-0.15609158775382959,-2.059522521302238,2.8421317322796074,0.23260894041213304,0.8534445091241193
0.40742200964395225,-0.2790585726573215,-2.0250210244416187,2.7011402394873154,0.05484695916950088,0.22197684114294322
0.39226904921675415,-0.08204716562724229,-2.030875513574645,2.5346355336483994,-0.07786499796261487,0.3595746041865175
0.3945757526418158,0.09554450421955897,-2.0093589865886887,2.713070191815704,0.6704197766955214,0.8533285715542478
0.28772734881680306,0.1858850542340057,-1.8190492784662644,2.8408312868948955,0.49247277709245185,0.8860000716498295
0.46121655611319845,0.284823437970441,-1.8441297560261503,2.777484992752317,-0.2269981990890182,0.15315768049887846
0.5554226577801954,0.8175072286240922,-1.8805237106218846,2.608036926170661,0.8852631612315567,0.7613207177626304
0.41430957742483954,0.2995383641303792,-1.8245603931408412,2.5465995547483242,-0.011825965169587725,-0.4398071377123977
0.4776514551588019,0.8369686970035286,-1.8687090227121466,2.6104518702394097,0.8713835453872609,0.7624511651044756
0.3804670923820648,0.22495534756654845,-1.7577741527289017,2.311930619884187,-0.7063595114548721,-0.10968719780112247
0.5180197100802258,0.6685864355051634,-1.7077138825652785,2.7691911022291174,0.3630504295663819,0.7794617590426627
0.5499852679104229,-0.42803753124092525,-1.4552719540707848,3.1311907983226455,-0.17488662716141823,0.10096993949038426
0.4040522481404568,-0.6456076111244995,-1.6003201679173844,3.0067628509292743,-0.5480659985416293,-0.2087271753111929
0.44685076525728834,-0.7473209954075422,-1.4729123767567558,2.7154926774809196,-0.8744891687005192,-0.6834173541009033
0.4085934531651335,-0.5490865623184864,-1.5145712379844845,2.9725487030537043,-0.5341473626888571,-0.24939738946914014
0.4358325769595081,-0.5184251225135951,-1.5031330622838595,2.93090762827336,-0.5186996164692,-0.2584977865596503
0.35226508848043564,-0.7156365039555418,-1.4620593194534497,2.25716177937495,-1.1871307167528957,-1.2393506234630007
0.44058865455258195,-0.534204201447436,-1.4691299678791019,2.8983238916912835,-0.5034179219146858,-0.3316814739728421
0.4295213609231708,-0.4208146201506482,-1.4965599863802506,2.9363652612764763,-0.5331615486385818,-0.35765878526318057
0.4246837307330048,-0.2677508640384041,-1.5582508370550128,3.0054800577574707,-0.3112617406990121,0.25620042020722067
0.3399835963552294,-0.3325137010387563,-1.642622177373027,2.825508628233172,-0.5187369848620235,-0.3802165171838568
0.3484984309644168,0.09738525152145534,-1.5663825344283773,2.697383391825161,-0.013215082874771278,0.407328962308859
0.41556028748931334,-0.13667172071788386,-1.6292718494435479,2.621260980339075,-1.0089198906268022,-0.8616694966469806
0.6947784619431004,0.35330766354909415,-1.5653270937350694,2.8176164711878173,-0.6477396247221292,-0.5291106353692628
0.7337921729633784,0.6084716631610122,-1.5668444795147682,2.462187317210385,-0.2628298320811729,-0.3908544740679878
0.7073583878052605,0.34734526752615125,-1.672536741612726,2.785238357043825,-0.5869171787442308,-0.5427011402451306
0.716004286362309,0.5458982364611501,-1.662112104959139,2.9029275121683895,-0.3791608541709057,0.0693939526284916
0.7080858892292472,0.1534026120930446,-1.7060030332260119,2.781135820287246,-0.5684130756042608,-0.5069745137414814
0.7455716133982297,0.30476186664206784,-1.8091759621070227,2.615295303371746,-0.10364301553927477,-0.5071034394401849
0.5921078605057943,-0.04057940178492607,-1.9852666908278094,2.861312537534691,-0.6595848055191309,-0.43397197608602917
0.6024064258045043,0.017599017316348345,-1.9542073645019211,2.874466054357548,-0.6711366634587903,-0.42668763104689234
0.4514429610254042,0.6029637247364409,-2.0133859987697185,2.7672619749394753,0.7048747551216481,0.8587434653909691
0.3335554242524271,0.38495564058375226,-2.0568815815168375,2.9147083356523105,0.24091522984409822,0.8789202218786136
0.28470068933071924,0.2860847374130762,-1.9445313946412885,2.6309704426630183,0.5564834069945614,0.27139395564205687
0.3597890081107637,0.40373339462774355,-2.0350907478724745,2.6481949007987313,0.4979825010718793,0.24578721323157987
0.5787316375376953,0.7009950470502923,-2.024600370247872,2.8222266007145853,0.619477547045153,0.8182710220585667
0.4961467277437304,0.6640558457931877,-2.1306768932068416,2.8060330295043476,0.6102524934761577,0.8529185778302832
0.5136696928639816,0.5978744804410254,-2.024890817738029,2.9656172726545322,0.18908832901858044,0.8112847769595999
0.48977759013562366,0.1367197999843878,-1.987120068384456,2.9174193369454,-0.7137066993419214,-0.4374120336390515
0.5584958696389017,0.13103723517084429,-2.0203583266061123,2.7992605048215338,-0.2447791601175564,-0.4091395981373713
0.5257731149290052,0.6800093903116918,-2.0516315251796016,2.9869393836197022,0.19039775389978988,0.7726469707831473
0.46300475088490406,0.03975146562751265,-1.9827541232150743,2.9213392628941186,-0.6778053331895385,-0.41990046994756375
0.6845596182933843,0.5635700638856429,-1.7871709631635244,2.285216402169382,-0.3535266995171815,-0.2045310766406272
0.6442748244805908,0.5173294325655621,-1.8067056606585057,2.854485114110692,-0.3522760687550262,0.08749125978128384
0.5680472964368334,0.34721271473384097,-1.84807667068605,2.816314235242451,-0.3420437908052782,0.12369793974731363
0.7081399452079911,0.3220745377108903,-1.771624184319451,2.7578521203939546,-0.5532908481272978,-0.5484392866193427
0.6982578010116193,0.47333206813124024,-1.8180530177699374,2.623808514506714,-0.11971952480775462,-0.5396573596970318
0.6546698999034429,0.31353918019067745,-1.7535062378599269,2.823982884627134,-0.6130022613987081,-0.5241745626816436
0.5520601692443871,0.3308864890836559,-1.9877136032501845,3.1530419252947417,-0.2830727199588765,0.8173173249477055
0.5182010101391972,0.2677007135820709,-2.1406812804052944,3.071368172096497,-0.4761754627492058,0.17127514626403884
0.5877162482736192,0.3383332888159717,-2.206155772019843,3.1556844225857454,-0.2471635705622808,0.7578027469593895
0.6010375833806505,0.3449470758419314,-2.227782355605635,3.167323908748103,-0.258524731344484,0.8019351734356281
0.6273097588006751,0.7386533584121122,-2.1766846669296283,2.8276911808251084,0.6491889311717576,0.7763467462456884
0.4797277779314964,0.6648412255177613,-2.23969013582485,2.9498159292532704,0.22537667264369224,0.7855273463906908
0.5843110096412192,0.3208147406213917,-2.149640180837728,2.7572031854949457,-0.18488915147154092,-0.4709539218959728
0.5046243431507204,-0.018560108580464016,-2.2713027446077394,2.9310587184180927,-0.6662830516897056,-0.41442946734662933
0.5025682725142397,0.11357258996778131,-2.278264141917767,3.044896113170182,-0.48284644629057366,0.18608732083650767
0.5097674581589604,0.23562950191879906,-2.244358628249146,2.773797700931847,-0.21090359581830162,-0.43750377431189746
0.6090735781492965,0.0051096222062134294,-2.192227030287379,2.967158901713673,-0.670280358407003,-0.43362455299288044
0.5422041502164385,0.5123009326605539,-2.301600408470625,2.9581845567791194,0.20400784855964252,0.7867687190477624
0.5018531037767037,0.3565836090496793,-2.3149532322978663,2.8996337602774274,-0.714454514987815,-0.49400075347497496
0.5775364979320725,0.4797223255401367,-2.178095165476418,2.757509466693098,-0.6062804834996265,-0.5797021487776169
0.6412456707520289,1.038989560487306,-2.1639753436017326,2.8166012455181897,0.27254723566471756,0.6316443510589821
0.6071234714649246,0.22811361256719814,-2.0684346694061877,2.4213640376989183,-0.89993631233894,-1.029132604531942
0.62952736098991,1.0168612591295647,-2.199003102863603,2.8064743347602823,0.2890090063954604,0.6130279255601561
0.6635541842631014,1.0567429251037204,-2.186549650419926,2.7903581978922305,0.30313197256194574,0.606285569599544
0.6365288913564027,1.0408124466607729,-2.183235289827625,2.88545384567906,0.2410185291565696,0.6528427135038956
0.48739175747342606,0.6281485056984215,-2.3031299672514502,3.124014838480105,-0.2539423576778039,0.7426086553861652
0.483079087981443,0.9410661443000742,-2.3823179481593657,2.9604940881396806,0.1814899894147258,0.7084357385606527
0.4725766442649114,0.7998810691247412,-2.300825570347977,3.1138574604095135,-0.28697539097992175,0.714580094284169
0.43021118997240904,0.7583215273520755,-2.420631255612617,2.972247650996163,0.24088648386457814,0.7372651147843224
0.5200232917022707,0.786096169022882,-2.3234837096378884,2.76986125207147,0.7076517353518026,0.760303407584132
0.5662105893953213,0.44389131329972054,-2.237272806089352,3.1384463640713682,-0.19439421172499202,0.7520726283824565
0.5220649019738257,0.6212095400991741,-2.2740869735873543,2.9735694591912267,0.23573280711535263,0.7740369527967822
0.5298904736342288,0.7682967107197272,-2.392280342273023,2.803832077957009,0.7168228284424358,0.7688022514632696
0.48132924917952696,0.4320707714375234,-2.3819540559275443,3.1136321199167414,-0.15508632801715352,0.7487709325094932
0.32908305576437674,0.27580529175701485,-2.384991794268387,2.673109221059562,-0.1508041610202603,-0.4404130352227287
0.26251767234346585,0.5519162919079843,-2.367747106590001,2.603512317949796,-0.08095883071129874,0.35331694680098424
0.4035963209399843,0.39130164427427006,-2.4250052304592042,3.1069610504086,-0.2010757179230933,0.8082848198668978
0.40262133032401703,0.0849012510381766,-2.3506242183355917,2.667107739857834,-0.7560232643444871,-0.25024740612643054
0.5176343251196328,0.7715573010244207,-2.2013428134592092,2.5593013569242324,0.5704201264743053,0.08112231740865479
0.704238076719652,0.6890610658815935,-1.880413416505019,2.547586487907398,-0.0033399530816459505,0.23049108145559705
0.591205087192779,0.876229670338875,-2.1677705275201293,2.6629684896898316,0.07384456075329547,0.002724104218444495
0.46921939063747603,0.7045013742407624,-2.0806546553269696,2.1735664971670747,0.27229663727909487,-0.3880207264443003
0.5816041755609113,0.6091657274866413,-2.0983201463542094,2.7931875101346124,-0.32987424115146274,0.016730205317918113
0.5633425283747214,0.8694264114205353,-2.1847066106020874,2.963199784324157,-0.1973484795126672,0.6479561454433913
0.380809070020036,0.21056085393876434,-2.1571864583297597,2.654981433549405,-0.7628314225633918,-0.2701661403800425
0.33586749702332347,0.8037163170713582,-2.4209038821334508,2.755585483503688,0.6925831309689481,0.8134137276443595
0.34873077026328914,0.811979030597285,-2.3957376914834883,2.756948858304742,0.7068224642503178,0.7921829613388945
0.5049713701048615,0.9268706575296165,-2.382599404815703,2.778497550865129,0.6443157489112976,0.7616893990808213
0.4066538066667887,0.9453765977291798,-2.396364671437924,2.659589873696413,0.4198987012903996,0.10922393103649275
0.4648980465133568,0.9648273500687162,-2.4455869070359277,2.797828147667094,0.6407606719979171,0.767917131251803
0.43438039398305534,1.1588381012850677,-2.4072145009846015,2.768707924086255,0.6440278981288543,0.719240935557243
0.3984742757632401,0.49164816382998555,-2.385243983858648,2.8430311293775765,-0.6544706634365385,-0.5211352247488178
0.4838355390613408,1.3535555384020004,-2.4709983100780546,2.7450105037597385,0.615787155961191,0.674303911931696
0.4414598528201538,1.3857606214510882,-2.492993610570639,2.763418645098998,0.5993504064498135,0.6815651369561757
0.5062965432780939,1.2717973601471086,-2.5112665231923508,2.75554193704129,-0.12651659374800964,0.01951799208012239
0.43416626206029735,0.9039932233107579,-2.5580997417507962,2.782928115174069,-0.7827285225862168,-0.5786291807975263
0.4022274974400149,1.3217468255894418,-2.543843116297875,2.8707559146244903,0.17450888547606944,0.6510131924485355
0.687865540419807,1.6841191405250944,-2.4356633336716063,2.863851939623041,-0.29396507727732757,0.4850599386861259
0.7820716840618416,0.9136917097685183,-2.2199955998259906,3.0450673359431044,-0.2579136167829217,0.6123239185204973
0.7721458195853066,0.5549992398640652,-2.102742298626198,2.8417703896249296,-0.7229762239766544,-0.5983752689870184
0.6144770628235837,-0.16846257924919722,-2.0165164985680857,2.230199852093583,-1.2806153538902312,-1.4208466948541811
0.6903341963345839,-0.25164849090306685,-2.017187178989412,2.142035770678878,-0.7860897107755191,-1.3754187355784566
0.6005152369248574,-0.5224460179618253,-2.0486116949063593,2.420495875433088,-1.3550564298536751,-1.2963596497405538
0.4112739547002173,-0.6069445203769184,-2.2605976653442483,2.383868882138016,-1.3807285179258442,-1.2285991261554134
0.4151466813685461,-0.6127966049297766,-2.2587112384367556,2.334783914703712,-1.3614632781928755,-1.2604768500472852
0.4498543858637658,-0.6429088164155491,-2.300834482461624,2.348526457030621,-1.3556759522977115,-1.2601863487149927
0.4936425482535699,-0.5782633608368251,-2.2001616576796104,2.4351514771560936,-1.364438616582384,-1.270582878633314
0.4577947641323449,-0.7059259014144151,-2.2262706724649335,2.490380610426935,-1.2591406470793647,-1.2660398483949815
0.4129821219190244,-0.7766074093165439,-2.2944790142467775,2.4369792170313715,-1.2778270461280081,-1.2461413796287601
0.39100135914341455,-0.8011500097688528,-2.3334542970990464,2.39208980424181,-1.2735225094065294,-1.2420990495227382
0.4820758039953901,-0.6871695047859182,-2.4054338560846205,2.3699729819821673,-1.3094351425853081,-1.2779103022343452
0.5330949532461946,-0.6907428313984717,-2.3809887695716987,2.358273252269876,-1.3085469852307428,-1.281153748283177
0.5180464748623206,0.005094325940503144,-2.398909320967117,3.031407922824927,0.27221056744603483,0.8520550014871313
0.5264337387531844,-0.36290717834564185,-2.363438304288207,2.9379648315488764,-0.6611700621739178,-0.4105362987444293
0.5614088362032373,-0.35058119422950484,-2.3595667966660043,2.974788163221234,-0.6587912094643685,-0.4010070449495802
0.6907894226601817,0.4449580652880765,-2.3180441091214727,2.815953814596427,0.7387622712692046,0.7668595655356554
0.6713784208485158,-0.06272254657711,-2.177142242001581,2.7656243489535157,-0.5100493077546232,-0.5459446882691614
0.6916075664817188,0.7983159559774459,-2.2736755384396004,2.707760314909582,0.748944512845005,0.687632526854508
0.6209228932110685,0.375078455105519,-2.183445814427836,2.9202576954285044,-0.37611202859831505,0.06948060911821191
0.5955236091130932,0.14260805047404426,-2.1635064115734792,2.800773324138769,-0.6122453726193106,-0.5250223148516444
0.6139212431005724,0.20314726634355568,-2.30312739369436,2.856729348684718,-0.6749147324629831,-0.5180528416514136
0.43663308191573724,0.2127068338804356,-2.3795539225231837,2.628619962139312,-0.4077401922029151,-0.23980275936408021
0.470089440962887,-0.22106920437639005,-2.177222857830902,2.3489071513542874,-1.4036493606363318,-1.3258765518209668
0.510674741078507,0.03569668278600431,-2.222190624579353,2.828099496613895,-0.30913480974737934,-0.3720538176759471
0.4329020311781438,-0.3609027442624723,-2.1656911835884456,2.7189975331410503,-1.0693214860941391,-0.7872801794645339
0.5167726120722587,-0.018882663730039037,-2.2171417919929217,3.1338608327562043,-0.4959536343785771,0.25328065057279436
0.4928898747649017,0.17756897054325568,-2.291231694480024,3.1044576407523095,-0.5215749914838257,0.19015512118346806
0.5139284761671978,0.048295442067995645,-2.238510042772742,2.5094489303345044,-0.6067999771480522,-0.8899644418291166
0.4832463352852844,-0.21781189317356447,-2.1459059118090695,2.3483445681869926,-1.3727756745976691,-1.3525185904934707
0.38044698529885707,0.22412609105959513,-2.3236998217371143,2.7845631810496956,-0.2707617911568086,-0.4167652050112302
0.5253014441406084,0.4220862007407636,-2.315638010303655,2.6778675368790044,0.2051286388225503,-0.45432864271146406
0.6158217982019474,0.576444545503624,-2.3513508637992606,3.1291265716431576,-0.6378756934122028,0.12546898789264282
0.6702469045030742,0.5136132033042281,-2.335994348480921,2.8811670200853583,-0.4198235597400914,-0.47136053224151603
0.5494665469278375,0.7497231703676547,-2.4467015348015217,2.6674184428525747,0.08806749266720278,-0.48566965766363945
0.8129152950865598,1.1401257550831987,-2.133663825018781,2.9477171221373384,0.1668171415331617,0.6393519837932026
0.6865576545313433,0.6752825855362449,-2.0800864653164783,2.443827029259718,-0.9566501856799895,-0.2504242664239108
0.6668725740114325,0.5719470529801156,-2.1808809398693496,2.7932281532344443,-0.7043390519311072,-0.5838776149549875
0.6151946396099929,0.9723058986714352,-2.2391135596718263,3.0431698977785873,-0.27532980957269465,0.682279655264904
0.5862032087069198,0.7924971626541539,-2.295153100352814,2.680403197117268,-0.2537345453368826,-0.5086865711201433
0.3859537861720659,1.0877378896819185,-2.354305624237026,2.7472893267666607,0.5922221853849188,0.7835687061324457
0.19735228661112802,0.2164924058076495,-2.38091765112418,2.3882208872548985,-0.5719753961197303,-0.8416679822512647
0.30674883361555383,0.7064583932670021,-2.403753682547576,2.5534871192326274,0.14611403427809785,-0.4145163010644897
0.3288522045291132,0.4709424455367176,-2.5024194324081526,2.8908614465642484,-0.7932888472388409,-0.4503667688114505
0.2723878850061762,0.3240114242969389,-2.4926014875422733,2.561828476432316,-1.1186055266771198,-0.895037650646154
0.3036293672921892,0.6342858489080434,-2.52523185161009,2.9929104442103447,-0.5863702700274946,0.16506197221092808
0.22537499504105743,0.14658682493251754,-2.5370269188249996,2.2782202201476465,-1.4573456006412382,-1.3271000376451054
0.2947934993534793,0.545702941327655,-2.4891633839297906,2.544775689772826,-1.029806598613301,-0.11481392759819672
0.34884435996077584,0.2337316397577949,-2.3833926138661354,2.341095973022566,-1.4651823036574585,-1.3274960447485729
0.3976355174226309,0.4376162314710787,-2.5906494156058484,2.92691843657905,-0.76629365461769,-0.43841482923460806
0.3892569550915175,0.37572248873229147,-2.5522176039293543,2.8865497518451764,-0.8035900489087632,-0.4266712300466707
0.43521295353299194,0.8243578287248555,-2.507029171619713,3.1900905258419128,-0.3830467903985524,0.7979749097400729
0.3189986141922416,0.40329231381358616,-2.327087968931636,2.4486240880210612,-0.510317207588656,-0.035625738392992864
0.5180952182508188,0.9038652803656062,-2.39519883722297,3.17864717326641,-0.3345465914563375,0.7648267545613647
0.6728360093234892,1.2092897500038657,-2.2366647138532616,2.8904394964231748,0.2008840055880389,0.6877213733063433
0.5895435083941912,0.7015382894766675,-2.3042898732239587,2.778719396836844,-0.6196465960628449,-0.5406565827151268
0.6677585588424055,1.2312921881074543,-2.363704058731673,2.8679308718956626,-0.5322069506589582,0.005246319558643144
0.49724420953115234,0.8481351083163783,-2.2993345795788835,2.858706572739336,-0.45465802374503744,0.10019766068560271
0.3771021357355783,1.2246823279041235,-2.3864095006982593,2.3708867331830343,0.27073191579609585,0.3300893227981581
0.33365131372765283,0.7460295242632852,-2.488283789022833,2.7710666069705296,-0.3429302960975533,-0.40026879915840574
0.41780768111978445,1.1139298168443408,-2.498482714834948,3.073139890444719,0.07963219905271475,0.817162501614973
0.3706446981070781,1.230005775112977,-2.5978875672775392,3.052151137296947,0.08921108496182546,0.7813947276688152
0.35765301728088206,0.8757615823862939,-2.506872199049208,3.158972494936383,-0.36119468437706653,0.7636401419440645
0.28296654224284584,1.3078297097797016,-2.586237658205062,2.6528679681577225,0.2917912309674879,0.11235896579049581
0.42152656004459516,1.2646561123560776,-2.656123560828903,3.0971724308500215,-0.42892513695932577,0.7102217634376151
0.3837622022469632,1.1293968448914031,-2.6524648514269193,2.751062161972406,-0.38658785944712765,-0.49911595679505827
0.3672283639025943,1.183259879450323,-2.6424901390855986,2.8288624904716366,-0.7472964502470351,0.2872259801764233
0.35635748310284376,1.4323064290673608,-2.5989738861397833,2.8663610662996604,0.5314443709267103,0.7831562934718007
0.33690785935223366,1.2595092823159646,-2.7334021373331776,3.075554843131144,-0.41684065358582906,0.7305152262350175
0.3547557379838505,1.2547033691179867,-2.696212210240165,3.020696193756528,-0.40835637797204316,0.6907988815258742
0.281023616331095,0.9058489594817859,-2.6402825200826263,2.779109987866399,-0.8506738387523439,-0.529434246669361
0.36340986121918334,0.9806206053268802,-2.659698217751937,2.9749186001415286,-0.5903353227426582,0.10542940246836516
0.499426804893061,1.482487611221796,-2.470284572576541,2.6033375595306287,-0.22428196874651127,0.1978464436700131
0.6568786571253261,1.7655425830291618,-2.5683472116959725,2.989048093575398,-0.39149766294361943,0.5657301731634968
0.5853921427681634,1.9132735160183043,-2.5782664222013087,2.815888943693684,0.11822111989392149,0.5657055968759372
0.5833179927900632,2.15199025796132,-2.595552928662423,2.7896474676427245,0.047363675782823134,0.5379162162312298
0.5650276013931763,2.129991891723621,-2.6438318554030764,2.7892000507571004,0.06628368734299478,0.5284206710954037
0.4467558538150391,2.2745365749354263,-2.767147009806347,2.5657863822801237,0.5058539736179377,0.5697129594375134
0.2874045030233126,1.3566259663873754,-2.714384808037302,3.0031715129130676,-0.3871474674043602,0.70499300385827
0.3721824758357089,1.5831498913166555,-2.7768987259373974,3.000050257339808,-0.4329102898981763,0.6506097631113845
0.41197994655233483,1.7634341641030833,-2.8152572947305448,2.8562627368785924,0.026843343902797988,0.6509541798941233
0.32161028415403536,1.2961701326372541,-2.817349720892561,2.4562910024852327,-1.2307799427582273,-1.0538740309392547
0.43334149485117474,1.7803790667138923,-2.933191702297078,2.975121543739466,-0.4207526578435417,0.595640042891586
0.4588289589884586,1.3333652992066964,-2.8710034819729198,2.3532838675293872,-1.0645436576050318,-0.2544435870934316
0.6805476447615006,1.7566478632084523,-3.0855194408939024,2.819083229158441,-0.1940846886064128,0.49781748152041383
0.5690043745699168,1.7122066264836788,-3.1513576562099344,2.46049817694228,-0.46208930933328096,0.03331551368014398
0.6814114798133639,1.8558375778554863,-3.194988319114796,2.1799481483671554,0.408098963975046,-0.7944615145962718
0.6222093165211182,1.6852980168886857,-3.1350535271651183,2.1127256685004143,-0.7425343688041908,-0.5413416003007223
0.769715310351081,2.258986733921228,-3.0666288093325034,2.1162327600074518,0.4902348069303793,-0.10219945384699719
0.6939070768835958,2.036003843412955,-3.141001902154704,2.5046470244877392,0.37754598357597563,0.37405184526278895
0.6469270307383032,2.2215820184794617,-3.112642753469417,2.196164429837484,0.5759318719429379,-0.25737602438716195
0.9523053522385033,2.4379872311997843,-2.9629998747314463,2.179943961142573,-0.422637454368658,-0.2605165750459374
0.8400560101540647,2.259187820733738,-2.9993135451507684,1.8900910129743365,-0.7785881662803392,-0.677584563410395
0.9054493208749883,2.311457106285407,-2.913529243771497,1.6037041643835603,-0.5295757810744579,-1.3111615358485293
0.8646603307992914,2.179054010057986,-2.9678395540688456,2.2280889356410003,0.3107674561885624,-0.3845712878271024
0.9080637344644162,2.20174952782042,-3.0336365257304685,1.3421987779428683,-0.2350905031177975,-1.9001166780842575
0.9075639207080626,2.5462114458433254,-3.1408141956674034,1.8444929881608123,0.6160146151141991,-0.2332600918406772
0.6674405095497107,2.4236681431240483,-3.2271697250227196,2.289131986463426,0.8582711353320541,0.3208246604670193
0.6618070064946366,2.5486195559652187,-3.3092374960804327,2.277496053779615,0.7662198681983426,0.3314695837514424
0.5855953268925542,2.0870731291925835,-3.178856121420981,2.6269921865976,-0.037483046527651054,0.307262547080403
0.5366707264390246,2.406119432087577,-3.2274668731053477,2.305294198831209,0.805956073444276,0.35437364628050366
0.6545819043806171,1.376542344983746,-2.9406641895482557,2.636979509929801,0.33742861980364053,0.5269642212531431
0.807478522057235,1.514757604251749,-2.879261876866416,2.583594949895213,0.8087883171766649,0.5690628683592855
1.1331269991107855,1.9494194311469268,-3.3115724202978614,3.3859182440680415,0.6657638495390408,7.0354769897136045
0.9685109416557334,0.7488863096064919,-2.8118537094060527,2.9157853219653562,0.43610723884397457,2.4582674386540337
0.7942823669589714,0.2553901103645638,-2.5664702319015835,2.722391974929333,0.23671558867040257,0.13648331725580812
0.8421500441626453,0.2947924796808282,-2.482487192452807,2.3980661719747793,0.5145215311645508,-0.5177007468384692
0.7213863773891049,-0.2837606507858058,-2.4239680932758896,1.935811774715436,-0.9598652980214869,-1.424653490104766
0.6683322803144548,-0.16146003461627084,-2.4499096744564164,1.8676383617740582,-0.9504809021138769,-1.45489455353592
0.7604434187097215,0.29725745810742743,-2.533794474172932,2.307261699889004,0.18209802940607359,-0.586911029959428
0.7771176314971313,-0.033404845841051314,-2.502803921363214,1.8851520394268944,-0.9953834297665369,-1.497804770823483
0.8573944592453577,0.1355444963846022,-2.4910931448474902,2.2463012385526615,-0.7087818848065439,-1.032570512125363
0.8092197905506398,0.2471199881875808,-2.5718856714375216,2.5204936872475723,-0.3735748584311864,-0.57372267502913
0.8770405924249098,0.23800633646131353,-2.538428985867175,2.5950774147544737,-0.39540191958989895,-0.5831702384474007
0.6932815558320997,-0.10824633632977666,-2.4744700458369238,2.046492346585092,-1.145703598688662,-1.4495748604529617
0.6750100120013436,0.07257995978848118,-2.600227489806888,2.7029671635147237,-0.5347408961506439,-0.5513174137070846
0.7056708614007884,0.12753780619481303,-2.5436412555033074,2.7168145929841487,-0.5273615061603922,-0.5456320327425065
0.7410890727054995,0.3053607140093855,-2.496536053710168,2.8319377986085574,-0.3358466066412599,0.054983568300630434
0.5724672331863939,0.6428677455542959,-2.5867031947072796,2.555976073327316,0.8488449897250001,0.6926226845299895
0.7407053124862142,0.5198641537334969,-2.5105570407974604,2.9922248433613086,-0.12345218451054822,0.6877774984334352
0.6857518074760739,0.1377256701483981,-2.567444963954535,2.7005390957247903,-0.5136533007204065,-0.5519994899675065
0.6334004712431204,0.24829082149495119,-2.6543352024818887,2.7606512838958843,-0.298029044784516,0.056783403808504704
0.769906532835836,0.4225985445798601,-2.6682036682196624,2.779700060911609,-0.323825845166559,0.040154665261107725
0.9744211176078189,0.8050638736173629,-2.4749057802757455,2.777439412582587,0.00465274750650204,0.5361331008520901
1.0382208736289016,0.9871726580405672,-2.3678031275991445,2.6129780680097654,0.41679673112195165,0.5553811808828695
1.025529039651729,0.9688506755134576,-2.486372318395956,2.6226965591551163,-0.29173075966208495,-0.12413738683375833
0.9534184613537294,0.657010193072364,-2.4824727071743835,2.491434984523766,-0.45726627115666385,-0.7148351678517416
1.0667575615817606,1.3280681121219469,-2.4454881088742444,2.3810535084681037,0.5807441330044301,-0.092358062568794
1.0162749069792343,0.6416342241276166,-2.4274992879207207,2.568389569082858,-0.5220155342549372,-0.6854520696278635
0.9334248883524074,0.803411182538841,-2.3658324719880395,2.048502383608347,-1.0254471920323323,-1.013687935051853
0.8911905771810037,1.020830496546113,-2.562573121148858,2.434928282834467,-0.1370581793671579,-0.7101291342319588
0.6792211647588521,0.9020595929950479,-2.6113925111264944,2.7778836630381964,0.29329463864843536,0.6411110614388037
0.714410353810013,0.7260375378520063,-2.6121665970751256,2.658869368137278,0.08443692787615804,0.032706621442502595
0.9033291246690829,0.7126129074216989,-2.5706721354854136,3.0243719623060428,-0.1515230479972993,0.6784290586502063
0.8150050882659652,0.3034743213137308,-2.5545019595604015,2.4744220065585916,-0.8503237408613104,-1.0265942377488186
0.632224143328332,0.47219369239267284,-2.778163369771175,2.6499750273109517,-0.5307982060212331,-0.6248767684147334
0.8287519341095951,0.6135858936287775,-2.861903847651106,2.724221570940751,-0.5704293987267065,-0.6046711886478487
0.7866773507276952,0.9452398059138367,-2.8944619181927376,2.80445265732581,0.43813786637324864,0.6345697701560986
0.6826956187343407,0.9256155528543347,-3.027495099023207,2.498287469470297,-0.44303275487412136,0.10546647849080532
0.7918345945824556,0.8205343298051636,-2.8536522832500437,2.5703204920331753,-0.5051027062528105,-0.7000581775556759
0.9186068762514886,0.7672989140827735,-2.6768794675888627,2.150325081390555,-0.7548818535408077,-1.226275749088852
0.9579824781570863,1.0862008167859432,-2.697969780925255,2.6035786483941883,-0.21268935057742025,-0.17740300168495576
0.8597802671718326,0.7540627705027739,-2.713237393150462,2.164069654584455,-0.7678957414959519,-1.2231729060935408
0.960460496714952,1.0978374584405761,-2.650382054312321,2.6360663250676093,-0.2278687737927564,-0.18261720409425086
0.9559492635564022,1.3132299858248786,-2.6083459301821255,2.7556851467464227,-0.030952358591077027,0.43097726645023904
1.0619880383243245,1.2959059356239306,-2.689879164191193,2.7907101313007323,-0.004350546260492521,0.43811525936868556
0.9206234231179931,1.2518469368108982,-2.77700613775123,2.705998908477749,-0.017247048401186064,0.45106110181879844
0.64371174381873,0.6020879266870519,-2.9835536259878173,2.21972294919092,-0.8325551916026893,-1.1537212990585202
0.6495774398083192,0.7710059363810454,-3.0292462464527152,2.4498989914691682,-0.1134229553072196,-0.6354646561535922
0.7023934451940307,0.7838596270020519,-2.974445744263573,2.6881802406807074,-0.3145270534254592,-0.04771127928356211
0.7358546666930784,1.3075155123300715,-2.8521737783478995,2.5373339194402704,0.8005875694933887,0.5662256290714655
0.6347406220651897,1.033233795095331,-2.9672311405079888,2.71089514564807,-0.3085224234381144,-0.045511037663261776
0.6923154692682976,1.2328491191105404,-3.0062277161764865,2.83749854184014,-0.08736426932684502,0.5732932470619397
0.6497001971416316,1.1710713338973535,-2.925960989451633,2.7003683636749987,0.43771653136262173,0.6183507432207545
0.6539735150323501,0.8653174962971616,-2.981470600583035,2.6245756840277603,-0.5161713466256451,-0.6286972997017004
0.5599955925941318,1.0555365818432612,-2.982897596183508,2.8832346838764518,-0.06795052201701249,0.6401326100243127
0.7393918321602847,0.8888714991689809,-2.7592326126739377,2.1291489563553365,-0.7264382450341298,-1.1812544616595329
0.7831028631835649,1.2332837289153762,-2.848799634451396,2.349407609909657,-0.26625697264856374,0.0262388794617753
0.6317252274439046,1.369395580192651,-2.9293627995422145,2.63540151299027,0.042486213388905424,0.5189318773899362
0.5969871082214062,1.0332816791898853,-2.9222064406061294,2.34200580661759,-0.3575446032686815,-0.7138637895985217
0.6019852954812035,1.1776139530681922,-2.9473445932938342,2.4373029549704452,-0.16335940246254063,-0.08716734115822904
0.6161725983183884,1.2110106827560125,-2.8841441830452883,2.4729915825973134,-0.1878528215075704,-0.0800278923220395
0.6451019385281502,1.15142036401287,-2.65896671783808,2.718927010944398,-0.722610791670423,-0.6055594756882948
0.559242589647214,1.033591013978904,-2.7842463215732347,2.8368513051448763,-0.7944399819037025,-0.5594955686332693
0.40791604020287847,1.1876946125128964,-2.844389894755259,3.0087647960462185,-0.34175615818130756,0.6729692314758453
0.583933109986016,1.29805795040192,-2.627425880336832,3.099291846237007,-0.3606526248235406,0.6818906826969771
0.4872373073278796,1.09059947310697,-2.6650594371814105,2.677944561870528,-0.36038226321914657,-0.5237372227076447
0.4103626921439669,1.2595925887442765,-2.6925572521581254,3.01546082472148,-0.3819811349313337,0.6875206670907483
0.37894488994931175,1.1289603026375639,-2.6552498889525125,2.876537640830587,-0.5781704907195934,0.06817457306737015
0.4947447145894837,1.3163860367672429,-2.681703398649133,3.091088455928596,-0.370444296968412,0.7059960663455643
0.3831482940304765,1.6792115008145447,-2.6932992780951297,2.756059967108389,0.4783093269095244,0.7331101967751791
0.29003262893268184,1.3065826153257325,-2.6688768470263513,2.987650312868939,-0.4178443785681105,0.7045976230330434
0.338064934264129,1.6971310282109566,-2.7104513004458712,2.5605680724805486,0.5871106372926009,0.6486975352944055
0.6581558952843726,1.9796672997376992,-2.5594988137381023,2.608337265683346,0.5796014110532394,0.5831493606731883
0.6307073272700084,1.522445123079477,-2.624345620903958,2.512154218992861,-0.35070474742499835,-0.6455919641047507
0.5923451966891843,1.4474212942570186,-2.5495425629849957,2.304646382904335,-1.0549940543839456,-0.30219647869324395
0.6133649608184657,1.3363278960359,-2.635251563496933,2.6571356258693912,-0.7963162629544523,-0.6436235071914419
0.6146539817393889,1.6218186609756169,-2.6015933318256588,2.2976657214639693,-1.1033090135313555,-0.32919170306648965
0.6400479589811751,1.6371623537729114,-2.7711467821084894,2.9942309890132788,-0.3865768112797652,0.6065562756375142
0.3918992069839006,1.73083125350796,-2.8930153856412155,3.0463181507095753,-0.4997325889985524,0.6474646279167066
0.3677282224405339,1.535404908843725,-2.928801340802306,2.988898672968662,-0.46606900219790814,0.6474470592310815
0.4183770145717672,1.7855141429502928,-2.879781164262459,2.8687886459406076,-0.028373978397381313,0.6701538037685002
0.37033231829521596,2.132516085151788,-2.936425948714184,2.676406894894142,0.4238138944854451,0.6312369664918415
0.37192399979003693,1.7721564952486109,-2.9972171093907383,2.69932288800056,-0.2791096520140927,0.028986866015762464
0.33737907072019924,1.9505248730262954,-2.883493409409053,2.835932270575733,-0.05861104536902678,0.6370641805798718
0.29435811779651677,1.7704424091156628,-3.011023781715575,2.2159951514372573,-0.6761241432137488,-0.2869921246889716
0.29083482172893643,1.7160092162910183,-3.1503226289122113,2.112550622540277,-0.3461584406382099,-1.0342962593786136
0.18482108416573736,1.737360386051892,-3.228475596390651,2.954305389538862,-0.408910324530531,0.6541965558053021
0.3289787364065647,1.8103904835715379,-3.201122583226076,2.860941692275577,-0.7015050287835292,-0.02085801056569758
0.376247388314167,2.003004225819017,-3.178340113570937,2.954959562631446,-0.4840047460130401,0.5693474951138611
0.3536483727498061,1.8352415625749616,-3.0017724434427806,2.1544062399796293,-0.673231776477427,-0.3129326793649163
0.530649460195348,2.2290078056296734,-2.836485125722569,2.7851507835753053,-0.37082422941550436,0.4589704259257227
0.40231811601969525,2.014046821305628,-2.9670648483896906,2.4227466170844925,-0.6766443765190555,0.012419184001702437
0.5120035121976206,2.388528756533115,-2.9803517558060415,2.6631686318963577,0.10917009650191728,0.462940488879123
0.5116468295342043,2.0907491103125975,-2.914215272555471,2.386023078601785,-0.3106818814539619,-0.7579011054709486
0.5339766719741965,2.2796671934369965,-2.8215572556224964,2.742980124603874,-0.35523480502292815,0.4484341352037883
0.40646533535415313,1.9431463087842606,-2.9227304375127883,2.2463428889840196,-1.044189323906695,-0.38794247584416286
0.3012098605711405,2.047764314316645,-2.9479374012865533,2.1590011839779057,-0.7130642931392864,-0.3285090214906474
0.33963095534389803,2.498540293920076,-3.1243025095236514,2.6280360929212074,0.4211199371375563,0.5634493773567638
0.28387699167975783,2.3433951503823787,-3.090454792685156,2.711338002942582,-0.004762190395540097,0.5367411350475491
0.27209914963265264,2.187769776861589,-3.0255483250099595,2.896598836250861,-0.4647566595768794,0.5340991937159553
0.29191085212162665,2.3374455995251457,-3.108224856928313,2.738308904289706,-0.014997973181842093,0.5414826190423583
0.24762994563416335,2.565660951854627,-3.083773357269548,2.559855006208882,0.41669502360614313,0.5570141477117438
0.25884584039486724,2.547462430826369,-3.137606183598186,2.554928041874649,0.43562702190124886,0.5483361132287998
0.25537213313004153,2.57112582427437,-3.1061815650959437,2.55104362862505,0.43593144921291277,0.5453498174070212
0.41460137523849094,2.7388169668124442,-3.137160162154933,2.6383156103944487,0.39512100091537206,0.5161218916825268
0.2271410948563311,2.4202682494159338,-3.078565082250968,2.2551764648845105,0.10846373776633894,0.10375518075881712
0.2950060278438141,2.788009450764419,-3.0937802452372707,2.443645273318427,0.8574261240200108,0.559103547506487
0.2945985992213839,2.603972197995348,-3.2108271405597337,2.236071117714044,0.08913957857593528,0.10597108988062061
0.21013101973645404,2.3113234530949014,-3.0857657987792506,2.8184125636375135,-0.3862024974407304,0.556093466993743
0.3743497546671691,3.120683235265163,-2.996256998788504,1.7788506774842516,-0.17988661588801516,-0.542838492091224
0.3393218833105623,3.2109094924643933,-3.1235080291979607,2.091708499305021,0.1469550587956426,-0.09214910457324726
0.37328368038472365,3.2441838353421177,-3.0298620587283724,2.0768805204889027,0.11181112821918947,-0.08273615209521455
0.5196611449493572,1.978029263987092,-2.7650585279288187,2.74810148640914,-0.663935700654532,-0.08614356355749202
0.5065852915545332,2.455788825579667,-2.887373770612566,2.5409394073264173,0.42905278592489365,0.5522460531777315
0.3951829540192655,2.4050992347487097,-2.9758786329703453,2.658276972083327,0.3697489997837618,0.6097724116572161
0.255591987945988,1.6728825377315393,-2.978404480661806,2.8126116136133663,-0.05668046004221694,0.7019749255234002
0.18158929764251822,1.8359495460935698,-2.9459264702729593,2.972219014523171,-0.536929334071452,0.6364958721129429
0.20519693086547824,2.3154072780266755,-3.1571323912790836,2.6157756360268136,0.30286400065017305,0.6446087617314735
0.19021633396765097,1.9885050961605417,-3.0554006262060494,2.8864838626077582,-0.5731823724733184,0.6136329383145278
0.3104966667853428,2.2979502344825695,-2.9896543606954493,2.3448390247387905,0.011760030580495963,0.1869542152500157
0.17477896803751636,2.0473671238233297,-3.1295772887173943,2.852634485558023,-0.5295536274004198,0.6095127351888203
0.20402462672544186,2.4046251774875773,-3.110773535185458,2.5478690245140636,0.3624295355227825,0.6070058647291604
0.10808974061014578,1.5704848094290216,-3.0808020503791282,2.090742665224111,-1.3866909056294079,-0.8954453811902368
0.1635298464704819,1.8617085390102852,-3.1354758878162623,2.5302462346311216,-0.8563573926406296,0.16071084132144187
0.19032953930837693,2.2666354677826877,-3.0919161697953954,2.701860200600199,-0.10247905553251117,0.6204511063393381
0.22314153504297846,2.505149982832026,-3.1082580581259807,2.6075193306218987,0.3584012868065927,0.654149077277514
0.2764739740223261,2.4594435827240133,-3.1920987927052886,2.742724783057603,-0.13110217095183235,0.6225341568547506
0.2418275192667832,2.1507202301602146,-3.036825006695779,2.897604023105623,-0.5173897402060932,0.623603516335243
0.1872551821233385,2.352866793642672,-3.016800476838962,1.8245827904374303,-0.3289944748350815,-0.33922390034408006
0.38714141046842304,2.7330053395770633,-3.039548403313472,2.4303950456761094,0.42169279786172,0.5191381426473306
0.1283271370303485,2.749821691695555,-3.1351825672358067,2.3808924817872352,0.39802476202638726,0.591931633566042
0.1568239860028874,2.7596930325946762,-3.167682909666668,2.388921912538198,0.42708865747142966,0.5845754242770499
0.10960732406487751,2.469702474515233,-3.092545575690209,1.7926089450962321,-0.25419904282767153,-0.2892011557037069
0.1170103191515214,2.72021048268682,-3.225859274151884,2.0673712239755075,0.07899657090598271,0.1237158787732598
0.04644273149631196,2.619477788013353,-3.364613298052583,2.4956844280564803,0.3323712957105669,0.6719620317727153
0.11733787387640411,2.7464781670674214,-3.3964777920720315,2.6845147972072154,-0.19727458683959512,0.6267126518379007
0.30451050441916744,2.7437212772319968,-3.330419741582318,2.575797021447966,-0.43639940598826343,-0.06461416895131855
0.31323991253952305,3.105612293498975,-3.395595816712833,2.5236705436041307,0.24144154340952104,0.5433119668594362
0.16590295275641723,2.7841273660484327,-3.3547466676627358,2.058785073772408,-0.8902030405028091,-0.3668876975593414
0.10729116399953444,2.9369466145568346,-3.404403225287074,1.858172287669604,-0.4429840218229196,-0.3733848367735243
0.1939706629293296,2.9852823722875264,-3.368069792033538,1.8832422385149237,-0.4406957583078224,-0.37341063520833306
0.20831249362058232,3.2080811759744563,-3.4996474522522023,2.494201382721951,0.2368990777529135,0.5254625182437532
0.2748224727609507,2.880004846652117,-3.400562944632616,2.7154203078847874,-0.2234914947093131,0.5631367164179722
0.0996639916806052,2.1253399786612697,-3.188895207649727,2.0430162551327613,-1.7360100086163295,-1.567715070000253
0.060173338977100706,2.364350349032628,-3.2556318656107517,2.283007899034737,-0.13043948475525002,-0.6357583837253019
0.10767848711001078,2.5127591926677053,-3.3039403418757036,2.2646609047900084,-0.17051903459777665,-0.6818836127498388
0.1138796347715147,2.556178603270184,-3.3358399502504175,2.5952847938090966,-0.4109488015633324,-0.00604678316697477
0.0472187290285886,2.5369284195552226,-3.30337449365332,2.6837725957005154,-0.09944297687739541,0.6359889957950507
0.2017618043120337,3.30827244385372,-3.35964014187871,2.3390437692762553,0.28565234075133683,0.5106177437532777
0.36063337454526007,2.8369780760721643,-3.1764466988597193,2.5123759966186885,-0.7868587883513024,-0.18161226330676908
0.3583802743328788,3.0474644999252756,-3.162407914223997,1.807818990649003,-0.42429436844610746,-1.2895942821320365
0.35745260990517647,2.6956889018912666,-3.182528819477259,2.4551729225857595,-0.975220247545829,-0.8244845371436825
0.4023441606428116,3.184053175421569,-3.1692308597071714,2.294242049991616,0.07539278172257656,-0.18126277677360325
0.22189479716317814,3.019691365067519,-3.3859602017832384,2.5682723080263146,-0.21543494435569047,0.46569297539302945
0.06534140545622093,2.165938125107124,-3.3200102212063567,1.920153403431947,-1.8133261162617595,-1.6041691973731451
0.21820359882535897,2.509341731579159,-3.3767038882859195,2.596135466487351,-1.118949704149839,-0.6911396134806852
0.26816364302106005,3.203174068224859,-3.3997024713934554,2.5642386775450263,0.16343115700405628,0.5424242661097296
0.09538634429591648,2.668701732645578,-3.3205812431748307,2.2708128680669515,-0.2287613160920933,-0.680305711317262
0.26746303781539776,2.6071382216029075,-3.297915575740319,1.888934352283901,-0.7010360957513411,-0.9243119545892188
0.3156456111305333,3.027018416571648,-3.379606594355408,2.7441304483535367,-0.2838547022817872,0.5384585830304146
0.23601067302236664,2.8403310321775552,-3.38259960890628,2.3521520007979224,-0.25951697863745926,-0.6836120407947828
0.2826453166629272,2.692577145066898,-3.3323676147096015,2.5300876668110663,-0.7065853345333419,-0.6863121456163591
0.13198371407349044,2.79855604548658,-3.3972742385947035,2.2611038848838874,-0.26835832247502156,-0.7002889178626762
0.04340494750657126,2.4063126630929763,-3.2949460414168144,2.627486351140344,-1.0983912656339763,-0.6257850954036527
0.22832308899084006,3.0645374476397804,-3.3508823251445374,2.457125293123384,-0.05270238962337105,-0.0452183395561414
0.16724158029100591,2.6777593967830993,-3.3097699874457795,2.412672593882434,-0.7196490132254068,-0.6813622845595959
0.1336914546262533,2.7579793970138793,-3.2656755705001683,2.322517826713117,-0.19665228081770839,-0.6575594309668435
0.26147521232079846,2.687080366552839,-3.0873916020402343,2.450268337789919,-1.0561064771730095,-0.7683493499753687
0.26315247918497847,2.530342349528005,-3.0645189415894136,2.1198065205044054,-1.379205606095346,-1.2222477809064765
0.28553129674598293,3.1401730402392927,-3.191723578162752,2.4892154495673626,-0.19517664577121832,0.4680423221050283
0.2622325374214611,3.013430680040726,-3.1519488228311547,2.107911273483027,-0.1534801735576359,-0.7675707718900345
0.22929178379719947,2.625795651033432,-3.1201242112256358,2.4524983249142394,-1.0847327905268238,-0.756609445203505
0.10532861942958861,2.888522536687526,-3.271889954416224,2.278641580689878,-0.30724032558304293,-0.6418228566155904
0.03882252464619874,2.6374657920295235,-3.3108572737742126,2.451027330965627,-0.8084810905148221,-0.6276657630074038
-0.05241268758084768,2.3494919135888654,-3.2513185763552594,2.2640533603145934,-1.574960699404366,-1.0972957250733963
0.031240432186948948,2.5134957341939295,-3.2869097911950624,2.6123601084758428,-1.2150384346488885,-0.652546288300218
-0.030544443465697145,2.4891821170267336,-3.198371897683641,1.8182020461891022,-1.432891288195757,-1.5023880251113704
0.4355211898431472,3.8491449548137417,-2.343316474535969,2.2291026534580487,-1.107161583039406,-0.08273305318990663
0.37215901724454126,3.741152111992369,-2.23798636423929,2.532260795882184,-0.6558881985512917,0.3886342713017427
0.46281004038316464,3.9960952567044927,-2.176792638987671,2.3046353479213963,0.24025417471265684,0.3985752876147958
0.4078819768450246,3.592021204952189,-2.1527959236711425,2.6360578268636097,-0.6709620959266319,0.3973086977571985
0.2751109496408939,3.6913046571673065,-2.0749737445810292,2.0003296005541986,-0.05640718981594041,-0.015593229611222312
0.2668657719651655,3.2805915410660074,-2.113883980900741,2.477342654590618,-0.8307184663692136,-0.16797315660466164
0.3381249979772678,3.205041177974038,-2.2099974655402965,2.3373926305285475,-1.0799994718136836,-0.8043269512663667
0.34706512567302517,3.011087927593197,-2.0141241919741946,1.6623136879073543,-1.714343543733717,-1.7241093672048147
0.47287720191451543,3.4213675430007537,-1.861726107624041,1.3815493355074528,-1.193986752033801,-1.838105091101398
0.5657211740438208,3.815670383635143,-2.049548789744366,2.1673100877190707,-1.0411028076491664,-0.9966236577847458
0.5734629503521689,3.9133061314345206,-2.126837197673127,2.165082263423704,-1.0878594295980204,-1.0127178303080793
0.5385235418653977,3.641395422891654,-2.0962243790096706,1.8204623601583643,-1.3482342984814835,-1.4479139267035745
0.5662392617049689,3.683748599652335,-2.0886424653597353,1.6143600728937015,-1.4511144915982839,-1.3020346250685257
0.543186885470875,3.7808925426970084,-2.1310101513151847,2.0919714608127484,-1.0197091723949414,-1.0150835629413906
0.46071153360838435,3.661552091351073,-2.0875590681182725,1.8054101815033043,-1.357800663725183,-1.447319750162504
0.43574481878678845,3.6310644684011675,-2.1495640179043436,1.4813558544923402,-1.7652139599921517,-1.8755360047113292
0.2726162102079718,3.5876764913874615,-2.315477746228188,1.7221744874349898,-1.5852756600342335,-1.1601043303144905
0.2412661858604954,3.1328442500462192,-2.0598543405252405,1.9817293631371162,-1.3105793936087198,-0.4261201526605847
0.3749311920828901,2.7427216059253583,-2.008400434029978,2.342135253635858,-0.6378825884784431,-0.6736462593307807
0.395067793981649,2.8652700256114607,-2.0281424326591413,2.3415723156607138,-0.6573288128327333,-0.6947584650839639
0.4006466350842251,2.773420358406622,-2.0172282864085593,2.3173273290511016,-0.601025138773355,-0.689271256298346
0.40907614736218384,3.077952113298606,-2.0930667057825256,2.148494027461031,-0.15075007357250542,-0.7358982395267879
0.39000487409381207,2.9192176037182613,-2.0772363374990235,2.544257044769511,-0.8241683741898965,-0.12073188318653155
0.5028118388767603,3.0970585653910403,-1.8287210050310603,2.2837416299579116,-0.9894111766936111,-0.8640169640837002
0.5393723012159604,3.0510243293496857,-1.80340502162434,2.2576382609283057,-1.0200605878806617,-0.8440543312112091
0.5592587283351855,3.42126147656185,-1.8499762410571636,2.473864278972791,-0.5640374991214874,0.3670978359074361
0.5419947962093247,3.5143051068903257,-1.7938177375848925,2.0345493986903613,-0.45353485831002815,-0.0750976755624738
0.6411673772035773,3.6165520727403577,-1.9179301221715737,2.23397400747516,-0.3768548929454652,-0.27230728567825
0.5445547664499711,4.1836228104848505,-2.1019982741529115,2.258639846852894,-0.18138449085552202,0.2784409815234111
0.4983392695676875,4.6301847610743705,-2.188828864999133,2.1320584000491083,0.19478068180455252,0.2370741870322881
0.4711029539806248,3.7206893674480552,-1.997225369730352,1.9160970412138032,-0.8137904135655497,-0.7401527674691568
0.42203907564553345,4.035039533862039,-2.0692801549247424,2.4714626290129793,-0.7336706157057944,0.2914530707437295
0.46209013375157487,4.560528514937714,-2.169042533228184,2.1710370948207793,0.1525960147631462,0.25247995232038845
0.3593227685681922,4.222805225927172,-2.2162101269933,1.7612455648229335,-0.45875341701649,-0.7412052479855367
0.2187832134651644,3.7813899064483087,-2.3306140914882874,1.9218992766438974,-1.185033789417598,-1.2909668389479003
0.3429270489526769,3.47356522717976,-2.1284742616600054,2.643975173575621,-0.42529287520286246,0.5369213909004411
0.31686765056998334,3.3678027292963195,-2.1634802854936623,2.6223576595354077,-1.1238872535168962,-0.11522297143749456
0.30460125039958175,3.7018313487680365,-2.1781420102333193,2.461913143223179,0.032676924193043334,0.538997763281778
0.42943256237838917,3.632568502563259,-2.248223219388152,2.591931718148994,-0.4480528756742897,0.5073137746939888
0.35913222428284197,3.871072824195393,-2.2693785139884626,2.5509786083399386,-0.437307422622378,0.4514162027936755
0.4057589128451582,3.618767575149039,-2.133643074903088,2.4567509362859385,-1.026650835447671,-0.22217852910144129
0.49993491654706734,4.311130985093374,-2.0648025636401526,2.218747610413479,0.1128819024287424,0.31208717868001346
0.6815162398990705,4.247303681348604,-2.1481106604220863,2.498581058046512,0.493590753330468,3.3232326063196806
0.6129387206714516,2.4615510291375684,-1.405192856537697,2.3599569000684233,0.055691379289701734,-0.0011907147589157758
0.6647410721742918,2.784861764368928,-1.459202395528488,2.515344611186586,0.2061038830157377,0.6120505661570914
0.6247306241842643,2.812070859594602,-1.4516957933880794,2.4742788056782294,0.18951104958567347,0.6179038265429976
0.5792657997221302,2.6925582091668687,-1.563318753858718,2.191892213723205,-0.3107353688702421,-0.6329344611947919
0.6011837374269969,2.996231965613207,-1.6346111786873734,2.318461816059593,-0.09761602431713902,-0.06991403742399209
0.8175398793071774,2.8920281018329237,-1.4437101460439237,2.2636464967282084,-0.2701366353078104,-0.771145277526423
0.9779269211416766,3.2925869085406294,-1.6128478424045958,2.3390727937372664,-0.14618984677790667,-0.2450974801117467
0.8386791679314792,3.2986687368133722,-1.67112972741161,2.137974033005246,-0.3273813968066863,-0.9049519401903943
0.7670121597442136,2.8481433717243356,-1.5390343465637624,2.41105350343928,-1.1434430542098977,-0.8985751288156278
0.8532084504386633,3.3331933771155695,-1.68586570880118,2.440684812712297,-0.5668898344063719,-0.25773830456100744
0.7681029392248034,3.3585838793545624,-1.7392153121183676,2.5349731403030833,0.08125130026201292,0.4693780521140996
0.49858483768046874,3.238443654756824,-1.9432521589687994,2.4168162609031723,-0.23958063391721476,-0.1323654803519144
0.5146856792973556,3.574945746545983,-2.042164003064605,2.4984939868445437,0.007326412894855567,0.43991774433876235
0.7088135494882029,3.547667852620601,-2.0277989933174974,2.172593122691338,-0.4378909071804908,-0.8803836538050379
0.648318464234835,2.9539079362269662,-3.3206588077780457,2.116563751909385,0.20942788310567625,-0.24977416215425022
0.4950594261235615,2.839176791550982,-3.4156465528810105,2.214052742921874,0.11340105077741479,-0.1942648711765072
0.5435811629014593,2.8082367990164663,-3.45525106785959,2.2915643006134285,-0.37355919644046653,-0.22798637182693954
0.5558795594408721,2.891723148351556,-3.241403413913737,1.9910498771179408,-0.14602566856182556,-0.860569186284285
0.6338334172891361,3.247867084302257,-3.045494279151695,2.5195768864947516,0.06718231758256397,0.46624860847471966
0.43713879324437155,2.743101390313815,-3.0372660349554557,1.5501494854742885,-1.00355584007171,-1.6891391032532561
0.5857730597682889,3.052603795285254,-3.0472562685915197,2.1810622101340207,-0.23001592831997644,-0.002404440903610434
0.58992768007526,2.419998814164222,-2.9168464108121324,1.8324636259673288,-1.4341819623285845,-1.6611005539298982
0.5973410892999633,2.4901186142163367,-2.858259000484628,2.2440607230530607,-1.3806147649072764,-0.4378077814775634
0.5903260390357189,2.7508693178241486,-2.9839862948488296,2.8095494938207803,-0.6976487264405657,0.44590583682883217
0.5763712280859401,3.055918695743507,-3.0680325061221625,2.327962384557017,-0.10369276283270303,-0.1869102845147446
0.598440066785696,3.062549839881405,-3.1137843789795605,2.32770073635098,-0.666482268763998,-0.03649254525870958
0.547622458965175,3.0001008140596523,-3.111352621978831,2.7336232307117556,-0.8100064660006997,0.4036319070711419
0.5652674889909918,2.938825642266674,-3.2390785256894983,2.6077972231721676,-0.34417169862229235,0.44985096131117414
0.36935747588153883,2.2030597528233278,-3.3118727728112134,2.8489661570582094,-0.7344091217495275,0.569780225538637
0.2052557701074136,2.601740706145471,-3.146896347373469,2.4883511833145486,0.23873946970691398,0.5765778441553769
0.564161399175759,5.957364509539362,-3.588050470158968,6.17305665207308,7.803113153598758,10.821091976886736
-0.02156568402192901,2.387767462756245,-3.035033416748788,2.393141090165509,0.5615719229897346,0.5445156365375189
-0.027414744833152503,1.7066741011947748,-2.9730902268212565,1.5671429692522825,-0.5390462581033756,-1.5655889210313982
0.03352034988086839,0.7097147711061519,-2.683226940959428,2.168037994734044,-1.2456595437687057,-0.7843237923698491
0.1420082283436711,0.5382694284365852,-2.6553220193421048,1.8868848277711223,-1.0035778596400096,-1.3662106360330635
0.1918880201555116,0.8462820736427784,-2.7378333974555726,2.8818434830038124,-0.31970623994253095,0.7567579701529591
0.08479626481102623,0.9181266192489566,-2.7283984279784455,2.141489753257823,0.10024233530283799,-0.31888859697431937
0.29564063674434793,1.3928797022533967,-2.7203988110978248,2.5671111380796385,-0.051973146107408386,0.0011947557169948505
0.3074374897212982,1.6499736554333952,-2.635104869614396,2.1525295372007496,0.2979768345164267,0.14901436023429634
0.3362233391931042,1.6262994135659368,-2.6389466158421837,2.58291358338694,0.16626979679434128,0.5979877432420038
0.3095479468581323,1.4800088783199283,-2.5984182007111576,2.735003559800384,-0.2975279667929442,0.6089052645843632
0.26114658987836264,1.307083329342329,-2.5893203158151357,2.3725669084862004,-0.26478442538147867,-0.6176627142900487
0.25536784800564905,1.8595052240604708,-2.6657415201930514,2.408025578461161,0.6354120655475475,0.5940158682250827
0.1710060115460206,1.5916209562539445,-2.781644372547408,2.5034526263490755,0.1701848127031408,0.5950388853847166
0.07836000254445133,1.4816901678827443,-2.8262760361976045,2.483670107678445,0.596715489736228,0.6986085678383869
0.04558802739719598,1.2894395364128668,-2.804009764457069,2.37646028910003,0.36469806941282784,0.10000742220649103
0.06778625826514399,1.154399381545496,-2.824340802563766,2.636470358317096,0.1990001685972737,0.7116108569029054
0.020705003033477172,1.138552755951176,-2.750617934030876,1.8557634451787075,-0.06493167185677827,-0.1824164658392147
-0.007209956012264311,1.093699324018142,-2.583672122022141,1.7899902984674594,-0.30530414681064083,-0.8125892403774423
-0.0012375991804637815,1.2646487836578542,-2.6384758688166405,1.9089776388838924,-0.08117438789308846,-0.19608657658482517
0.14473380181458262,1.3103018732498641,-2.6226268767973453,2.41662267203337,-0.275852772242014,0.23986686001125568
0.006862830806394667,1.3009621457493243,-2.7074042066702897,2.8007974833860843,-0.3378576397877996,0.6821956129372454
0.15948773388596668,1.8021526491202542,-2.7264930764253035,2.5256252593754356,0.5197626805270016,0.6456437342138596
0.1541003669645628,0.5822980405485569,-2.362946691793608,2.286458065775425,-0.9322570196903815,-0.1711233975428008
0.11559711636993608,0.8623720749533191,-2.4364312289860095,2.757205387677197,0.24637171833905233,0.7456472360348029
0.26418255580701505,0.6824648570632066,-2.3358625696210678,2.869011392126422,-0.16284033309206292,0.7071808256623041
0.3988026989786908,1.1095979492724963,-2.1543899665633615,2.1640455037059776,0.5095048123674129,0.1869840318303901
0.43916403603209797,1.2352710801830453,-2.1724024820209773,2.4816290833693153,0.8461012997127731,0.6191346666362193
0.37427993797188647,0.8316155397460824,-2.0730106676291795,2.620996424457454,0.4709898540793546,0.6419337912824433
0.35871927661426584,0.5129912753590777,-2.235467451281654,2.1764325607750825,-0.868347341492756,-1.0664028001146717
-0.4847948560437186,0.6996990024551621,-2.0258597621634156,2.499868909524562,0.11647870382427937,0.7584575343084943
-0.7753512701851681,0.6099481161594619,-2.027688532982587,2.38198648260428,0.5478583033577262,0.9135103487236554
-0.8208602660477923,0.07768017211424881,-2.077243007953502,2.274566730686638,-0.21807393057314634,0.5125318769144602
-0.7706993887041731,0.3908262806512166,-2.1366718938952376,2.457885108237639,0.5545195358105562,0.9615074868778815
-0.7587665462166244,0.5775006196761692,-2.127014057587313,2.317762921081582,0.99163710101411,0.9670457737046647
-0.8087321410491968,-0.041426146260472876,-2.03537277134479,1.7354561614676651,-0.3114864522973297,-0.5489108311540507
-0.759008132335686,0.5032392335856384,-2.1948452409314645,2.188797303918607,0.7940294842088033,0.3054849336523174
-0.7641584848071852,0.5348863333773288,-2.2218688732244027,2.3251493134783487,1.006044578796093,0.9622953869890318
-0.7559264366418339,0.4087116970913578,-2.1173316481942357,2.4476251527350064,0.5635507709419567,0.9397223892484847
-0.7603889707121415,0.34343903953414195,-2.1929401747470743,2.5706014458362527,0.1403470568965372,0.8946353187907721
-0.7913066057698878,0.7729153837578248,-2.1047217432843057,2.2372353348994616,0.9965605495329114,0.9003042199889915
-0.7906267932837915,0.6879714713052955,-2.0062291804588055,1.975885724382864,0.6509616306103417,0.4759031642554406
-0.7677167133578452,0.2625128258504404,-2.0414564654123413,2.475772991275891,-0.09616421520414868,0.28177071193016184
-0.7782539110621302,0.4424043556457515,-2.1119382078151587,2.2575766738841327,-0.2835073541512995,0.44010540902871403
-0.640331199639602,0.39257805342090357,-2.0227464021074444,1.7859524601336463,-0.4536729192641792,-0.12567246577682498
-0.6909779649080254,0.3800408727095028,-1.9329421992321887,1.759715442976771,-0.4023825234872227,-0.13070220530175947
-0.6937295837746097,0.9120445862963514,-1.9207939294845837,2.2127108991071145,0.6684224239335783,0.7688655369334354
-0.6730046116382328,0.9851549031689439,-2.0416730022210383,2.045227284485352,1.1297521979736018,0.7786989886558341
-0.9199185914352371,0.3917699069266433,-2.0337653348548685,1.7084615969090517,-0.41729291637263727,-0.10334318428355901
-0.8849856057422707,0.708984675060145,-2.23142667251897,1.3442507567442707,0.2040900120962658,-0.7197635544970453
-0.9352183227471567,0.7226478209552133,-2.3225283975335405,1.944210672821541,0.5467526235796104,-0.3734864456436903
-0.9785599595891739,0.48776361926931144,-2.137758891284224,1.772342820752328,-0.11027594910849624,-0.0036486250198778675
-0.9614055475166621,0.49188350830226213,-2.1074468494852585,1.9627222755759155,-0.6224875474287788,-0.042899785160598156
-0.8799596123508622,0.8768982958622996,-2.1884371944986136,1.6467069152469256,0.3194785494747169,-0.0531925265144602
-0.8508509620552952,0.8055601130378581,-2.144609685595327,1.5952131751075291,0.30078951253181224,-0.04744771461470634
-0.7979012172300736,0.9858990005560309,-2.178390004415401,1.8981450941559803,0.6496979098837545,0.3590186096429903
-0.8406905480974766,0.4869331091607366,-2.161918508933432,1.8845682018649066,-0.5596401087507396,-0.09175864258368162
-0.888741677546438,1.0721490741804842,-2.066035953914697,2.1651348809926136,1.033738220630232,0.8259297502994235
-0.8434449721588042,1.2200848003644755,-2.214296263022785,1.4767757649688011,0.28588386988831527,-0.12664877644700845
-0.8880771172040047,1.183316532193856,-2.2394163508683875,1.5911022672184776,0.42919547130725494,-0.311047728759495
-0.9696164099829623,1.2561421424186285,-2.152553535348348,1.144371564344825,0.07660762209482873,-0.7573649679513579
-1.002742107240264,1.3026203031071588,-2.2078727848998376,1.187526890892846,0.10606691149485346,-0.7875075979729073
-0.7702459740993102,0.8370869692263387,-1.769199889038157,1.739874124709126,0.6664661923316829,0.4029347548529458
-0.6192388766722309,0.7451895302986765,-1.8518612148316949,2.3163130895808797,0.10303583282549388,0.7612413944714231
-0.6610140531884836,1.0986698572238516,-1.9755994788671583,2.0324800644985013,0.9962631690641324,0.7825681316664106
-0.6373259436178548,0.8769141381294852,-1.916134787928229,2.3373537098986814,0.06552743540515533,0.7434950833370564
-0.6322975996838619,1.0862258065979893,-1.9655613636288842,2.0654536644069417,0.9822942781438824,0.7884653472176786
-0.619036569672957,1.0063401967353858,-2.0113195111604174,2.3334824187590906,0.0015310596996390346,0.749323638535651
-0.7666003705767566,0.9303454562231374,-2.0246164169873224,2.132318949092019,0.981787926554747,0.869099703967595
-0.688988137574204,0.6620804645929235,-2.1056790831012204,2.4815554892579117,0.016527306142320584,0.8483209239252215
-0.9083520350023536,0.6647704725966804,-1.9249773274134325,1.602801390858921,0.2647515254088399,0.019397745156139005
-1.0054073480276338,0.38764991007867017,-2.116102441502674,2.0544024783081527,-0.5583249976801808,-0.14457478624579653
-1.0497580850907275,0.5258520404206423,-2.19028330567846,2.439629318059067,0.06331706990682327,0.9418311047830282
-0.9590923765610739,0.6422710221272636,-2.303915048158374,2.453405201692467,0.019962741036017716,0.9216075535036945
-0.928515258950634,0.6569521993082297,-2.2569115968265083,2.4450238319532063,0.02990306541539036,0.8845737638809053
-0.7932159238316991,0.8458541183317697,-2.178837989273491,2.34473019607923,0.4796680882159174,0.8522177774162855
-0.7940561791588343,1.033181111661533,-2.104904205837135,2.3560057431405683,0.43313635366842057,0.8170296699287092
-0.8325800119781416,0.7296596995424787,-2.0431074483410248,1.9404877376286516,-0.1153767994708725,-0.23594175488386301
-0.8190038601891957,0.6869402097198072,-2.1204477843122485,1.923978968872439,-0.09174320709655534,-0.23936945404005947
-0.7987287813761521,0.9538126342862775,-2.1284091739546342,2.6044922579850347,0.16209595551316916,1.3614509207075334
-0.636929062609552,0.6276958123048082,-2.1827776493547115,2.5069983364186355,0.05255952780493547,0.8258263196466541
-0.3515114386295637,0.8286288726587485,-1.9740950142425642,2.4243763539268284,0.07059915967971396,0.7203162487141304
-0.4774095596002908,0.0070230134244017445,-1.7862473762211328,1.4120807954117314,-0.46663628256402107,-1.3299561589263773
-0.41045568291865275,0.2273180995384344,-1.7425627460292805,2.128289139662351,-0.1602199049966572,0.35520097939503836
-0.4225714156701794,0.35969317691739067,-1.7816129871712887,2.50693794563213,0.15687679738159876,0.8160312388785451
-0.4759326798898486,-0.004758538241912705,-1.714101727224146,2.295718264098445,-0.3107201524264399,-0.39808595599592794
-0.5447825713475201,0.3397797836229884,-1.7650361049325627,2.2731858287885465,1.011139247850902,0.9329485732777065
-0.5390369372412341,-0.12959494592710458,-1.8070034935742558,2.6730322351331144,0.05769525590319464,0.9746539678871142
-0.5900125550325769,-0.4352146385762878,-1.7665673116193412,2.5640551466666714,-0.11059457934214977,0.3804168290358641
-0.6261726915917878,-0.7020325316700328,-1.645128879791157,2.173460746689066,-0.6602969918135299,-0.6815676106679687
-0.6433630615521918,-0.4381943343379348,-1.8643008740334628,2.332266615656946,0.18075245134507079,-0.24581456280781205
-0.6614858547000921,-0.20174789688835632,-1.79721412799965,2.43716697964219,0.3817599925326082,0.35026085854433125
-0.6625591554431535,-0.564516260298306,-1.692674984069774,2.518039724047841,-0.32192905752513445,-0.24574183186437598
-0.6149303024043729,0.12445275257548168,-1.7872430528667889,2.388433796866716,0.9983831502735477,0.9884154596630277
-0.719066011819331,0.05910512204507501,-1.9317081917627734,2.270143736656328,1.0584640624666817,0.9284751473984778
-0.594245615909336,0.1294225804610461,-1.8454945458296552,2.3492756108058623,1.0654573331503934,0.9451632719570219
-0.5583502228580756,-0.15466914592429076,-1.7595111738521212,2.216448820064866,0.29138644634821603,0.49463196024007033
-0.5778651040857499,-0.24105894614418516,-1.8240154226350405,2.693233846538447,0.13980162688278092,0.9716316064242903
-0.6180874801419679,-0.6177774015091104,-1.7970358074272699,2.4691344908212516,-0.29916561952571635,-0.2444277618655859
-0.5744471776489456,-0.34248642186323636,-1.74816902306752,2.3330815335971855,-0.13549712704111605,0.48354901480791196
-0.4787060005027672,0.2097884150348759,-1.6466970275216424,2.090807126928087,0.30148233678717756,0.36655411887830114
-0.3889192662246647,0.41782857074915075,-1.6443507900731689,2.25298122681474,1.0946373812328165,0.8429732501916786
-0.46848407917337903,0.16629153878652975,-1.7053577260202755,2.1089697606825633,0.8758948393296844,0.245867789898989
-0.3650818242610776,0.1316379908031685,-1.7071724813641322,2.5369479590536863,0.12992449031231967,0.8411434236350916
-0.4120960162109772,-0.01646397585157773,-1.686771689103267,2.605217721458711,0.17595787732354667,0.868180180779896
-0.495906204363969,-0.5065213089393916,-1.814399206457489,2.488059942612834,-0.3325402990783247,-0.28187018146294596
-0.3952352665232292,0.34109508757796947,-2.229755707886379,2.097384235056271,-0.6717320763292981,-0.7718469356632548
-0.3635907270334764,0.09072495481802618,-2.2242476705730865,1.978960720875566,-1.479822508384231,-1.2446864205093897
-0.34259051912208993,0.415958507942305,-2.2348710590464758,1.9641746893824032,-0.845250480564392,-0.6141225926354539
-0.3253880901142973,-0.346791188050038,-2.058331024877525,2.15389720289144,-1.140392808071653,-0.5417197596594892
-0.40784589121921927,-0.5385941651829333,-2.0617958664045766,1.9810768942308,-1.3330306428751766,-1.1640429345874197
-0.4263315315017776,-0.3562752036105932,-2.0353432454287734,2.4671439275144516,-0.13486293085455828,-0.22544327522637028
-0.45917835862580286,-0.6734136439806387,-1.993816190949183,2.315460434194266,-0.9065455447048508,-0.6791789101030331
-0.48643618848055464,0.3473643859530295,-2.1520938855735667,3.1945952839747394,1.2517311023516595,2.919700661955068
-0.5345412101568279,1.3077357424618399,-2.157222184314493,2.919476230028834,4.078846559978856,3.4792110276432826
-0.7121989732022389,-0.5758309259103764,-1.7902635065489114,2.6060363790561727,-0.09026638924863703,0.41082650310112706
-0.6568269277960637,-0.2666483191712234,-1.8360052213584495,2.7358015954366905,0.127540876420943,0.9924501566224735
-0.6330153654778008,-0.3498328161216851,-1.8144270011771337,2.743745563070267,0.15509346368956922,0.9995619191581513
-0.44931298452002505,-0.3258083191860405,-1.7894217949242535,2.3911435045872063,-0.3393777912297176,-0.3465928634770978
-0.5208231285739992,-0.33192700963559385,-1.6753557556403371,2.1011449436081304,-0.34146877305599277,-0.20739632637249464
-0.43281312799783916,0.090181340396583,-1.8145000630744677,2.233736631728529,0.40293241527453005,0.227213488575022
-0.4914160253402628,-0.19352234969290222,-1.682293924200965,2.4080062410454,0.005829927481582296,0.23655790234121254
-0.49514560548661063,-0.14632299392196008,-1.6322013282874173,2.5407827308111957,0.26628472982916124,0.8643121036062853
-0.4627133372150723,-0.4018219972929968,-1.6341704887316597,2.38248002913373,-0.2841471664661819,-0.3451800011077656
-0.4564308041811114,-0.2845680124196423,-1.789735369255776,2.3404891726794927,0.8389561224739258,0.38757215791346045
-0.4810204188762613,-0.8318526058966598,-1.6737217614613156,2.520237143324518,-0.3357895344549589,-0.20230203384729786
-0.6704905262116815,-1.0290717762412667,-1.643468949082355,2.1979218039486743,-0.5786728134473056,-0.6350556329643222
-0.5844854826877702,-0.6088278690487756,-1.7445672276486968,2.681303217270135,-0.09126188908972883,0.37862341446633385
-0.49312309611972566,-0.5770579100904655,-1.7128400814350562,2.6581039920416765,-0.07346500192740871,0.35052905561116754
-0.5034596862224179,-0.8745271027451579,-1.7959483906551374,2.5158756322969604,-0.2914644254287531,-0.22216402655484224
-0.5107254291115516,-0.6028477892379436,-1.720521380983269,2.624823065531632,-0.06703288149162431,0.3522067473157147
-0.6773813936902165,-1.1539847532848992,-1.5478679288209607,1.912688404920654,-0.8812266570289041,-1.1150511984053098
-0.5451736541591526,-0.8872427814824485,-1.6147557839159807,2.519445235639343,-0.2157680981999581,-0.24140188764998316
-0.5641050626976182,-0.580973056555353,-1.6828070024164596,2.740088015473384,0.18331252035956802,1.0126024842316856
-0.524218581478735,-0.9587119060745825,-1.6800947723825825,2.320612609819292,-0.3260697673847769,-0.06148385453786181
-0.6192134240450629,-0.9116846353103429,-1.6849981951480515,2.5001097627605193,-0.19217040508581743,-0.2450803275715256
-0.5596562137466226,-0.9222014189027473,-1.745759821591824,2.506823154383438,-0.14771568231290255,-0.2720005503424093
-0.47085975445541145,-0.09906742109739441,-1.6413006282330753,2.2632037956649094,1.2431587635124905,0.8938763760132304
-0.37810371758853834,0.02407670086569827,-1.6756801565786976,2.2202346136258417,1.1563590427425805,0.8838511264049421
-0.4075955198405347,-0.46086289491363724,-1.5714499344524318,2.521385790970676,0.34458972747014144,0.8983127615115468
-0.36826318667853664,-0.11119944200600256,-1.661520644793998,1.9358403767418124,0.8347856598928123,0.44351806225258594
-0.454749898869062,-0.7344189404491033,-1.545467521023225,1.8506086107365534,-0.5893707338926291,-0.638168964937711
-0.48548234174982746,-0.33431637796977776,-1.7307668691921005,2.4840837895662813,0.7594114865710493,0.940415172455765
-0.6103851061357098,-0.7669226651828343,-1.8114201731937756,2.6002814359570983,0.023544041814811244,0.3859732539234313
-0.5193370221178636,-0.13314061248305664,-1.9597506575657395,2.5497218979405742,0.6572396080465629,0.9171514781058406
-0.510725115642222,-0.4133678886602971,-1.7284463828664247,2.416813164527219,-0.16934606984708703,0.4709772615509623
-0.5501871989375295,-0.7530386623913313,-1.6852847522241112,2.4920617136448056,-0.2961034898014563,-0.26141475823941634
-0.5246968018449567,-0.6423435713161131,-1.7518521951407156,2.488541375138973,-0.27326979334076185,-0.29321448217816326
-0.4870808658495556,-0.8558621336960379,-1.6684446451327641,2.2028360651531274,-0.5723227884959564,-0.7331453756191098
-0.5181553130738703,-0.8873931757555731,-1.6871501310354453,2.495620814138638,-0.16813083891845026,-0.26422761920416665
-0.47077279948378603,-0.6882503159007455,-1.6183824063344632,2.6442378547384915,0.018091123784301163,0.3546045747072778
-0.49650279783638235,-0.687033112560592,-1.6580377081257796,2.6257082371615477,0.0396522131026819,0.3525828416221981
-0.4613570616995412,-0.18759580581500546,-1.8465730208929914,2.4033663088209085,1.1850736777030262,0.9759693255116336
-0.5085859620819753,-0.3539253032744929,-1.7787119908603568,2.611557317800015,0.7230613058983005,0.9711756019027096
-0.5357415382258061,-0.7241573280242892,-1.755001378354578,2.6434272065795312,0.024031321859209986,0.3800010723567143
-0.434760363450557,-0.16629945739536317,-1.6038626392778752,2.5090030456420678,0.7397203475750921,0.8882265729402937
-0.447414146839358,-0.6870876229312176,-1.578149577778391,2.397477584915628,-0.13125173366449971,-0.339212315121047
-0.4300307499668948,-0.2507003289828338,-1.4967057601071876,1.8985772549561912,-0.004795182162114363,-0.029548247771608006
-0.41915747336616715,-0.5599446258683733,-1.5585350886848022,2.417967869152026,-0.20811795988367207,-0.3685909773178718
-0.4505946170134732,-0.7406544993832551,-1.4683691816563045,2.0982126825592333,-0.36529549074326967,0.00293122277868666
-0.44428985696493,-0.38294128250110143,-1.7514719819341693,2.7561088014364583,0.2352169484216872,0.8940167974361025
-0.6480866514187474,-1.1520108958701993,-1.8028589953150582,2.3026402131648465,-0.576141291668083,-0.6483438876509263
-0.5975849405410717,-1.021794348728902,-1.7577926115786853,2.630531996734105,-0.262762512907971,-0.20555798961996402
-0.5536100302478638,-1.2419465297001435,-1.6496241827810214,2.6080681107832326,-0.16165339976495088,-0.19556417616317706
-0.4703641018070203,-0.4939372475779958,-1.5586704162783065,2.58960735170796,1.102783838493458,1.0405866095981209
-0.5888884853814776,-1.2427728392271353,-1.5448200899469562,2.6123651848873375,-0.21236936326254904,-0.17533150791850804
-0.585567043271906,-1.326445095886178,-1.5629057977533674,2.585537374059224,-0.1779951599891064,-0.16212837946894054
-0.5281168284571132,-1.1874449487047487,-1.5431001676664011,2.565639908652225,-0.1527345562772116,-0.21083972108856713
-0.549126972102281,-1.344390081405503,-1.5770864864519258,2.246906975783905,-0.44234574841332536,-0.668647959771226
-0.4984141522856878,-0.8361652920112572,-1.5976399070277816,2.802746923941704,0.3007181842604803,0.9991863061054358
-0.48256072534679545,-0.8523013383049589,-1.6322375774707785,2.791023156256047,0.31269044392240636,0.9979477826640888
-0.45155654937683215,-1.118944434635026,-1.4747222150168262,2.725446230400501,0.06558741279760537,0.415475365559941
-0.5438436624414195,-1.4565317448092767,-1.4518305539123588,2.6122753356169826,-0.07338229875320242,-0.17690808628500732
-0.555914343844253,-1.2543068323220037,-1.5478039278128441,2.7265700495602285,0.09339817847759592,0.45346501923209004
-0.4168742838919322,-1.1267093439475189,-1.4605781402572962,1.6935212325203515,-0.3201442425495637,-1.178535925710993
-0.42647478063572575,-0.8337930751233271,-1.5295763938164666,2.694725113701295,0.3683893284164496,0.9460286301310753
-0.46674906612182426,-1.479974465763657,-1.4276400213048697,1.8918414013030183,-0.7042812261852403,-1.182173335322776
-0.20625480459041554,-1.4140669428295474,-1.7190333024656168,2.2805370802449754,0.1785023137635147,-0.3538057478095018
-0.19078783741112762,-1.4042603523002817,-1.52942419079385,2.3366393193454944,0.5963859480449345,0.23923397355913506
-0.22933105907566043,-1.532099136560925,-1.735978160237182,2.2895678207103707,0.2749135054307506,-0.32980172494635235
-0.42174477216726264,-1.9115621655387303,-1.781536111581786,2.0702171663232596,-0.059099808841069204,-0.6868929571391144
-0.46512235989775724,-1.8900367996672902,-1.6616105117648945,2.1042456718341396,-0.12730873664104317,-0.6504490696875065
-0.47381319597493626,-1.9750630775695721,-1.5479878084596943,1.8054216242507777,-0.4734160349654251,-1.115029185998766
-0.5520197572524936,-1.8469024851182567,-1.73279615631243,1.7481033338268046,-0.5272862874402385,-1.0830871609577575
-0.552990994396664,-1.2659034080511218,-2.0260532976602805,1.9628921442556289,1.129285434190566,-0.22511147650622393
-0.5958165341581583,-1.8557251593123143,-1.7939249868256266,1.7357822195171164,-0.5291431594853607,-1.0687787578932526
-0.5243808135231477,-1.737874856469453,-1.810473120937972,2.0730803493790773,-0.1780415109500472,-0.6480797406997962
-0.5150857791281631,-1.4049141718253468,-1.7958230327546705,2.268333457496846,0.5377331003407712,-0.15905509292354067
-0.46049484571741395,-1.0607855816382634,-1.8533166721161742,2.203067505451775,1.2110558488934768,0.45113075787740015
-0.6358064486142683,-1.5487193699222865,-1.8104809886674516,2.3877594925930965,0.08974274831398758,-0.1649991578027852
-0.5037112703766029,-1.4168400879447978,-1.76600198209663,2.359552056692373,0.13910955017397833,-0.26194221068323653
0.6135723321415755,-0.24051103594110843,-0.8914359372250099,1.4061313882355466,0.4414285964299244,-0.2133714957871594
0.3465169413023968,0.1465020507887906,0.0471110843991844,1.8267185353166326,-0.14290695528822256,-0.35008867387929743
0.4761419832166363,0.33429884618897976,0.09705792841205586,2.4481462664772957,0.49583502407051927,0.5632753780676546
0.4587462686571077,0.31407277205696704,-0.03170080675046806,2.4047343518439295,0.5300631315903809,0.572922584978166
0.4820765901036442,0.4865093290089702,0.013325710960254162,2.408376614216765,0.534706982899251,0.5371632034909111
0.41589955714021903,0.38976997179665407,0.1005275388667009,2.454940270194449,0.515562666897291,0.5659424839750251
0.3741783830790794,0.1919174168707225,0.0035288943348954385,2.1043661178082362,0.20033930442710685,0.12459840777322853
0.43157052117349726,0.517034375776032,0.08552953758739087,2.3467876137682837,0.9011004397159528,0.5985478442185412
0.4579634296444936,0.2789423652395073,0.04746915957544357,2.512169593384656,0.4590307692131998,0.5993222096101871
0.41192820653264767,0.2722203220043967,0.08156816002694244,2.2102944193046334,0.15338747709304887,0.10144268071357827
0.3878606862622151,0.20074970008893317,0.13820661463135037,2.2207475289800445,0.13855220242582028,0.14227524127519564
0.42501840664318,0.3214295116218084,0.001257868065698681,2.2395411997142385,0.7472676872061176,-0.031565491215389894
0.5073768510937853,0.8589909575935606,0.31029215159778056,2.1798147886526964,1.3457821081008952,0.5804013659446885
1.178713001500082,1.2744072810682177,0.9582526453994712,2.2275898233981177,1.5244898961235107,0.40675916290782743
1.340027815936903,1.2426082732022732,1.1357702605502802,1.9008541484254853,1.257424627854208,-0.10747647071642419
1.2821996240794205,1.061931973895332,1.1940198061255443,2.107884289709483,0.7375826066400453,-0.06284719344133637
1.1800312270894409,0.7562994351392154,1.3216461845388816,1.987486154141529,-0.10417383015477337,-0.478624842214617
1.3560604631601236,1.063898014958978,1.2412148624283426,2.0955826855198953,0.7657276693887439,-0.08898105697097833
1.3364429629874905,0.8637415277132169,1.2627397177204054,2.301823963291502,0.25602788912615726,-0.0443847800940836
1.3698347096516337,1.3664208051676756,1.3426159250059804,2.5104404218140455,0.9689308906354782,0.38493610089258545
1.2832447575752934,1.2677094516455607,1.307564066704586,1.8570014654301759,0.8734899169874734,-0.6396755213246251
1.258068524866926,1.3639695508985377,1.2438283354503197,2.455385510588337,0.9723926589488195,0.40401835832253785
1.208635715756696,1.1113577359927103,1.4350201985131967,1.9493468788331405,0.23727681529619776,-0.44827052601804784
1.192784819834142,1.3699987901537203,1.2557641450258685,2.521196542883561,0.892029036363764,0.4707042707313863
1.308446411599709,1.348809786362298,1.4266719975516087,1.7757735190673298,0.6968205835881417,-0.45274244769189775
1.3585006572211658,1.247125449706056,1.2065415882129324,1.8671817663388535,0.26257085838425365,-0.5015706957357899
1.2117511412862652,0.6058829491484942,1.3800773168844882,1.712252470839797,-0.5416917695110633,-1.7217220459019915
1.2284130265729996,1.2698752697375504,1.5945460814038497,1.8374990247257006,0.26956249538754057,-0.5028322676337992
1.2439546164825959,1.4162767573697361,1.4585917796084595,1.5532460562025299,0.4636928751478056,-1.1397225496635348
1.301104496036123,1.599518530714743,1.3220169435035738,1.70640549367372,0.626424105948593,-0.5067110854785366
1.2443701778838334,1.4776308007024288,1.6587777344607273,1.7354452632584731,0.675289510579875,-0.4801887445217256
2.2503992076678645,2.7696350730143373,3.0367635638326402,2.374549651859064,1.2754740673698106,0.14881524939870208
1.0803894820339157,2.1055542590992333,3.0155550858022275,1.5108104576586974,0.936354609771221,-0.6982027631965972
2.7200880530141194,3.307697031294339,3.553820751050642,2.6805199632813514,1.3214386007530987,0.02523368069117124
2.6059303294817964,2.9547964852030164,3.422033792788162,1.9321041824581395,0.6813765924019426,-0.8626798131998789
2.467543888446344,3.09475260223558,3.085875748649378,2.5172574466774105,1.322810264657768,0.0939662592581314
2.1919410524189917,2.85831391831412,3.1313089334915296,2.1918577460487176,0.9382197063664716,-0.352392125223516
2.1585766911230704,2.7379211887576536,3.1794949684716753,1.8978846873739375,0.5788692220794213,-0.768064173395415
2.2502760111157274,2.5482731166780703,3.2506946047578467,2.597783667463812,-0.004170582137009442,-0.29806041209827483
2.3935525150477366,2.4775972356038833,3.396855805305983,2.89236365393208,0.2799835463495606,0.14844137009805208
2.262557137820204,2.5387571461006475,3.323533815965305,2.2225747290484916,0.9579590777105722,-0.2747399353432975
2.445026999440073,2.3493060407880995,3.60091294584214,2.8625587989069956,0.9206207784715128,0.2193352429772568
2.4391123968890756,2.512312826596263,3.4272222277002466,2.3578892751158365,1.0004347918258327,-0.22741341027199022
2.5343597360280343,2.664896662811627,3.5569925799751285,2.682941706049661,1.2324964681589694,0.24542752631721748
2.467762805362664,2.687477770140773,3.568784952205223,2.5186726644639945,1.1138948125204122,0.3351793004803891
2.5163238997242368,2.4431473483315593,3.7205419960364168,2.129401414656856,0.5923351378890069,-0.687196455194784
2.3267614371678818,2.6898666006874223,3.5531796776026523,2.345004013629003,0.891249758456767,-0.20989079253387424
2.3560509942657712,2.8815685484631683,3.2712950754889727,2.5406996435041083,1.3103551362242116,0.1833403422258584
2.410853927233638,2.6150115394895628,3.672335897105085,2.244340874256084,1.0317301983283707,-0.2657485041892406
2.4026399009497337,2.796075265871152,3.5507927524332947,2.2177324640163616,0.9165148121006013,-0.26324126964083844
2.3328961007779903,2.522735457817372,3.5664537777927925,2.047014105243683,0.6253755898761564,-0.7042211739485558
2.3546141023375364,2.5061183118991557,3.5233597098067846,2.329125704932957,0.9215674567569972,-0.19040702604371665
2.326957107803318,2.5597192227813292,3.646537682140374,2.0298707131228775,0.5631220306634056,-0.6723211242519181
2.449683394258268,2.714090291144309,3.630557492837996,2.3410160683772157,0.9152701089837801,-0.24755642301492486
2.365236925490623,2.4309845043783875,3.3825517683743325,2.7807235941529376,0.9334403796742261,0.20512789084584782
2.5799591218176436,2.7644694748196317,3.6914767279858385,2.3610740383541833,0.9601926696288773,-0.296041481678548
2.2196212854731643,2.785930099930937,3.223757715459095,2.387225046261524,1.9020484194372862,0.2264906852343431
-3.295448298439327,0.11564030726831151,1.693640990814684,0.462565142055149,6.682742451501969,-1.6886131540393963
-3.2951607180813265,0.2248746625761219,1.6159838268025097,0.768669533219048,6.641659027466552,-1.0988794137877393
-3.417687082754013,-0.2174097127364333,1.6181322012442028,-0.004330694114909348,5.8780639081326225,-2.6428850249232396
-3.2257377342131552,0.5197252959105017,1.5235300561858254,0.727180954838939,6.979907848244679,-1.3072109929418407
-3.3514793402318777,-0.04152702470341161,1.4645520131039982,-0.21383426606982034,5.993655493302946,-3.46573135835752
-3.2778041500210087,0.5207553064006817,1.4127678485868682,0.21530228866702164,6.421913301088223,-2.43569365342606
-3.2880923615210262,0.1853492174162528,1.430387352188638,0.21704627941923332,6.129753824546052,-2.234664526064658
-3.402625710243642,0.5217943675533061,1.471664371644409,0.7097640811826738,6.609222444037714,-1.1168438202195043
-3.259755893944125,0.3372081211456511,1.4910860421040029,0.41313835845410624,6.282939780956725,-1.605333695377207
-3.235725221000637,-0.16590713748115232,1.457555678030661,-0.21091463342819156,5.990776850666751,-3.454470236095614
-3.3236686761875154,0.04447597755171697,1.6413009852238831,0.01831609619747231,6.060809406593956,-2.7850719151254872
-3.3987670950713906,0.3608239026758547,1.279590431638701,0.6428402115239339,7.108926446302351,-1.2736042079410432
-3.3045965848625833,0.41881024743859535,1.1791021093937073,0.5732047548067957,7.16771677292486,-1.3282265998912175
-3.2232395766024267,0.03993805483232717,0.8296751591943943,0.48129243040059577,5.554855265719892,-0.679304376059584
-3.4906498823071654,0.1912667157105358,0.9058482936834003,0.5013265450705379,5.374650074633383,-0.5619467252237031
-3.43917069373222,0.29621543686057233,1.3194268938091263,0.539209191899916,6.772941736458389,-1.1204342656166055
-3.3690472728927334,0.14356618276685165,1.2077362563689946,0.4773692153151954,5.415282693116213,-0.6050790118356035
-3.3164749700082496,0.17151026220962787,1.5052435345432384,0.44618972536356244,6.866936505125174,-1.8864226985910602
-3.362052489368924,0.29241467696527784,1.3423681920479629,0.21802194531562974,6.751053606972319,-1.7277979125441483
-3.340767407264891,0.2690255679949907,1.287400043228999,0.3704594835604841,6.900451960967882,-1.9063038389930724
-3.4252056455949065,0.032128149762136425,1.6434686347924945,0.3549183084954521,6.634499380489555,-2.4648840972576096
-3.429561167007173,0.18366498839012882,1.3882375638267492,0.21114030473792822,6.462219183592129,-1.584532171777396
-3.5048563215775665,-0.24667177271003685,1.5470469589935814,0.12788466192940343,6.247994474306097,-2.1184472344303478
-3.4564509618324344,-0.17540879251196453,1.33136192958096,0.3924545991654499,6.666047441632626,-1.7125461746644748
-3.4514827170633833,-0.28695823295971123,1.2770093835902492,-0.15356222923446242,6.301808444385752,-2.0353621653690595
-3.40351473238174,-0.33163631670010196,1.1562922854596367,-0.0433476221264698,6.501661610693444,-2.2317188427951424
-3.465933571857508,-0.5397693342356836,1.058198752968427,-0.18255772730424927,4.831538579701489,-2.300145326743717
-3.5232007560981913,-0.6252203263890179,1.3907150769179908,-0.35917922727925594,5.796024742432858,-3.2001006291499823
-3.4382089126668998,-0.08275893852678842,1.4454598246340504,-0.09936761543794229,7.126168437666644,-2.308129240748836
-3.4972692294278476,-0.35173708554835725,1.1884260412631271,0.17968838424534034,5.045382853794595,-1.7918833785509185
-3.5013461631586855,-0.47724238114329165,1.171125076166736,-0.1681311505519136,4.7766642743415595,-2.28037954953949
-3.477908955682776,-0.10321918159524615,1.5151145667522674,0.41969176429962984,6.955140128693891,-1.8101558604243737
-3.510156027812762,-0.6928042411186561,1.2740177190244064,-0.12470644332537793,4.882107918580083,-3.270502656095342
-3.515867464916282,-0.45282642779338234,1.347431648759145,-0.10954381661766024,4.6662233114754015,-2.2154296601128616
-3.5716915560999616,-0.4308162005319621,1.2914163766177007,-0.28952414673351845,4.531263611084646,-2.0212690166324006
-3.580757136214692,0.12323701720051514,1.243001836617629,0.4711330727773436,5.334660540775486,-0.5308591092552818
-3.989168966744855,-0.4714760621443349,1.2469695535067726,-0.06948085914330993,4.583204622749408,-2.0205816159449235
-3.6564750917393205,-0.48916928761488876,1.445785027820859,-0.4318659849907765,4.583298757048028,-2.5876594106339303
-3.9470299700932827,-0.1925314399597207,1.222577234561973,0.36925468991062926,5.116825516608279,-0.9689285184720036
-3.9276294363409066,-0.38657518377160804,0.9897043179060943,-0.047614261149772845,5.325690277949719,-1.6288442381326929
-3.9565585988931944,-0.5012018647931319,1.099396150239749,-0.17930186984661156,5.101865019352067,-2.2388853633908603
-3.9121433755606723,-0.6345674891156621,0.8378611835126103,0.38025480175680987,4.154536397864381,-1.6774055107403856
-4.021934263979634,-0.5628040524125411,1.22772361612061,-0.46191505583089504,4.725081898498018,-2.6599574086552056
-3.573442682803247,-0.47224670172541117,1.198544325338729,0.18284518953466206,5.022632378138265,-1.7354274150300488
-3.5545959776270593,-0.4723235380912256,1.3006189223694098,0.19852961204250724,5.352033910155562,-1.8558392386914813
-3.907728969284953,-0.45660835718155324,1.208850144738295,0.16302542741965304,5.3986915756423715,-1.7546430773850628
-3.5298695248839835,-0.529449940614711,1.1754253675302313,-0.4750637323854815,4.691912976316191,-2.8111224069775167
-3.8589266517588805,-0.011648511329421768,1.1020273424958562,-0.09629204003611715,5.245505855855563,-1.6701506200890501
-3.549351623398713,-0.34384874062238574,1.1566721975386538,-0.5027618183899797,4.694481546383488,-2.8519192178261634
-3.457583859625371,0.08133362412828918,1.061379487657095,0.0807634259275899,5.3007445363915755,-1.9925995071902955
-3.4559135979416733,0.04231386308892928,0.9977112978298143,0.1081952511980925,5.3044058000503576,-1.9863515561863736
-3.5546834223463173,-0.036383594779483254,1.17140543754334,0.1396184443628635,5.329169579589434,-1.9757295880941792
-3.524990857718259,-0.2043082881987079,1.171051250127004,-0.47396136441228354,4.593725554393172,-2.8655364946219666
-3.8870561574169575,-0.3289791193396177,1.0253408023230675,-0.24914720834770135,5.103878258733908,-2.280978308994228
-3.856205832158533,0.08691594895493257,1.2343505919849993,0.3691075667278444,5.816564950566464,-0.5637276727877051
-3.8898274970441196,0.023988074989568536,1.0187297922610756,0.31584006428217537,5.500393756897188,-0.4209926745463299
-3.5370665982346385,0.22553105922941521,1.2192389678692046,0.11339511357841592,5.234824945984597,-1.9757694241796935
-3.9100454533150293,0.5172177979565463,0.7327238035643969,-0.055208580981174656,5.349936250426008,-1.9577926557113219
-4.000182949701366,0.16088481678172348,0.47285030260868516,-0.7583345793703496,4.809831897934248,-2.887169411484442
-3.599387568820266,0.4212738195166005,0.4956593570694165,-0.13900195315241165,5.452459928351047,-2.117777893741659
-3.553483024697821,0.5889665675400605,0.516473149260424,0.01109749810083503,5.646526027094915,-1.5043404534962097
-3.5127781411579027,0.4000475547665975,0.6077460790371676,-0.09016408228421922,5.033929323444948,-1.9516852868928007
-3.880764439978747,0.40764097819173106,0.4359950033418688,-0.15921318221367034,5.098756841874144,-1.8421636040364386
-3.8838257892007,0.2872575125828748,0.48142518411108753,-0.13458995607224453,5.058189607937029,-1.7770501273194619
-3.9768055563657727,0.08510701292369037,0.6662236316114519,-0.6959659080161053,4.338967019861332,-2.6536021421253744
-4.011029305421547,0.1552679593656475,0.58408729132452,-0.6955996554542073,4.328243263276699,-2.6807082178573776
-3.53011233600519,0.5029452504651658,0.6243300451590811,-0.028571746183421357,5.2596362261898415,-2.0632014861309234
-3.7824282431303424,0.6779286248164483,0.5789026417415841,-0.07924276637239108,5.222387571377882,-1.9739685148899462
-3.8829155054309306,0.45105913991202196,0.6881039601663574,-0.0656888796672686,5.367311070109028,-1.965521657894952
-3.5273194064812463,0.6324013397403944,0.9092082405289736,0.13571137307276557,5.450811690559943,-1.426307605429608
-3.5010958127994813,0.42848821160764305,0.9409096899670691,0.0442212266252565,5.236887802425817,-2.0421566156447093
-3.8489307524967895,0.4960466627992205,0.7911388344888058,0.12017417599748888,5.514505957596939,-1.2889185438844941
-3.892444698458902,0.27822714907551105,0.8308161165920358,-0.3139093546451369,4.966753689999776,-2.3808536989111286
-3.8541346445977807,0.23616378008961533,0.6806637280497653,-0.03398319658370839,5.3215784467153515,-1.8856704263188888
-3.932529364962606,-0.023318925859356437,0.9652641541029867,0.1691826254716217,4.852342784877789,-1.842800842477102
-3.5447631436837788,-0.00024818060278450474,1.0709510133916778,-0.2582467105583825,4.973751536238249,-2.4234721510382866
-3.921501619826943,0.20308194441157637,0.9508178792933943,-0.20118898947237088,5.205274434388256,-1.6713044638807553
-3.985454877981619,0.4523396343138147,0.7780005300895216,0.2496479758545533,5.721286743280279,-0.5835417137652125
-4.060085413089613,0.06800738360997619,0.8017778494327242,0.05892067143224633,5.2606075454835475,-1.79804713921999
-4.12564581628789,-0.17757762186410392,0.9141610869468147,-0.19232526854667767,4.913296064720225,-2.2159635312806656
-4.072684168854129,-0.0884059064281428,0.8291523963943925,0.21132594197769589,4.815803471115286,-1.811416887189756
-4.0396400452263395,0.4422403155032422,0.8037216026939634,0.31237133178194454,5.672040379969948,-0.5723686074133001
-4.063443967000147,0.46646850234685916,0.8593377236952568,0.3187973296397133,5.626593123899807,-0.5370099421472815
-4.075326673914691,0.09799949455772342,0.9245171271285616,0.12266797589771347,5.2170521744527205,-1.7992579046959492
-4.1398042646720645,-0.047425923965995855,0.9262788396935848,-0.1841079568742465,4.852721742112957,-2.2064004249047087
-4.064868321542046,0.06208970009436164,0.703211940026832,-0.24446537247779124,4.885891466972706,-2.279022649120115
-4.058860490125566,0.09550825196794753,0.7569912457168273,0.21686031455562618,4.757130280094905,-1.8390397036630237
-3.541571491487378,0.2843641559915793,1.032575559015937,0.2552866196214658,5.491052694428859,-1.3876282575665402
-3.622909108300024,-0.26949333129846303,1.3171457565798927,-0.36928930149733347,6.003266103090854,-3.342109366112669
-3.4892377431932364,0.3039555923303941,1.1074446966404834,0.4279337265446553,5.682699037028258,-0.7189700480424417
-3.943397092575225,0.16507294176453693,1.1047565048990613,0.1540102804318507,6.702840439088799,-2.366598259290942
-3.524238738709399,-0.030879064929857564,1.058423909170595,0.12348753129732118,5.2974461897932175,-1.9477034459583422
-3.5928254064760123,0.2041730216081751,1.332076454445445,0.5084789716992758,6.398110812978989,-1.8989447951084555
-3.471197591820133,-0.15488798088661843,0.9870288473246855,0.18892148899136582,5.2873119444478744,-1.9493521490721826
-3.556929153443472,-0.16931722739260985,1.3803855952253583,-0.1720712369127726,6.158209129715265,-2.72883766147521
-3.485337551951173,0.2741872766016709,1.3187046838413965,0.5608365171204576,7.024620897570772,-1.216662882146726
-3.5651543628743236,-0.5159286780773894,1.3789017067790945,-0.32376387365831566,6.048126877515357,-3.33527294793861
-3.4974037381942154,0.056365091447852754,1.527998253234699,-0.03563788860145616,6.306845318179473,-2.0679464275575556
-3.5688521295619062,0.49128972248668423,1.055900289129735,0.14678620491436692,6.289910948525339,-2.4382708460554863
-3.552141250347318,0.41499261317986325,0.6494642018998349,0.005541445517329545,4.9983955371768065,-1.9685530082548135
-3.634839032973763,0.23894234977146203,0.5906158437774756,-0.052597821875410615,5.096399153961875,-1.945221204441469
-3.5283618992121735,0.6444721856846484,0.851342197881753,0.18058720443688261,5.523054315850839,-1.4988429281028175
-3.5698291161488025,0.4575462944056442,0.9021867832337552,0.07192998539046928,5.2585083221465325,-2.0681308225080333
-3.5354018860148315,0.5329582489165529,1.154491341314503,0.14142409139906445,6.670029749820489,-2.610272225528189
-3.554165639159792,0.3234693259479726,0.9731122288581262,0.18288930926512129,4.8237915179497675,-2.0768555697655895
-3.5528810096161942,0.32896199962666267,0.7927558082249853,-0.10912565944996183,5.4594511158123415,-2.086190032102918
-3.8932082519207634,-0.0002537347078762495,0.7453397584539407,-0.5241254247405686,5.761399292519839,-3.402205498756154
-3.5333393397101402,-0.10579777141412688,0.6216274679848571,0.15802089061628888,4.645330109858846,-2.120830259724877
-3.9110585004936262,0.2318932024310085,0.43554375920406113,0.01270914563717533,5.027689004707267,-1.9977319750812066
-3.536823570392729,0.18035707058722653,0.7348258903529382,-0.07723105951662529,5.108130577369071,-1.9212207433286175
-3.622048434820276,0.25329952510420967,0.6519219739916539,-0.08893725226949828,5.069820426801244,-1.9066639491652502
-3.601377254325163,-0.1077834824459904,0.787488725763499,-0.6860360563988182,4.444646134820069,-2.8060914861293353
-3.566692570250379,0.13150425865948714,0.6102756963004431,-0.11602473641019012,5.147980687065362,-1.9275917119854424
-4.108426221673847,0.007033673771971185,0.2869831916209437,-0.34460828672157817,4.644591504506379,-2.35093440220648
-3.4567302849274086,0.0693336514508909,0.6389856207398248,0.043684785239489377,5.349021703566508,-1.2628690954265565
-3.388337505645133,0.09979389775892547,0.8666311331494942,0.37034999772315125,5.420188490668958,-0.7938653135832398
-4.187343389191899,-0.07150223695792388,-0.055587692989635035,-0.35390776932912327,1.9172234850124692,-0.5072894087845993
-4.146632640310996,0.12479295711476016,-0.07865320003668451,-0.10000823360488337,2.325876831187089,0.781709092834054
-4.3433406756910315,-0.2674502909371523,0.07281661575786631,-0.9516637721714971,1.1833182865473364,-1.3405884117998914
-4.3025699700104845,0.06113424276809156,0.042723145828562265,-0.2141734944063068,2.04728664797743,0.21181244325627496
-4.303113566764627,-0.45096874798737147,0.0922593854117806,-0.9623230958855585,1.189467828060887,-1.2820530769394312
-4.32491624609888,-0.4269331462119705,-0.07075415615499224,-0.1815893364553969,1.3889909612828932,-0.37607010083662007
-4.379832737080704,-0.5446549256920651,-0.04760687995598353,-0.9337332878664354,1.1670215276078677,-1.263939105548036
-4.396631199318108,-0.5415365126225801,-0.1142305550924858,-0.957521723497259,1.199970173848298,-1.2831650273346817
-4.657932901497755,-0.6056821237836888,-0.28544271863343473,-0.9925773330052798,1.0957969222193902,-1.1497747953600188
-4.551827713138075,-0.6348374892522722,-0.22672138571735975,-0.5443882735339988,0.9743737101207933,-0.6985956874761099
-4.638214221364156,-0.5703150865067826,-0.0979217022712595,-0.9469936466834898,1.0218333338353225,-1.114686500868911
-4.535240336893443,-0.27847800019458974,-0.19965754391019705,-0.3719209065350275,1.7306538511846183,-0.24707347539729307
-4.662679392897972,-0.3823677017996859,-0.06683777936976663,-0.499578143973856,1.6200708804435873,-0.04314431565079598
-4.578873206896747,-0.4248809198970566,-0.18949477461508676,-0.6779490463151634,1.4004760557014189,-0.6872611655407177
-4.767175458496714,-0.3745201065523613,-0.2535954519097693,-0.4174862529598222,1.7597932819022106,-0.17496866230151076
-4.804758665540192,-0.2393748966533043,-0.3426690497168754,-0.27555984046165716,1.224435021221671,-0.2251493902552391
-4.687996654506108,-0.28061479939454353,-0.3531455647004126,-0.41233814527036816,1.6993858556807884,-0.19086190913823642
-4.585385090198438,-0.5472140888086736,-0.23381850295727533,-1.0365918549340967,1.1320945334390426,-1.1592521907196989
-4.61438989102402,-0.6790508019240985,-0.07353003631144449,-0.8245196963023396,0.6139669889650573,-1.140367728729637
-4.6293092730035275,-0.5177007874747025,-0.13941435673789213,-0.9964670191698646,1.0590527041256557,-1.1191510866758967
-4.547218856988189,-0.2795373214889489,-0.23854884458964185,-0.3837317190037334,1.7486607741988678,-0.2505333682978277
-4.750493566883363,-0.5258696001216574,-0.13470461825287536,-0.6607944320932753,1.3784739200516047,-0.5965956904855735
-4.69805402650679,-0.44034910008999767,-0.43860622783894054,-0.44010558068514855,1.836696934420453,-0.1975569179901807
-4.619774236401723,-0.5146850022320876,-0.5706219095843709,-0.480785952134537,1.9452071342536348,-0.26328389337199243
-4.665479628230289,-0.35664735511503026,-0.7111348803335967,-0.12736143086831989,1.9120614880290008,0.9915642584287113
-4.551910308262111,-0.19833316361868553,-0.6541433086556184,-0.24015757933650286,2.3904711850513385,0.9455666794828091
-4.695499089130221,-0.6527377134430028,-0.5040734993068298,-0.7389909370403631,1.5225696254322634,-0.641835686877492
-4.649911643892978,-0.7644217143434867,-0.3752342277006563,-1.0165035374287517,1.2224676392011284,-1.1360834697213162
-4.653586310205382,-0.8008776721115684,-0.3487341750646681,-0.974948306797976,1.1826139413552117,-1.1170624866592793
-4.585405368083687,-0.7601004568183183,-0.5347191696266776,-0.5478403787396529,1.029146384985216,-0.6877589699357036
-4.532353116837101,-0.552189587953716,-0.5242151571841281,-0.37831659874764423,1.8075189315792237,-0.2189298253528149
-4.597750211306396,-0.663120055713049,-0.4472192713931452,-0.825533443335869,1.324105232721699,-0.4849277426971087
-4.460074805994835,-0.4199067981059326,-0.5688870266471496,-0.28134898602981523,2.03688890209342,0.39789465274461583
-4.57659910670255,-0.8267419121819228,-0.5378440533822632,-0.9327267407347101,1.4964849362169486,-0.506297679547834
-4.544894830937444,-0.9100685997954353,-0.6254200827895674,-0.4316651087369489,1.991001151102217,-0.2234541731034302
-4.685452702305732,-1.2426049025206876,-0.3021143553003423,-0.9664006506357722,1.2944746627574613,-1.0553175422227896
-4.699651925208781,-1.2345966968181217,-0.18566713771218635,-0.9205577982011949,1.2236955365154094,-1.0172387952651907
-4.808397223825091,-0.7281522344763612,-0.15309289080212526,-0.7661589963491151,1.1987064380701278,-0.35073558963919654
-5.127814245494833,-0.8804921455174973,0.12347983911569595,-0.7959049023944716,0.6969924313868584,-0.7760398870964568
-5.1648547122347805,-0.7802750156821359,-0.005719816801384756,-0.8458811025926217,0.7347990958138455,-0.8208365017801901
-5.115404399183834,-0.6317252025394957,-0.012413163288656357,-0.7499295752929263,0.9448450341674719,-0.198066814552382
-5.095388884580676,-0.7342401438440725,0.04387559278622835,-0.7454526909429089,0.9465240477419326,-0.16489853568971435
-5.071805531803788,-0.8215832788205305,-0.10281260281604852,-0.5924297555395742,1.1190464773697069,-0.3556323601480737
-5.068918710413906,-0.5032613465795349,-0.10512566909634612,-0.6208874215354636,1.1810853216410864,0.3958018737945097
-4.9770031862799,-1.046804180307992,-0.24551908777361806,-0.8699855620545128,0.8491749963096458,-0.8298351407178358
-4.936391221264421,-1.173703781401759,-0.20868390784196197,0.12152155353941357,0.5439461814321768,0.08879027093142289
-4.8996719505937625,-1.0103939214312392,-0.31503982913162043,-0.5520591257170624,1.162605017709959,-0.36440948043416993
-4.927625676359116,-1.007362834017623,-0.30907251795588786,-0.44392673074203254,0.7889745676379673,0.4235869668453597
-4.9837753509567095,-1.4126984818384989,-0.02557512422505444,-0.6707449377427054,1.0967430434015812,-0.09280489979308726
-4.882154389294779,-1.7283270407951832,0.06621330863676493,-0.29964679762789154,0.7717063467008938,-0.2387509954314159
-4.6326397337447025,-2.0039153425559006,0.5403936169209508,-0.23058035265074867,-0.010819483117834238,-0.8226498364519006
-4.595977559809828,-1.4963038779638551,0.3544250744393203,-0.47795365449512855,1.1652620947142598,-0.23023486009413865
-4.981542176143114,-1.8048643666286421,-0.11808739244614992,-0.7384320953569138,0.9002500583588033,-0.6772719678603906
-4.954541483551301,-1.4020543656431574,-0.2981980849732327,-0.20683497640446313,1.6354142559699905,1.0416436171824246
-4.9082638656406,-1.939008852710134,-0.17010538263128372,-0.17451515660900488,0.3845502722104069,0.6013955803132883
-4.905389822374538,-1.9153103726391896,-0.356500109920811,-0.2736313842360461,0.513421310524326,0.541687248585001
-4.91940683818842,-2.1410238839263367,-0.3908618132413962,-0.36815221607749826,0.29149180210144293,-0.06310875149668446
-4.67386232316907,-1.6502432603257005,-0.38303370637256734,0.13796969832758163,2.1207510273586103,1.4397990256041948
-4.767127482893141,-1.6368905384209647,-0.546719666573517,-0.5938252698140045,1.563429474157645,0.42763971347477825
-4.855958888804834,-1.3860335024455204,-0.5202621923034944,-0.9641256609232756,1.1580952535377396,-0.9059128324582575
-4.915495375381615,-1.4838655853529188,-0.2664613584745435,-0.9248059830025425,1.1336392458139932,-0.8413556874520914
-4.833388235573742,-1.50186678300748,-0.47886919410558454,-0.7126890641876669,1.5961193493507715,-0.41856237633833226
-4.877444799207436,-1.3249287573649398,-0.3676245718608529,-0.8597608782910748,1.4071012167339676,-0.2525595663518872
-4.875676301837643,-1.629951442788686,-0.3445944602784122,-0.9484448966945859,1.2042475684193166,-0.8470321927667056
-4.873601510212502,-1.7712065998858848,-0.49769412720849143,-0.844007879406488,0.8015827720407392,-0.8861879004249661
-4.853125552096739,-2.055254879983054,-0.2684009217109771,-0.5800792603176775,0.25555756371993604,-0.8259674429850162
-4.794207294706434,-1.7213976001700866,-0.3930700164772148,-0.9527153292762474,1.231623275534126,-0.8573884165805132
-4.540611797365248,-1.8245666448254616,-0.06347404836213262,-0.5616268276701187,1.1082130984618674,-0.3700355387141679
-4.529225984624467,-1.5324085412178248,-0.25185938763659416,0.1378282209755506,2.1286047257115195,1.106491296015562
-4.75050599238956,-1.8813874648215962,-0.4403666918233556,-0.9452694359463563,1.3936360893844153,-0.9377040808228129
-4.952269347019596,-1.9606304284070477,-0.4890155078186365,-0.7458731997858186,0.7294335053176404,-0.8268207341703543
-4.891697271635426,-1.8176538493270915,-0.8554824498594199,-1.060544421897797,1.4040265875445215,-0.9199264094490401
-4.813679669705956,-1.3830175498895103,-0.42111182360907146,-0.6431670437988339,1.647317255976559,0.3474383985149428
-4.549532172574912,-1.6758139107793073,0.050371778401850295,-0.6755990324252441,1.5567210186899858,-0.3502982212088987
-4.552779049714737,-1.5549223507853023,-0.04883573150431182,-0.4098896167186833,1.9164815869978795,0.09853512211235128
-4.512599261669261,-1.6300017944050857,0.10422295381067063,-0.5201847561263374,1.730390929444809,-0.5680462142072801
-4.54494601838918,-1.4902470092424878,-0.06636832258469479,-0.28780223354580575,2.1006815155155087,-0.11753404890034352
-4.881740889021214,-1.2090275186282835,-0.6351293877817397,-0.3004394815454618,2.168329065629147,0.6288346864215678
-4.878933205543898,-1.3268576046214127,-0.6846567772040005,-0.802637244928101,1.7912458218653518,0.3027577614402897
-4.996961149693364,-1.537120752533747,-0.5852784083884774,-0.9986229106161895,1.2872719618198942,-0.9207963728405163
-4.973758469729542,-1.6382330522823298,-0.5550461632632089,-0.9977783525505266,1.3091630482239185,-0.9092922428030811
-4.967696032614076,-1.4987725147982531,-0.49495314884878444,-0.8027931002792901,1.4508665558153115,-0.2636461502566882
-4.979085481700433,-1.6850209632124276,-0.5017888018071295,-0.9043916576363822,1.243889027563881,-0.8837891082148585
-4.939224248934072,-1.361497587917728,-0.5124006062570607,-0.3364150615382032,1.9144119580786396,0.005471542670523685
-4.972069526970106,-1.419533459164499,-0.1308147631566759,-0.5049088964662029,1.412495510540824,-0.3877399431333775
-4.957926478811486,-0.9186601880235012,-0.004271757123538847,0.1360952835854048,2.0354098912229666,1.3388450690468712
-5.014414043684702,-1.3822179662102112,-0.060762190014592335,-0.6579955400718491,1.2456957961467956,-0.1977545239936044
-4.968880749039448,-1.4377981856303481,-0.050904372086438124,-0.19388309286147828,1.1224486142042525,0.24576081091431837
-4.9470639613935585,-1.3521462460730713,-0.1592233376104169,-0.18782367177057013,1.7107290208433856,0.08402621505692816
-4.964002097690861,-1.6038474198954014,-0.10335619348275456,-0.8183278000543102,1.0801800486380786,-0.8249392840997825
-5.016769963748724,-1.9179452586174555,-0.08603593462656807,-0.5311856733986455,0.20255686279566543,-0.8436465654321066
-5.019526657891869,-1.5772767595427961,-0.18493449629991177,-0.8557968591233253,1.1218267950571124,-0.8447743860458983
-5.0024401788329085,-1.3907289872201227,-0.15719462241534848,-0.723426616926623,1.314078242338118,-0.22480007121238058
-4.98666658729194,-1.2400708538561076,-0.19130335527195097,-0.9152101796830868,1.0823489097694996,-0.8956941053665748
-4.969164308390648,-1.1477012385705008,-0.05015297393170988,-0.8233598490726307,1.3350766824937668,-0.2601515660333585
-4.9606497829389085,-1.2948067989671306,0.04907069185171502,-0.9176980728026747,1.0932177603127806,-0.8635596044022082
-4.779093064208264,-0.13529409864172376,-0.4044746022998673,-0.1973088922852018,1.7436336402649977,0.5049975287241146
-4.656434912705394,0.7910500776321234,-0.7143179789372347,-0.04395009617975668,1.5640486533204279,1.0859524454083622
-4.774798655394279,-0.013239526017421524,-0.73154399027862,-0.9253636589951142,0.5488500597533807,-1.0164979818588973
-4.748283223620243,-0.007793596669422712,-0.6105757398628312,-0.5950214877994108,0.9694079119718428,0.29321989012033295
-4.82662150576378,-0.6848314916127416,-0.4559056716352643,-0.7293805232997289,0.9380130742696328,-0.25052352592470706
-4.785317204363099,-0.8044540625369733,-0.37267875272046835,-0.20473292694122477,0.729616259217268,0.24711059533894417
-4.719562150653774,-0.3616204761191197,-0.5052759928877265,0.03910879039103288,1.7452674793182439,1.3113731300182203
-4.912261054667034,-0.07547809813616392,-0.5425666368601828,-0.9874939736331165,0.6455986858629356,-0.9867634935060057
-4.829014012550387,0.022968342403151584,-0.5938239354825646,-0.3518919813396526,1.3202439274298925,-0.065468290130985
-4.878425472200614,-0.23149460492038285,-0.4878656807141295,-0.8766710943879729,0.9540449884344704,-0.31895093076812797
-4.826983879098615,-0.6661253807646328,-0.499296089732337,-0.6339723771994525,-0.2406369058258208,-0.9514523101077137
-4.701065696673167,-0.048737720844322575,-0.6888706360799591,-0.14422580857976128,1.8802880876187726,1.2046350276205346
-4.881963376267055,-0.4047773445325788,-0.48207857011375865,-0.5149882439175886,1.3264768054401868,0.17270808325364537
-4.912878156003932,-0.5514451297252426,-0.4239608721965433,-0.513423399425851,0.7295841307520124,0.34509071355310944
-4.927149872117051,-0.4621457675412547,-0.5175506137260948,-0.9862955224715065,0.7373189649183899,-0.9355422899047385
-5.011411221669575,-0.42948441349824484,-0.2988148722341599,-0.8994324340145557,0.6251606613596934,-0.9054191222743259
-5.030994328615542,-0.41224100393216895,-0.2630658763166295,-0.8911076525885551,0.5909475705811431,-0.8802204742402606
-5.026960605746597,-0.37959946206916806,-0.20798823533110564,-0.8862844299226755,0.5790647799196381,-0.8787674641039931
-4.9836483923411965,-0.08289888825005395,-0.2610131465824833,-0.15606867310272127,1.5111884515462441,0.6377171557294582
-4.994205093013261,-0.507697548963957,-0.34850581231144717,-0.4657715673680244,-0.08890191664595878,-0.3071815408852946
-4.898203331495647,-0.558811810235653,-0.3223539795387447,-0.7398045388093298,0.9059423649042111,-0.23880466350906648
-4.851001997022893,-0.5430462932286076,-0.27156835070210594,-0.7585325732991404,0.9077849754946727,-0.23325849411109312
-4.835730332733516,-0.5370296481051524,-0.4108659983766104,-0.46633615104366216,1.237096478658254,0.23772114642926803
-4.8593760811388345,-0.3846420218952063,-0.3554425545727158,-0.660829901103918,1.1420751525406414,0.3718516530330065
-4.883427073510963,-0.26213010886881055,-0.3941171075776413,-0.1542414726795594,1.5719488957941319,0.6511339350267671
-4.895495451191156,-0.3579722562804249,-0.35510030131577897,-0.6298132493428901,1.135694695232422,0.36247493235130535
-4.933075882389547,-0.578194771406526,-0.371894425448398,-0.5510877812017737,1.0346366322809497,-0.4138656659310838
-4.965521078386701,-0.3472262677214774,-0.3242530114901938,-0.56138537787066,1.0851612436437665,0.3767098011100097
-5.024347685569001,-0.6979127783543491,-0.30060116227750044,-0.7723404299897522,0.6515012542819038,-0.8524408069275528
-5.024585741856131,-0.6958765458521793,-0.37140742147406125,-0.8115352713326174,0.6974878612994764,-0.8699099161243419
-5.005700931907319,-0.6108241514603606,-0.5460785021295903,-0.9067502342614888,0.7797043608077482,-0.9249635532194979
-4.848193078312568,-0.5656978137602917,-0.6213094959462854,0.007541117750208275,1.209197114945767,0.6124931674854236
-5.11335646796329,-0.7452899045075886,-0.3724941870190528,-0.5317672398167017,0.4214411360287287,-0.2355457092523512
-5.079279736376225,-0.20656239127082637,-0.24764353601983444,-0.22690843458313104,1.3349710101509782,0.850156736327089
-5.030319378980801,-0.40249258987997577,-0.17619394952312858,-0.06256714629083607,0.8698861901736329,0.8580204406406629
-4.9692483572010335,-0.6352185374459891,-0.12874431463690691,-0.46550116895718985,0.8850947872857936,-0.3419729683466051
-5.196542417023804,-0.9680594311320062,-0.18444781412953057,-0.34422977532706167,-0.3095557348611824,-0.0010283235748400547
-4.988598527112294,-0.6311381846422056,-0.07255882341768259,-0.5837680555181244,0.711010817993454,-0.15682385773548746
-5.004852222517623,-0.6304604746297289,-0.12934188883085793,-0.5873265252133139,0.7338543756953434,-0.1744748281493227
-5.0205192972523225,-0.8115288586312428,-0.07258121396221516,-0.41038109350989876,0.25692256540948333,-0.16274903445291822
-5.005430696373073,-0.9770850220623409,-0.07513555273369686,-0.6732517025458324,0.5159989457244176,-0.7435689971070687
-5.031671475197062,-0.660020090834702,-0.13200763972155158,-0.5693088891934506,0.7076144059609326,-0.1535896867363329
-4.990647010408312,-0.6555400630949257,-0.15541584676451223,-0.6393152510534651,0.7545724426322226,-0.16767504224767404
-5.18319662760309,-0.361851948767033,-0.11188598769096124,-0.5820086418005055,0.7892673508369422,0.6141177028641978
-4.988882664247994,-0.5127666143905849,-0.025070007272492846,-0.13319747861884,1.1591279782583557,0.11237496774634294
-5.208824271323696,-0.711706454887814,0.006936674494027375,-0.7763531307445469,0.31877698319795766,-0.5872542052796772
-5.206046067722979,-0.8629883652643238,0.07987678300452829,-0.7275405245607692,0.2959197735864805,-0.5421208040414247
-5.240799514667666,-0.9573513686921821,0.2084425068104347,-0.6892861564204001,0.34939931954489606,-0.5400920985758496
-4.909768751770879,-0.7714629206221836,0.23796802298320519,-0.489179155724506,1.0164738438381624,0.5160865662170485
-4.979365012232046,-0.9088804723451299,0.23027980502125056,-0.5220725868845706,1.118051010530245,0.5228162464478203
-5.281393097757658,-1.1211531935297987,0.17239226925541196,-0.7674233688968795,0.47026246615305567,-0.5228690566208338
-5.227310330052495,-0.9584562949661198,0.007124159937089911,-0.37308759019929777,1.0855033008716959,0.532649280154069
-5.09185866309127,-1.470541530257847,0.25194835470034643,-0.35192096924418725,0.06627105647078793,-0.1165593382036679
-4.971505603992202,-1.1601084662536414,0.14042472997549782,-0.46777620591157104,1.0621562052574252,-0.2861368162970808
-4.96399716391251,-0.9404364281847827,0.24781784164534076,-0.1797038100334108,1.488055662999825,0.9746985625923701
-5.25700112373694,-1.3554235873682108,0.17673285610258102,-0.5235483047462303,0.3612072164519299,0.08245639778273431
-4.94474475909466,-0.823576687674082,0.16163129094417705,-0.5574505989491101,1.141268161202087,0.4817265662138445
-4.978601959935443,-1.172286877172356,0.2117263603243391,-0.7939854145093775,0.7074371038078815,-0.7376129153172063
-5.0570808641092055,-1.0215174619167544,0.2140302579990936,-0.5992417905054808,0.85654622435206,-0.10520635639130269
-4.928682980390599,-0.8123841243973241,0.3036255928833632,-0.4674229731811451,1.062590642064175,0.5040315389703446
-4.940712086097157,-1.001689620194659,0.2819270662113329,-0.6047307507512137,0.8679053280014273,-0.11387658186269742
-4.985911696506151,-1.6300568342770765,0.36119829419274346,-0.27421289200282006,0.03378235329128217,-0.08064616539444644
-4.969811365796269,-0.30126101979872183,-0.05465496890682062,-0.42131510735669464,1.1625550368937723,0.20674012409187098
-5.059597450544296,-0.32728903684999183,-0.0777150211184252,-1.0047325615254834,0.7316021638717825,-0.9362026856870512
-4.979206735153643,0.11707009204615274,-0.1544485362667006,-0.2602998902348063,1.6053582199852248,0.5608122282721604
-5.0246043043989825,-0.03872584583980552,-0.09076435100406487,-0.35901399440555454,1.362614462988035,-0.040378834535420204
-5.004366160829091,0.11553580963144541,-0.11860588797393788,-0.22232514453990754,1.5669564735560146,0.5734445291193605
-5.0194579407277775,-0.024874470368087293,-0.09940283073347066,-0.5209537825750759,1.247349007895972,0.11805153548720237
-5.010408022420045,-0.04211703984587909,-0.17106121052741682,-0.39948643510508425,1.4134769806871446,-0.06328301428656793
-5.038260259562866,-0.16165937665186708,-0.061876882173408226,-0.6811532559758724,1.044783969622372,-0.48831479780540776
-5.0914591627991195,-0.2793421015554958,-0.0114631714214494,-0.9690172416788971,0.703960070685661,-0.9354093280103567
-5.147024733235928,0.02571176235630382,-0.16687888349219068,-1.0108579948462666,0.6594591375693948,-0.9911921879271932
-5.033376272692677,0.3030701100978201,-0.17500517459027617,-0.212783270616471,1.5189620496154794,0.5423374222193825
-5.071591673348251,0.4269431783573699,-0.1697502561856322,-0.15429451188957674,1.4541550882005454,0.5306136113761809
-5.1294972475769605,-0.3156305849047837,-0.09733038893247857,-0.6289465756969855,-0.25102510198654604,-1.0110816117318897
-5.17705023656813,-0.2838393909742148,-0.023925127025463046,-0.8858389467336198,0.6628980246877271,-0.929735889293774
-5.102088054750001,0.03236476876572016,-0.1736423240379785,-0.13468677833838472,0.791405402177643,-0.07428788017879626
-5.165144703617261,0.022410858287975316,-0.09382411123869748,-0.9242606267451772,0.597862269200064,-0.982184438734109
-5.134260252236554,0.5857207615571718,-0.19430668532178882,-0.20843151422176404,1.4476833193394214,0.5050130854856872
-5.135458227899931,0.4958963041056082,-0.16164443477550802,-0.1959506580570522,1.460454856135681,0.524156705496886
-5.171222227646668,0.26492445252016655,-0.24447955210130398,-0.29054450490509254,1.2641192244685853,-0.0994412169548688
-5.093772140536916,0.18626488948276768,-0.23618026676543022,-0.28001048725871236,1.2506981400002828,-0.07854176800305682
-5.093905493475742,0.040657061895801115,-0.1733621444654165,-0.249894331879611,1.2412331795801597,-0.03102504204402904
-5.165871351861903,-0.29169592328142385,0.06778649066631322,-0.8402279687209193,0.5863613026712227,-0.8869838894034324
-5.206641558304848,-0.13594533613356824,0.0579106717068488,-0.824347626446913,0.5524513716290125,-0.9186741204529846
-5.233843372734317,0.21276840082042295,-0.0655481406092263,-0.26179210514561263,1.2558391959413675,-0.055188636469404494
-5.169911189326236,0.29762380146995665,-0.11126002347781803,-0.13667728628596715,1.4738965272824864,0.562122366861132
-5.198236186928363,-0.12858852057763454,-0.025086797471393564,-0.6272114053055456,0.3940060189440537,-0.3432664652116959
-5.1823230628738575,0.22743425878330428,-0.17866569195393509,-0.39419992648574326,1.3847285666165723,-0.10716473093815021
-5.132407816785895,0.06429662849722498,-0.28610758779280665,-0.12008271235265054,0.451617506850746,-0.15930360047514874
-5.122919927133031,0.29343730872586266,-0.3410324835080345,-0.7973545670671529,1.0677699774033085,-0.608696848329862
-5.044052109878664,0.3977051805233671,-0.45876586094620014,-0.8021871475923399,1.0256823616983703,-0.6340516196562016
-5.108287455323736,0.1701393743408577,-0.2410648963817473,-1.105872113824932,0.7258149050178356,-1.0428166693463818
-5.141226630239391,0.3990047689998906,-0.15486301603279748,-0.2867257309300958,1.5718863590433965,0.5367444151955907
-5.167607948278916,0.313289429579295,-0.17355694018105602,-0.6906182715047086,0.9399974811201667,-0.5506372937135812
-5.1550419696453025,0.27869886180741993,-0.17925150230316164,-0.2362148768764453,0.8201213626441144,-0.10695916816173506
-5.164465444887022,0.3991172286406824,-0.19906041850729603,-0.2939132614767887,1.5987183811881907,0.5114242904715521
-5.105816571167437,-0.022256219080351775,-0.05532708046200549,-0.7123944466342054,1.0808005831493221,-0.5248017069271083
-5.122641816957252,0.10750145992134455,-0.07418561827446833,-0.7081016066124768,1.0489278937156021,-0.5484809390837917
-5.159985343186277,0.2922995962811759,-0.3231027704331796,-0.7517345353581708,1.035900323828805,-0.6049998463471111
-5.091504063620837,0.741493535785357,-0.42633212918427543,-0.2154534599701447,1.7964624442184385,1.0719071547485644
-5.0861561492110585,0.5759679715398551,-0.38802152894478836,-0.33649618419177063,1.585575210171083,0.45674074285326105
-5.098911464133882,0.46658675005187705,-0.2839725618666471,-0.45292852646192483,1.3619095833496093,-0.1592558732491251
-5.067413306714415,0.4556352538009948,-0.29362835823604444,-0.7185383401644874,0.9398284223300465,-0.6132459632983697
-5.122395553884537,0.1825316061571193,-0.11246753072306247,-0.3766111173216703,1.3339910545068454,-0.06547355131764943
-5.0879254047070805,0.203556498574084,-0.1528435561078548,-0.7282630213757594,0.9846542862416099,-0.5358547589217292
-5.054711688405568,0.6261057504317191,-0.18720091041892126,-0.3132445585012872,1.5127665803813286,0.4929632418394942
-5.094754199860352,0.4791830055158513,-0.18435465041468332,-0.4445361900644623,1.3152550077850282,-0.13074193213025134
-5.03300487889399,0.6360235049329738,-0.38776600995351634,-0.4958347273067694,1.3408374198788071,-0.19877900861526
-5.119763220044934,0.42705398501678987,-0.3637484012133094,-0.4932243267244408,1.3820451758766994,-0.15735243174908226
-5.074802576853027,0.4159738630363808,-0.3516195878482735,-0.479968667492075,1.3835833526425294,-0.16297932043817603
-5.060618171436988,0.17534687961434794,-0.13478523276452145,-0.7440407856713525,1.1269681068632336,0.25000830284165254
-5.080050841614665,0.3764149211146191,-0.16785530143823033,-0.5814990762311566,1.2016266667001516,0.049649424900897826
-5.048754450151181,0.47448973183058235,-0.2146843481417082,-0.45467308112665067,1.3418881145103674,-0.1477058650302347
-5.044660351218446,0.6010165854150199,-0.33295716673347503,-0.4310627088071396,1.280957394137503,-0.17718221698971848
-5.16555395671892,0.19898071468565007,-0.12476680276514616,-1.01723423281633,0.6235569191845513,-1.0074950559604667
-5.062857629737364,0.9807518140578446,-0.3755717952884375,-0.19107944782530814,1.6893107663091236,1.0601608848577508
-5.071821793028919,0.6477862945826077,-0.3017090308650385,-0.42676199774837864,1.2791734526686083,-0.18282368175302377
-5.066898112775406,0.6789923787841036,-0.3179703488340297,-0.48263499555956557,1.3137617677531495,-0.1917495863357218
-5.070072316983056,0.2081215363144163,-0.2950188046514926,-0.558464309634352,0.14743889175251348,-0.6607339402442298
-5.033136831217947,0.6811579302692864,-0.39094319720038956,-0.5644395721505897,1.3805143283865497,-0.20981393946104832
-5.094105652599966,0.18262072029014595,-0.29004444324569895,-0.5112378002540552,0.11622930506049953,-0.6519471233308616
-5.019269497770053,0.6967340770007601,-0.3165867515888238,-0.485707504254718,1.333635694868227,-0.20918374185834565
-5.04798566408037,0.4666383412330185,-0.33250159762482784,-0.20674836086001522,0.4256150893332439,-0.2400066843055998
-5.008209872081829,0.9768270936211849,-0.3764549395893447,-0.3780077582212745,1.519395005246421,0.38652391075485815
-4.991102249825542,0.6667133875161421,-0.3317566163328975,-0.49380069395867665,1.3371883864363048,-0.20210677157716606
-5.043269082697194,0.8335819213134148,-0.34298159254089583,-0.4977108591685976,1.3092369000233683,-0.22982034852422983
-5.059491299462811,0.9457487512187919,-0.49387396227488894,-0.40985929623221806,0.8354893308884687,-0.2968933426798507
-5.049553271231672,0.6591226351835678,-0.36146648628106687,-0.3713455590408739,0.8900870573668009,-0.24824936973127598
-5.366175981310683,1.123088682594048,-0.16940128192499185,-0.217030123583624,0.695441966269515,0.5899713451766658
-6.719173291744446,2.5726156631945187,2.484361342367219,0.19757822868903246,-1.2054069204656284,0.11026893749841135
-6.6795828728744535,3.1218239357501116,3.2858275432665986,0.5883102084069631,-1.4434046282434023,0.8171953089314966
-6.748949243574317,3.463108027460347,3.69790439022602,0.7018080008696717,-0.8738051998182098,1.445201075924707
-6.779326023508878,3.3188384737719616,3.9116074487069925,0.5308937286421302,-2.033491212401311,0.3215954346701799
-6.829108415239182,3.135325119824829,3.935129282182899,0.44943108023513556,-2.2457978518119286,-0.3059151654895854
-6.789429957340355,3.387817015117066,4.129239507570969,0.4952955492969351,-2.2263878180510237,0.49961097753915085
-6.783672323148688,3.3818341875927582,4.042534888911678,0.7068818907679785,-1.5082214761867863,0.17932731615988828
-6.983930231136753,3.464902757630147,3.645968260897889,0.539892678506564,-1.5598884545302092,0.22070965825581612
-7.038349009767405,3.2146682289962785,3.7058305136909846,0.17326161477813867,-2.436589142867466,-0.05509353328065684
-7.037468118276784,3.5431456090958733,3.714253696029151,0.9334057498401043,-1.540230594327493,1.459863509573339
-6.71436770337631,3.9585277823452496,3.9446641216288656,0.9410538990560985,-1.1540128375073946,1.3705396766777358
-6.82109153144466,2.9311417337255117,4.203035225370167,0.2786876740190628,-2.6553436889158912,-0.7056827457824465
-6.779436967647553,3.1175230832030847,4.096024182179677,0.26260187174453725,-2.7274430432570917,-0.7305215903773857
-6.7724920350164926,3.6670231065605123,4.022841532747603,1.0646548671883305,-1.555792382919377,1.3784099097402627
-6.780158455785794,3.4426903650844287,3.960127617047603,0.8079114772611302,-2.010332722105232,0.13626500073790335
-6.823212932842904,3.1504461923055955,4.169559144105579,0.09388371269867567,-2.175201853357734,-0.7144292949153189
-6.911633816027087,3.01188262570152,3.9921378649658177,0.5113966785528312,-2.278975258740439,-0.23817786853019526
-7.016758594424335,3.1946786505807196,3.8336256088816985,0.3215505279030141,-2.1617407547517824,0.5712497569552786
-7.008379878556242,3.4922217020289525,3.793148148140797,0.20934545851046282,-1.1707374228776042,0.43262253439629117
-6.855010264247584,3.3845662482875025,3.89398551845605,0.5293085591185146,-1.2458065506088334,0.9762289943958307
-6.943629486722034,3.388537818734959,3.5673037312511444,0.6305360200880694,-1.1767960629998626,0.8164964628986572
-6.922330188557235,3.4405153380512967,3.511329264850223,0.7660178394887618,-1.6934751227027849,0.7855848464426817
-6.743196336238282,3.6576588950735074,3.776957363035317,0.822114698933004,-0.9740618595820804,1.3722263748574826
-6.883540016481871,3.4808516284602864,4.324023791072825,0.42414228648383506,-1.241078258432366,0.4492606626455617
-6.809188830154985,3.935170759833889,4.122997999139239,0.8355359973612525,-0.720893188326216,1.4626324253671168
-6.80229845165929,3.822901680909316,4.002157048244049,0.24000867180920787,-1.576994481234528,-0.26521706278321966
-6.772405929962777,3.716082600359697,3.845104058388294,0.5627682712044844,-2.1170298016172935,0.2363499328711294
-6.848076460710382,4.08675050757287,3.78445888595672,0.4823418893352352,-1.5847702135269006,0.9294119667219242
-6.736210108253922,3.4143264816139287,3.8678415219943294,-0.05592902960612824,-2.6192991108067685,-0.8052974498342194
-6.816372938033681,3.3050124372581604,3.881745062493494,-0.02596380605779607,-2.697037625067438,-0.719711209845217
-6.521494182801796,3.9317992306924636,4.074610543663127,0.212020124875351,-1.8191611568794652,0.4195005674278157
-6.616050351405322,4.258906295988382,4.104395210376999,0.44163066278748137,-1.1264702843855656,0.9200993085192685
-6.661265957593575,3.9386322048692946,3.9566235417923905,0.6734372130459255,-1.9019524504152385,0.8652056936007884
-6.654335276108457,4.024215864084715,4.012953641117415,0.1829743314275246,-1.7711515497050543,0.4212316950110628
-6.715164418950912,4.012686927075225,3.8464453023925658,-0.3789653156482084,-1.6545917169593105,-0.8429780244088065
-6.525628083639638,4.39138558292584,3.9299034855133272,0.2507513484005891,-0.9849222171697295,0.0015332233602130655
-6.761499036787426,4.7245925089038305,3.6220685292207038,0.42155366709425224,-0.6056131862360901,1.2498777385400306
-6.90079631264267,4.227742501630844,3.5787263164287197,-0.19718762795461822,-1.2706334839676654,0.428655793499411
-6.753824881259778,4.118364373333248,3.667775980007303,-0.12125844216293549,-1.3113533692975015,-0.42379806740421544
-6.718939229204905,4.171599374339738,3.8535236229331233,0.14331901846797881,-1.7338606697980066,0.35313112142174974
-6.848137084312014,4.246916296822608,3.8662287283185637,0.20411189657810655,-1.8314544676457358,0.3782902192432761
-6.827326590873623,4.210623392034886,3.774556064176102,0.4181558185553086,-1.1155667066329062,0.06306024777437876
-6.980293602195257,4.376894506870861,3.7233111138777333,0.3178243423281276,-1.0944191758081185,0.920893131629022
-6.797145095889515,4.157078616242037,3.933789674506445,0.2307146096745659,-1.8215013037499332,0.3880536966380899
-6.883622249777275,4.139877102027603,3.558438567199357,0.8473277324080598,-1.544407503597707,1.2772976245449468
-6.834940651891488,3.974895244434602,3.523241544165513,0.4917779828894085,-1.8200434174888573,0.8104108974354102
-6.85214911538517,3.837495451354902,3.5200779567790237,0.16959200832719187,-1.5407063078809378,0.24394065864068767
-6.672328867798668,4.01795836668104,3.9897526058631514,-0.22342851108746084,-1.7354179812713346,-0.8563714691773054
-6.663276688447623,4.176479328703616,4.115799490949856,0.11428613426485655,-1.4132050862317336,0.4676642231658188
-6.678473283131953,4.274330131898457,3.9535549766204645,0.40345521737865925,-1.0432795009343745,0.8897842039206367
-6.618188330012758,4.139093901186547,3.8976107147318717,0.002181773302861814,-1.284952442443097,0.4086395434058092
-6.667453020180262,4.054076495425724,3.753186237399253,0.08027252899724899,-1.1501211707083276,0.2637707821307556
-6.631454746997858,4.127634880361355,3.8007398663984584,0.35863295464639633,-1.3741258146452606,0.843072787494448
-6.794118499938982,3.8598163174580864,3.8180931596100662,0.17069532107448443,-1.8177950174507087,0.4697712472513489
-6.931857615739271,3.2889571303324137,3.7684683447719505,0.07208286483453616,-2.6885013325028484,-0.7362634077928567
-6.8778036800393805,3.949267917644702,3.5412576303448375,-0.016230356232980886,-1.3010159227784914,0.458799267462102
-7.024271947588343,3.768799188806762,3.428364222811603,0.25716280071804865,-2.1680900238435132,0.41072256132872204
-6.753028057418167,3.878582912803823,3.7133546521658354,0.679651317374318,-1.8326950162536226,0.8291413368435883
-6.8287633746542165,3.7133294749722845,3.913269577840856,0.634538919721221,-2.170950175938543,0.28390527890890077
-6.802901025119859,3.8532725122869524,3.891806092662437,0.21486793924620057,-1.8387548579501614,0.5093622340693158
-6.737974065452787,3.768710763635786,3.9289206326785897,0.32561327654738725,-2.2352784587935437,0.4263397474309634
-6.8868173725394835,3.60189904632112,3.7770184067082044,0.2722403155924546,-2.306913563432003,0.5187217005092201
-6.747506035410706,3.415951808270053,3.8479771161242264,0.7733812775858199,-2.0548408653364003,0.1586567651250399
-6.623923849841329,3.583212013805372,3.984702060425326,0.10834820902329378,-2.0123110689430717,-0.1444055146171134
-6.85162599438831,3.675157362815031,3.658279695019867,-0.0497267379055881,-1.2150082488179426,0.5305023622725114
-6.7992067409420995,3.2267087592674835,3.615516148446155,0.602269125329283,-1.8409458321000236,0.16892833713851912
-6.846615841807896,3.7295987191324147,3.6088406342851598,0.8097227967261167,-1.0621494152599156,1.418093051980769
-6.7529216329846555,3.1589261384322236,3.9296693445106317,0.23694491168344683,-2.701268437128191,-0.7468719266994559
-6.774364601678806,3.4985777902733246,3.859518572116726,0.7485583270982834,-1.8598339797942236,0.9390610554814994
-6.846254197801848,3.61343313207065,3.781888583617991,0.6608429286221216,-0.5924291743303327,1.5269069993236464
-6.519727734657357,3.5559569409151415,4.01956320813419,0.41573692167754445,-2.239014809561286,0.4793278114388091
-6.694594703773942,3.156217876834915,4.028982236549368,0.1509483836136295,-2.717417985654422,-0.6713550377991632
-6.608693782846023,3.578373153509833,3.9619299414023708,0.49359045682678004,-1.3460516094392605,0.9880281914784285
-6.620678957527223,3.333082903113074,3.4029143002125966,0.46236361116888985,-1.784100119019499,0.09990316580798447
-6.718622877085682,3.349612228712914,3.333681158249368,0.20492809115685756,-1.8848479233181727,0.29838298596728763
-6.615238116793823,3.6849775049338653,3.462621343600892,0.7772960992461498,-1.4227833035864652,1.3607064891621583
-6.530987358283216,3.7895577194938093,3.8464718972533363,0.9172401518979904,-1.547405513922611,1.3909076716640418
-6.528876596419343,4.305019143091465,4.126873060755296,0.7136236401034913,-0.7737506238337508,1.3914052284957001
-6.6104692574495845,4.368845878161387,4.001517400164932,0.8229616269827686,-1.301995690515955,1.3783067047432154
-6.504337197506415,4.201193230977227,3.9328185131010787,0.136646804110742,-1.9363986968793994,0.4491904048523717
-6.585446390826744,4.07613194006548,4.037135991125967,0.6051416298902758,-2.0325284186676074,0.9235027489739049
-6.755196466208552,4.066520687190044,3.8858557372368905,0.0424159730945223,-1.9217642887341095,0.5159346558895671
-6.536555111000618,4.380896978231501,3.933604375561178,-0.1591120003649988,-1.7244885474577716,-0.20704627663628408
-6.83444181989372,4.0551920359571705,3.66145392431451,0.8778490360160627,-1.7233769949261288,1.3815735414808699
-6.878441755308211,4.12401205804428,3.762864622838321,0.1778373146119855,-1.4117567013631445,0.3574392416113437
-6.931659824069456,4.105559404926115,3.7586613815277725,0.30737091739372163,-1.1372214129804252,1.0039459733740563
-6.730203146128322,3.788968873583077,4.162784027420848,0.3332579506983629,-1.9565238503953106,0.5292035843875691
-6.638324563481798,4.195767113199409,4.153314259907658,0.4413726761069903,-1.1207749643904508,0.9358769567992461
-6.745394978708545,4.005636973042479,4.0494363578258605,1.0121083794427688,-1.7207322090430301,1.4088047478716796
-6.595895126173166,4.104314052387886,4.140185633141464,0.3994270062266743,-1.1285345578147665,0.9874084185312884
-6.707779847431884,4.053140552676049,4.072444024308166,0.5412127285655617,-1.5839067702923089,0.9555487178444252
-6.794731716593161,3.8980453506864285,4.033289769511913,0.4573045920523951,-1.2349478113630072,0.2219781118351633
-6.847833162245928,4.367629269459964,3.591820131038625,0.5447003833515769,-0.8076191449784154,1.4022384228825309
-6.84002312572748,3.8739935201620836,3.665998067555972,0.5705192565022947,-2.0295294626941995,0.9236643626837319
-6.788563578545816,4.146267226719575,3.797155860454428,0.46582662857941787,-1.612044234091658,0.9090382574337478
-6.688138130535686,4.175073064293899,4.063423260152974,1.0817395743247586,-1.7997643617351957,1.3690481988262257
-6.740614606210368,4.49042978622465,3.9662715496299232,0.7000543134433129,-0.9004365715793892,1.4241014774073022
-6.529686423799821,4.561278142607276,3.951291422344006,0.5680287077283004,-0.7633397079362312,1.363895500305046
-6.6738667999884065,4.11038121270749,3.8522698987891513,0.728194853117883,-2.0005351543485657,0.7923438994251455
-6.779473542365874,3.7335259123791356,3.771411225693969,0.3209094752329351,-2.5408314553744638,-0.29818227652546325
-6.880156639852423,3.6036225795719465,4.005371147523275,0.46186075769189067,-2.6011436259602982,-0.2532211268146428
-6.866942552493449,4.274993381911988,3.9605583688780652,0.42278183748155146,-1.329219109290665,1.0181706623344995
-6.831579944193915,4.065476161747878,4.056145903500532,1.0740426267053387,-1.9257210334159132,1.4897454787786117
-6.935444496145645,3.3862942020313938,4.005069336662854,0.158644981906804,-2.9504580443720987,-0.6330817486129953
-6.9149821502385285,3.1848920147327444,3.9508327682250934,0.4804387216997999,-2.5383991527611403,-0.13929563228867242
-6.856235432521687,3.0580832945680894,3.9509210578264167,0.47924899085558575,-2.436035639487034,0.7026450260805147
-6.797469130191,3.096273247587588,4.045688228258695,1.176323299946,-1.7986329560983931,1.653430799401998
-6.897859235946599,2.2935929561009147,4.384226082326802,0.833778614119199,-2.2485854602272357,0.6901063997140682
-6.810697682304914,2.1642427068399144,4.386977332395686,0.16814484217289669,-2.265665663417099,-0.3717452926519972
-6.770746069009638,2.3567881516848623,4.283981175996585,0.7942922420301408,-1.627434755769399,0.5462599127309764
-6.611061872168263,1.9544132766594566,4.410532426670078,0.9908411027872492,-2.086898769984835,0.6015094276090506
-6.716200068803593,1.8359672792215709,4.435448977777149,0.47453233538896433,-1.4929676501252844,0.19666173830042546
-6.819597472644676,2.8242314348825284,3.9545392398998187,0.7932432918760802,-1.9389889798362159,1.1374916906079366
-6.673267378419581,3.439052419565127,3.927559543363445,0.8950240351673,-1.2302557215574867,1.5538877675460845
-6.730845480674277,2.5753878401611896,4.021064507431054,0.5479500717232678,-2.4628567788953344,-0.04417214015001439
-6.822652094732223,2.3728511397803955,4.316088361347263,0.6230062045064462,-2.472200043301292,0.056439434542770596
-6.705025375217253,2.4235987198037274,4.407412629220159,0.6984808825733313,-2.173647517221061,0.6761046992993208
-6.589105213220705,2.481107400101666,4.302950719462758,0.8783814210019214,-2.08220046813171,0.4737907661005449
-6.58085575928921,2.4220230198522974,4.441896657675118,1.025856931221951,-1.8440368644812841,1.1360336720408006
-6.67723110630298,2.0501131824844263,4.495701402569565,0.6856553154683296,-2.4541761118822243,0.09995049478434549
-6.561194675356329,2.121747535643436,4.433537306546807,0.8843220160580316,-1.6609132644068851,0.5833508168523561
-6.628750376664824,1.4166144613417253,4.539047396595535,0.39930767019287333,-2.643183682943137,-0.28762904442545867
-6.64085940771413,2.1036494926503373,4.482387335046116,0.9414071948085038,-0.5393996980971508,1.861362092846252
-6.632335340361982,1.602284506283215,4.570856166856184,0.7164088388707657,-0.9578460320982298,0.6797621341168152
-6.4935403166854,1.6129802024579374,4.4047568039056735,0.9820481397259417,-1.9570905437131438,0.5848092217255622
-6.57903349956061,2.367818897226189,4.288401132891702,0.75068350456748,-1.5581931066137482,0.476615490404854
-6.688006532154559,2.739073689758486,4.25481076326783,1.117142039885059,-1.5910210810735061,1.6635763769447325
-6.645947514929982,2.948510944075307,4.087459382214504,1.1196007807467272,-1.7142121036348992,1.6873269397805166
-6.694040609926034,2.050388071931523,4.392212873983156,0.6389758153194863,-2.3846201731842362,0.09142314953731846
-6.5683852118727355,1.91031958232025,4.460091994049132,0.6378365401878828,-2.3496271055313915,0.1077884073988641
-6.450263985057684,1.9050976692741324,4.460212625376517,0.5974301723541823,-2.318848987036756,0.07693227847803498
-6.433248195322781,1.8668723002320444,4.620005318583102,0.9251169184442272,-1.996895924904091,0.5739915636205788
-6.401490895180523,1.953347938876291,4.515232923169038,0.9630129414759514,-2.08374196909595,0.5633350680941143
-6.468478355105097,1.6946139615180558,4.585580625418673,0.9959128141565017,-2.010037668751868,0.599027751087514
-6.558340064728065,1.5201375390959821,4.7628060431884895,0.8070782081963735,-2.470016512814154,0.23619717508207924
-6.54525299791659,1.5468568968213772,4.732215624620278,0.924447796229888,-1.5617534146441832,0.7156314396623672
-6.431475555318911,1.4650932379259425,4.763902815059805,0.9637869641781589,-1.5822825770736755,0.7291979596991709
-6.596885470554509,1.7081450536082472,4.802157064537842,0.11939244715687575,-1.758247549237484,-0.25141267914906407
-6.582110572313625,2.0933515092536794,4.603298186412566,0.8215726962424278,-1.580497245941754,0.5747365063827993
-6.6696588118179205,2.01308602659182,4.473271530439518,0.6242796523294235,-2.351049019099574,0.05427489490602204
-6.791330519869929,2.2961164201643425,4.377097064759548,0.2658005682842679,-2.7614639210897693,-0.42666870079482133
-6.688925982395936,2.926132479438356,4.176097249631724,1.0684188917311792,-1.5974445823225114,1.6620941772634463
-6.682998276034481,2.4643036020344997,4.248298763486838,0.5081804045898433,-2.315223663213532,-0.03461454410236535
-6.637747058040313,2.7825107624636116,4.226088079616487,0.9380924690438905,-1.7830081799038144,1.023251607696616
-6.784199145678219,3.2868155046023086,4.29934416131938,0.8682615021799521,-0.8441033991003832,1.7145488050564852
-6.783135941591074,2.8413393898591295,4.458147990477551,0.2959488897791267,-2.2707921787939225,0.21076339170937006
-6.860936684234634,3.1172086048868293,4.346995726598205,0.850858472501042,-2.177773140546696,1.2497884245940352
-6.978085558560497,3.3089016356047685,4.2593601057568655,0.37633380148796025,-2.0620064352273175,0.7718590011181911
-6.846762859127088,3.377946523176873,4.040001147675431,0.48118419551229924,-2.5581877625616136,0.6977079416518985
-6.945695121055181,3.1996857976467794,3.9802295680652153,0.2068665492455752,-2.9472450421290555,-0.5973239620315058
-6.838939573989572,4.013450157638198,3.8758370976745677,0.4297710404771981,-1.294394440086648,1.0681203172420852
-6.913258013555019,3.956937872705049,3.825009671083595,0.07522057818333251,-1.5559827249011802,0.5728000405641204
-6.876842754394244,4.044015507094315,4.022051444087382,0.13610609021603295,-1.6169302851331513,0.5860126658853191
-6.914010659122765,3.8089946281351015,4.1188074251713225,0.8042962776493966,-2.2599828210721067,1.0917521172611402
-6.9564376895990785,3.9505762310788506,4.063492082744913,0.6357179796179746,-1.8149567729200191,1.122594409695349
-6.770070604100107,4.0237546628667475,4.077512163310024,0.6512215706451494,-1.6960167263406374,1.0183233163726986
-6.960487084671598,4.028920405486623,3.563881147778097,0.4671560603347413,-1.5799345073684952,0.9732273684973484
-6.985760496330847,4.117731020653068,3.6783298507301674,0.3784502969339771,-1.1660215813354557,1.0187308303739928
-7.015843710358638,3.6874821792977133,3.730906485929555,0.28732291857794395,-2.096213951477831,-0.22268882089080472
-6.924768379190333,4.247101856569371,3.827428712227903,0.7126809083067501,-0.9350265590840587,1.5328858334135336
-6.957215705422689,4.055568381195732,3.748138684040493,0.500535751308028,-1.6711346511809573,1.0274178710458108
-6.953747869317213,3.7956873908696376,3.8824497115771286,0.40035705530793914,-1.885555034274441,0.44976125803157396
-6.884283492513712,3.5582746005508863,3.878566754058272,0.47074013548499044,-1.9134361326700426,0.4836514400352987
-6.881771367515083,3.360033740785625,3.8228590679753722,0.6133862991746171,-2.3328733945007967,0.454363999550648
-6.972880447540844,3.6305120858191158,3.926586994553625,0.12877131400782313,-1.5269641787649642,0.6699378327731619
-6.941728306661965,3.3353262317431187,3.8858902327777054,0.4909348817941565,-2.527885166330973,0.6855219202521388
-6.851128567969533,3.3610997042180917,3.973198065728906,0.5025752039891132,-2.530653399202174,0.684781114553021
-6.923327962803264,3.1596441289122428,4.105526065729714,0.33772227285949463,-1.9305943572735886,0.7311698559856615
-6.904195218327746,3.1579684929265937,3.92332877883168,0.6440624351504441,-2.303385029819314,0.5131320558517839
-6.888910871744825,3.488524278435455,3.6722770491694283,0.5801719356179794,-0.8973525655500708,0.8974031586678399
-6.970064097733488,2.8395234361823527,3.7784465588295837,0.29295440749294543,-2.4714837830171406,0.02392263476450478
-6.939027509955449,3.088683659696508,3.9682524506618324,0.34485164011137415,-1.8909441224800614,0.7202110984003685
-6.91561026135915,2.687809792640385,4.221530644081943,0.33762627168259296,-2.9620331991520947,-0.4311310346546937
-6.810100389444408,2.9197835126177285,4.2557579551508375,0.8983324534202497,-1.4648286529641719,1.0986357369050692
-6.61573711229888,3.126839195773728,4.217206909837529,0.5935646582805428,-1.5681417528903965,1.239125514732017
-6.677028835203131,2.8065243312315356,4.244993619199491,0.4758435091379122,-1.690454470771602,0.6019772250124222
-6.695555144862941,2.703120992699187,4.134142371417039,0.6819487952990094,-1.5681251299186467,0.42121066379945693
-6.72697112573013,2.4450549473650596,4.217833353988501,0.3635715657410541,-2.4682530103412046,0.12355412231038966
-6.679524590606618,2.768090077865009,4.188245957241325,0.7767493790063135,-1.923645737810725,1.2005319941137673
-6.732134220484798,2.5054277692908102,4.329647239649437,0.3507771240879798,-2.4917479962825455,0.15911401878900283
-6.679719743637733,2.674236264702924,4.410446813436628,0.6595807829592355,-2.200562984544945,0.6270787943359362
-6.699890055387238,2.992488895511764,4.405918012405493,0.6963174396990895,-1.597115274096035,1.2531151454467546
-6.66780162106323,2.912708362578959,4.334242882481945,1.1344123437756097,-1.697953742679219,1.6851767282612515
-6.58213102676472,2.4592859794098256,4.431334638276152,1.1817914090071007,-1.6067168552932753,1.7620281197582868
-6.6516297610922654,1.8679055601837178,4.584247987369705,0.3333463472111018,-2.6946068548998263,-0.3391709106935898
-6.652139180582662,2.022923207183056,4.54683737252137,0.34119910673550535,-2.7607984335042453,-0.3297432732967862
-6.579815078665051,2.2707857290940083,4.446513260104772,0.9623088061287015,-2.0950906521594175,0.523754999230099
-6.543318510937263,2.286528369417339,4.425121851415658,0.859222406256723,-1.9198257417318456,1.3041845181573373
-6.517395183468183,2.0876414224355027,4.383332998597846,0.6842652072235853,-2.0925064563087084,0.6760963606583762
-6.416699711036263,2.184119666744803,4.3283581478692446,0.8745803732822215,-2.0144396430084037,0.47654968053186697
-6.4045608546905894,2.5650871035973246,4.496553352099897,1.2049392745741605,-1.697029784909755,1.7669298904009514
-6.637172806090201,2.027540618931566,4.642840169504692,0.6704380266057471,-2.428223751456615,0.1294105617168674
-6.643107800550681,2.370801620460482,4.596156704574205,0.9078539214500224,-2.0115166340262225,1.3631281001997366
-6.636976859155224,1.9502060266385122,4.608728500407951,0.6923110493835775,-2.444736994860818,0.13807877172642066
-6.5015566343381455,2.501598053814826,4.356270233722187,1.205761681542369,-1.6895444893508471,1.7604920165274838
-6.638606184428059,2.234646113885144,4.547721284693359,0.590759539241349,-2.2941834998279975,0.8531023098087888
-6.536155826604476,2.108858038318051,4.427669632942801,0.7141518490913356,-2.115503823068804,0.6873348158590675
-6.547959597104928,2.0610967837050644,4.425811065282119,0.9406070063759628,-2.0069446958648296,0.5517117830456084
-6.529739786820239,2.4043438274419886,4.290364903847205,1.018234232643184,-1.8072490444495262,1.1303433003186139
-6.548654684557112,2.3935288030648536,4.357978963231915,1.2161017416381061,-1.5852657420700047,1.7699621974197446
-6.613889565841702,1.980313914375938,4.554372922235847,0.4823192329545321,-2.5152620153893914,0.2711966089920326
-6.624708979550032,2.3590604492402223,4.457019589123963,0.3057698700903629,-1.4589866918465897,0.09008173391454356
-6.507829069671705,2.2134690984928715,4.473103570255091,0.662429496507798,-2.0776274120577187,0.6679760059680498
-6.475774191746371,1.947011206859931,4.55747009078643,0.6184661257967985,-2.354060443860857,0.10924991752071474
-6.57476188293058,1.8032410751512873,4.738201910514826,0.6620313311090689,-2.373250670264795,0.17723917824648366
-6.572097052716067,2.3677852468997735,4.413452822034748,1.2234434239318015,-1.652131334190316,1.7985833504737978
-6.655482681413148,2.3670781399824095,4.388040441258908,0.8305884887208634,-1.8994993984314301,1.2911160554818129
-6.6070493793990845,2.7200904624582125,4.230842826655547,0.8069120764290653,-1.958919612779952,1.1911871841747395
-6.685739953155478,2.187507098541036,4.142929738578054,0.22299288464936903,-2.651841028897552,-0.47657876294764706
-6.6032702420384375,2.7258158852384287,4.177783130822792,1.0926196077054113,-1.5798874150282947,1.6960183608592927
-6.740672751378438,2.711191497114694,4.360110003173301,1.0697123009939258,-1.9486177645479836,1.1354236041293226
-6.7576609604218785,2.852049839525145,4.193484797532228,0.7183466745581183,-1.5657875594819866,1.2936124577337316
-6.738139406279575,2.5622578108476604,4.191091853943409,0.7123116789553813,-2.1516073820376356,0.6176027813817299
-6.672852216052911,2.844484902478927,3.969216129695204,1.0584751228768072,-1.515953532623299,1.6236278521348602
-6.656847140122148,2.3657511340597885,4.035476629118816,0.4685039017876079,-2.2477226037084472,-0.07523628949444033
-6.672662292243084,2.5326962076755932,4.124421253193872,0.643996965805911,-2.1143378128949903,0.5849182476214486
-6.6376950153720635,2.280217828030817,4.184112509038533,0.1624285855629877,-2.589967243384566,-0.48130121161871836
-6.672686383394364,2.67441713898894,3.969062150564975,0.6229429795224939,-1.4619343466462391,0.4188150312919985
-6.696173404257657,2.5887132996077877,4.179260098642262,0.49231547167489725,-2.240139736163238,0.7720355313007395
-6.671578543475675,2.6567047266679102,4.043125033389343,0.9838615324928559,-1.7658455056311955,1.0174508372142566
-6.628161516539973,2.3546135069689367,4.067201700310864,0.5019963742716886,-2.2566164414762517,-0.06062552110099477
-6.603687679031836,2.7847160260106967,3.999401324633536,1.0887172711576334,-1.5413043326256461,1.6470962409420977
-6.726008684953146,2.489957682306938,4.181290759948762,0.7336801262333513,-2.175986254874316,0.649265257021398
-6.733033195050067,2.4531107248668023,4.155471511793355,0.92429394089442,-2.0592254013822333,0.4804342474630921
-6.722469209665839,2.329383974572125,4.169359596548778,0.6100098610122529,-2.361389344489059,0.01265012019432366
-6.660179750374898,2.778760703938555,3.974832848671017,0.8412841476374825,-1.3161035734875441,1.0330008454922934
-6.631170851670776,2.6023969405642156,3.8767723575805384,0.6332994951014634,-1.4459840207988313,0.37529786169620266
-6.50000595779752,2.1910960590361923,3.9761256950091406,0.8035404833120415,-1.830685177175653,0.3982661117515317
-6.637122763613871,2.453778853773511,3.9529261106740847,0.7980849638578192,-1.9038117699261168,0.3941374409385225
-6.637475243130617,2.81465803714831,3.9402707075400265,0.8039209805762814,-1.2659518580156537,1.0093972324651839
-6.595843000149017,2.7438352356451987,4.011740552039312,0.9255326904658729,-1.0351243419483864,1.6986636898329228
-6.588228887647898,2.8698966963708576,4.125947622122156,1.082739488951847,-1.557752564991155,1.6511213086040422
-6.483682354352031,2.9120219134431276,4.210611723272281,0.7214316961168314,-0.5110381848825831,1.6855689052712872
-6.581120878786051,2.5039065199146355,4.087897525151314,0.7674170427976695,-1.9321910540911422,0.4147046610746505
-6.555780596936704,2.7170146839760414,4.017835290985505,0.42025218027747024,-1.5657780702006967,0.5303741565765825
-6.648484059469362,2.598028482040487,4.1123498913938175,0.4377921281641576,-2.183335615747252,0.7140557041227171
-6.667730963882525,2.8826927374917943,4.097614783381173,0.4436772126636217,-2.274026076029687,0.6899291444052924
-6.704183138962743,2.842254591433241,4.149074397374293,0.2996612623759216,-1.7499257167358504,0.7366214149036922
-6.665384361183242,2.804975102086723,4.1294693292947695,0.7223449607284153,-1.8498823508919215,1.181971933849949
-6.720041798232379,2.2991254124935874,4.2280727805697085,0.20443541167987264,-2.6317611984815197,-0.4701788680989552
-6.57240651750298,2.939105425000918,4.066446704126565,0.9992374660662804,-1.4810642114862007,1.594006036106631
-6.611554267505229,2.608515914402286,4.047028623466191,0.5774557888176106,-2.0026013434221843,0.5017968882735669
-6.680059918185548,2.803973122409857,4.100721980638357,0.014608149449522092,-1.503459400397869,0.10247729355360537
-6.773683722006241,3.001063453345783,4.011527094898126,0.45425763991854395,-1.0169595144036154,0.3786584245240173
-6.697190774373024,2.5216227372818243,4.173931965473057,0.24478799145024566,-2.3647723989591065,0.1255011836203417
-6.660680402590745,2.814778583260051,4.167712224261887,0.5436745676890531,-2.04761330154601,0.5400245790499519
-6.544427242820624,3.5859449453248398,3.917284109563306,0.44305026449698615,-1.4657896029589625,1.0710387718434295
-6.561473535843423,3.869089737753067,3.774318990924755,0.57930464472833,-0.6778287079882129,1.4893979644605586
-6.778872957564888,2.9373371262034182,3.9743775174038696,0.22181375260830918,-2.422586298722551,-0.004386383737394387
-6.735284557877755,2.984519549175279,4.047452569906199,0.3906405495299763,-2.217972677323145,0.6426607813736632
-6.771353535864918,3.075293215735481,4.017006397021222,0.5566693043934313,-2.1609280511835944,0.5091108017905244
-6.7205726498099585,3.418069857875912,3.93598349796143,-0.08437029377624324,-1.629402674858026,0.047884944241132814
-6.752822435888861,2.9996587253390086,4.090405920235826,-0.18003661019600029,-1.7851600793595541,-0.5194745856037221
-6.659716090461937,3.1273613476280135,4.138327345813113,0.9263842124269765,-1.7590427943855242,0.8988075418858589
-6.7254040824210914,3.0223315284851213,3.9433725804406334,0.7345198030697083,-1.9843939371118533,0.27550226836942016
-6.725246447839198,2.8348810975291734,4.1537797738541595,0.2987985147538893,-2.407298228920334,-0.0014524987539491893
-6.770397481261755,2.8742974865496613,4.120152774469253,0.7137890138840574,-1.8537350926390685,1.1567185257452635
-6.807536166833422,2.7867198415181798,4.120684673726204,0.45330656502680144,-2.2993870096959803,-0.10969758825034875
-6.787345170512581,2.752732776801042,4.23372107865073,0.2682966375375715,-2.395639469435866,0.0824852702562219
-6.772680725483948,2.6609277126980833,4.0865806583970485,0.4199486586541378,-2.2247381166819395,-0.10344386412308629
-6.845509928682945,2.973531837056798,3.845658460349206,-0.2633315275647572,-1.5976916541079553,-0.6081724254347032
-6.746994474954498,3.5929674786413583,3.703821069819671,0.5643411271217353,-0.48808080959422195,1.4905611187330892
-6.796880764658006,3.2524891479304094,3.74973624576532,0.07064492966153278,-1.3460196753286229,-0.19301494069733421
-6.8535711332014975,2.982544003075063,3.960314268516174,0.5373052720644871,-2.0121226245632036,0.47372686273164494
-6.786465967497993,2.9147869681293845,3.8467325681800335,0.06690910450461576,-2.6489347389720312,-0.616208721038359
-6.884407989602621,3.374455063406766,3.9153936577359936,0.027205129806689266,-1.2318891902925435,0.652797988534601
-6.718349596601571,2.9343707130772905,3.847871378622352,0.10584759896713161,-2.6308370657034774,-0.688970206677467
-6.74531125330225,3.23007678869444,3.945163257471961,0.6517026097771994,-1.7422632835414111,0.9865393259338372
-6.815014366849945,3.4599472686263417,3.8050370054130225,0.4780250955695524,-1.3808877938763164,1.0334208521602362
-6.751028737698257,2.988045276469831,4.0581079083952805,0.7505890244804082,-1.8344565281362606,1.1103276141070109
-6.770544450589773,2.3937938647370465,4.0471344937958955,0.5121559101320619,-2.271516064805487,-0.04336011001801936
-6.764197043257026,2.4840352950160893,4.098028972321359,0.027861906489442916,-2.1332148022266137,-0.4972889906837274
-6.631802780750807,3.138581930898836,3.95052969481329,0.38085426278104384,-0.8772060667423893,1.127016092758022
-6.638851499300931,2.670884648791573,4.037633363214825,-0.19441636057743403,-1.6098775711359028,-0.5467047451302312
-6.665760945743041,3.0854350597082445,3.9603214659686667,0.9664882783191047,-1.460611902869217,1.545725952480646
-6.780815828004479,2.475029172916605,4.077979891770283,0.1222148081895567,-2.5577391027423815,-0.5407526571821277
-6.671608819656294,3.2676003755332728,3.9601980376081887,0.7175897547895335,-0.597065397914135,1.6232894900358696
-6.850955495962688,2.653303883171598,4.043869799826886,0.2597132864456546,-2.362412957447073,0.08357041718042538
-6.799752379457572,3.0025225966503024,3.9537821364167813,0.31586839679159295,-2.1098143807495906,0.6118329782496128
-6.752158366443698,3.0178109174516905,3.8086248518652743,0.5239394703758753,-1.4117410097469891,0.276986321696559
-6.776097740410938,2.6989138407935607,3.9994472144303277,0.3797119574986575,-2.112516661129384,0.6687990954043262
-6.820270276862313,2.8833852484034055,4.006033880500659,0.25373029724669316,-1.688023575326258,0.6945927064244837
-6.790682628189876,2.986561795910647,4.0766135074030565,1.0707941248528112,-1.5439827082308708,1.624871940246908
-6.602981906185352,2.7689520854399925,4.301978165719052,0.6438014442340594,-2.0655978064725926,0.5116211721655911
-6.768370043626538,2.4238622838041115,4.285241160046896,0.19367590081535901,-2.6226223471364345,-0.5133319836677237
-6.693644653335471,2.9883061846671906,4.070453046733278,0.6660049004711206,-1.82017101913484,1.0949120105185783
-6.5509726074922305,3.139827405103366,4.148361198120678,0.9217042555717014,-1.0899286077428185,1.5721199548997928
-6.579869997367579,2.904891621696569,4.205176073337096,0.9289791339951645,-1.7058752056628625,0.9159813243722158
-6.646414458447568,2.7291040375220508,4.289654131876143,0.46965504154872206,-2.2744644215665195,-0.11701656298077026
-6.549963834375045,3.0984354373030834,4.270091963446946,1.041403998690922,-1.5169527050506189,1.574204427012342
-6.625664397194873,3.0928413710520535,4.272512264921281,1.0650541741690727,-1.5456414316494518,1.5954827572017718
-6.761819119251786,3.113389512880662,4.066030707050952,1.0371203537495701,-1.545442687339487,1.5680188077597654
-6.626232424800261,3.11151008519397,4.238720361407906,1.0873373141775264,-1.5274771184958231,1.5356527135858922
-6.7231863072072695,3.136344509219095,4.082722190069922,1.0144747096017868,-1.5289227048539653,1.5546687152983916
-6.734823891560854,2.4512466187452553,4.276701212991872,0.2193871364233122,-2.6040886201596156,-0.5529751816573114
-6.7689017921624,2.356712281782987,4.2512020224578135,0.2144551814456017,-2.6331609768750215,-0.4911807437490711
-6.723330152696409,2.531537614512788,4.202333189887179,0.4753699125505372,-2.27104262485616,-0.06109963083560657
-6.701721031008359,2.530734503867708,4.2250016974022255,0.48633748716708963,-2.2812472680316627,-0.07230757530679192
-6.7138549964860355,2.757016120427223,4.288083841103261,0.5521839578378341,-1.2837559800390779,1.1839847934791994
-6.611845405514988,2.7514939114344825,4.045686818399239,0.585356295088036,-1.4539698090310254,0.3590221538330474
-6.749787811276844,2.183468695301433,4.253768022282065,0.17544586261258596,-2.5621671391283924,-0.49110704681827916
-6.5979463186601945,2.8906324754278128,4.302957602288086,0.34840814357803507,-1.7862045495457248,0.7240086349080335
-6.628780299619236,3.201062078162074,4.145911026880471,0.6920684745724608,-0.5595967045188605,1.6391581086187117
-6.778670069028658,2.5829810725044,4.146305343035937,-0.05041117224012276,-2.1129069577753006,-0.4960436280028118
-6.629110489517177,2.6691725463103735,4.174241649963345,0.8610079114425222,-1.6432195468405753,0.9911827951795845
-6.717861166120219,2.575795475569438,4.158288038961912,0.27918618565581643,-2.3512032092732977,0.05446064552636979
-6.666205852427879,3.1388094370635957,4.065142109261488,0.026754467158818407,-1.1915765750730996,0.6557454283990378
-6.6817742290251925,3.0678443937328157,4.14218561553866,0.5440494851830753,-1.386674736522597,1.1693405216551218
-6.6730950117862395,2.969731838117077,4.097067803445541,0.9981086663313885,-1.5136148715843352,1.6325502374653502
-6.795155754606965,2.4425751310897845,4.20696297340222,0.13017418810562192,-2.571300635935887,-0.5119119756181072
-6.783593330257407,2.581909150271832,4.104139163286034,0.4126327975132026,-2.205591260875648,-0.1055767427098861
-6.720637038640587,2.442250730385444,3.953993832661035,0.2809641583571899,-2.3012688928089107,0.04651657658443268
-6.746129119287321,2.577522599241561,3.924901755125412,0.7764003398058309,-1.8715211977650392,0.3339516043616607
-6.731164839612926,1.4331020969682127,4.278518434310697,0.27143992084866364,-2.3970734088009706,-0.3972159801901956
-6.617123137495646,1.1138142495821344,4.439593488023656,0.3770656248101926,-2.4378518469857857,-0.2920278608696845
-6.518684300917995,0.9332883862211553,4.487867065065403,0.6915556425094592,-2.0449022504491534,0.2020368451240745
-6.460645852022665,0.2987170353912011,4.71481644033767,1.0372429922066995,-1.51655392227562,0.7707214742046691
-6.444296789259094,0.6668895484612178,4.662378191505519,0.5410491410192064,-1.4269430977277542,0.23141574683047694
-6.524679481895821,1.4973492719965473,4.300132039564756,0.8471134883042205,-1.6480260893250318,0.5175693783387824
-6.595794999901721,2.02125882420949,4.2368504583560185,1.0941182959167506,-1.2606215347290475,1.7121265588950867
-6.851927124741574,2.7916612210664127,4.186767535161024,0.11247867287497065,-1.1401801004940058,0.7536274650895336
-6.723740423546649,2.52122862250548,4.25971190503931,0.8297618762859332,-0.44703379367545787,1.748020474874005
-6.777076404065411,2.1964190810084996,4.223043437633668,0.9799034415085854,-1.5971357618603776,1.1002159385233001
-6.682227795748158,2.7279177389787077,4.00413052196682,0.4123114663688034,-0.7978620803121163,1.2053095133116078
-6.751406254837032,2.3352629279726482,4.0615897252035005,0.5534519106352204,-1.8362740322829483,0.5160602370495992
-6.766479338609641,2.2854668524052397,4.174800368493408,0.09290121694633605,-1.7149119231923795,0.11215067523710805
-6.67924901359677,2.440519981522637,4.16149185607386,0.9983447434424484,-1.2871711343279584,1.655226463618445
-6.777532779358363,2.308085590425963,4.119840423656449,0.17871410062128282,-2.5831337709362354,-0.49503791188256313
-6.811215363968945,2.8634978534858955,4.097723157210115,0.15999078374494954,-1.2386875077979511,0.749910140175313
-6.808836907770331,2.526889826031297,4.127015561166133,0.45415011144258227,-2.1128124014482776,0.7264902867289869
-6.762154291533178,2.3593849916712437,4.005548274026625,0.10908215644175841,-2.4943567743923674,-0.5744138276292152
-6.615020314312355,2.427063141215053,3.9385846663751654,0.3908507971032581,-2.131097118822474,-0.12957886032326424
-6.6439403229041725,2.417803093143819,3.9844232227137244,0.4314690498678272,-2.1728795857353065,-0.10906437729991297
-6.6379697918630045,2.858082533402335,4.062645074840763,0.1940127931333022,-1.6512974983238338,0.717267753992984
-6.682530094033835,2.559853463252852,3.988230192107803,0.7562312199561104,-1.8777955583751786,0.3757792920618566
-6.745656406769375,2.4958602685189257,4.217290803540284,0.7864549172136763,-1.9031857806164059,0.41562108154899485
-6.710472318312476,2.9179536975055114,4.108711426133269,0.6693551167979791,-1.806956829539794,1.1175188872316144
-6.661970222726344,2.7172492299935875,4.06122738134,0.3432864139724019,-2.092772648452711,0.6518101734976576
-6.793842494178146,2.6841952178827335,4.024817174321061,0.39601850551885287,-2.1454736788190627,0.6733044789585658
-6.843426067423122,3.290625374284413,3.9418926838020276,0.7668237368257168,-0.6528190080571064,1.6115021740690347
-6.9989758564035265,3.076540627487342,4.115112547221592,0.3112024769665147,-1.8045560919252421,0.7090597260093527
-6.834137802923821,3.2482768223075675,4.100156315670232,0.30255883568447683,-1.8472710061704734,0.6625689348523374
-6.897269780140827,3.344031315955148,3.929745849639602,0.8416311569088705,-1.0502351697714483,1.5574298181486748
-6.865470553941462,3.5276167913607637,3.8081610302505244,0.017955814219932642,-1.2899964136683408,0.5787902475342829
-6.912719313400816,3.2049722562499015,3.7862068155493813,-0.014145472938610792,-1.903411734465236,-0.04548107328503706
-6.815736663441522,3.5430061856686317,3.834403182020323,-0.15917533667698924,-1.5353889873323379,-0.029815309798853072
-6.894971853343293,3.695866098932806,3.859263548428547,0.7741944355164201,-1.107534844222065,1.516323630427695
-6.993677995971148,3.184307833372346,3.896070832463214,0.06868259737013244,-2.6970845280532094,-0.6554161614705367
-6.892049278421364,3.5180065763910924,3.8556848826422137,0.24496126348512837,-1.9020824678785622,-0.24536964240771392
-6.9196962476832296,3.0934286018074286,3.993482533030687,0.2589470918822916,-2.437132825470558,-0.026552110972593947
-6.926822285297934,3.568956837482391,3.828857435156955,0.024525423517391787,-2.000360963291262,-0.10659405901812072
-6.908777947569691,3.62739233955853,3.613940704212283,0.14456834611828853,-1.8967308008109545,-0.28396276860909286
-6.936305895917969,3.8225272350099986,3.658696205718667,0.3001893822907068,-1.0614346710605733,0.184142199640241
-6.958234816682612,4.188739686388484,3.6779195301160246,-0.02460663400476449,-1.4407662861847947,0.5158993521121996
-6.94862822315957,3.52253791449709,3.8424577839511005,0.4149622221587445,-2.451300874048036,-0.246147968016124
-6.977382918584454,3.776369583030959,3.8744628885291617,0.17985979234187036,-1.8258227438439478,0.5433804238606417
-6.8736261461829375,4.230811567250698,3.835579241112881,0.6275747690648917,-0.7423001333124817,1.4143731199224134
-6.964117516575614,3.3089095995099314,4.022937712480515,0.0758180424887806,-2.7187762406589187,-0.7214684697954067
-6.892611842782234,3.7863145399652702,3.862827566671361,-0.23510516329216344,-1.8675312482215187,-0.7439305158639489
-6.892941229264144,4.077406078695155,3.9126335506877568,-0.1046835313542166,-1.7315562608513746,-0.09280098766828285
-6.932210505960279,3.782475149917431,3.9902005331193022,-0.23796213240045547,-1.9328507887131898,-0.6465360015294096
-6.9204901757110715,4.202433310576914,3.8270386906880502,0.14880850208082477,-1.3827893464499648,0.37473107303194325
-6.910183062268579,4.363243015708198,3.702532927707853,0.20949415641494804,-1.116086924912973,0.9611943213424038
-7.066181003259931,3.758822557421694,3.5946518590182,-0.17432860533964536,-2.294109596638114,-0.7613478356423393
-7.083013133489682,3.5647778866397024,3.534303925101123,-0.03706972656054142,-2.7148293893750495,-0.781548717144603
-6.977226666517266,3.956914979647443,3.671519628127611,0.30724950732639117,-2.351421553386032,0.4488464079938942
-7.000120461696718,3.8543644199276503,3.7241941264229417,0.0629734991941623,-2.1260696167690782,-0.12048974364456905
-6.993651885526708,3.8133126194307274,3.66040105788742,-0.09320992466628425,-2.400262462787217,-0.7337362811466722
-6.95573836706602,3.4792878336232724,3.709866161005326,0.14324267039976937,-2.5255368325904315,-0.07616895979588215
-6.659604396692049,4.024712098505463,3.5722040055986053,0.6662508097161917,-1.136152264643957,1.3938210404187488
-6.685011579018052,3.8274286084596296,3.5083061668891884,-0.025878077533187833,-1.665830753324523,0.4396917509719762
-6.907240389008233,3.6011081297801497,3.4517328131767835,-0.2317711715007549,-2.1450742624461037,-0.7928849575888033
-6.962851240637739,4.071086859949684,3.4570953706457153,-0.17158610764861582,-1.6715432330882787,-0.1093444410294388
-6.892101159318968,4.256862745735895,3.552259947205209,0.5911099385714418,-0.7519111315035563,1.4365546797735789
-6.928078333465096,3.272952306132042,3.853036975668369,-0.1897938411701482,-1.8476722060107416,-0.5779587864803378
-6.891188502604678,3.2927072433640525,3.7299002732179853,-0.2785561246952531,-1.760219018064679,-0.6519381171092985
-6.878905314509715,3.4777398658592933,3.7974450182281454,0.1543777867503283,-1.826512563928493,0.5954110399787743
-6.941446120223345,2.925786883631018,3.7864621276214696,0.08574179342028368,-2.6919687994715567,-0.6526092931880348
-6.791461829366808,3.711168671348323,3.7781812554729806,0.260891745611545,-1.9526085396176438,0.5616638370338595
-6.9608972132996145,3.3260283750473008,3.7435127246150404,0.35993666312905603,-2.3306811215035466,0.6166762477136606
-6.925144120467481,3.460252969917163,3.8749805633130374,-0.0454702742220475,-1.6614023410442118,0.031352352520227895
-6.914248103629055,3.368994961992995,3.7773623252030295,0.4948035425290344,-2.1833969509816624,0.4091295888755122
-6.795668423247953,4.022055223936865,3.567918652006135,0.2835128763247156,-1.089976815961526,0.9747135077744753
-6.910556897839283,3.3924622281190286,3.686091405758163,0.26896936569957886,-2.2422061773742863,0.5448500570975503
-6.835162964589424,4.133227378567447,3.4717051065025495,0.6218860542751976,-0.750485704946236,1.44031425180438
-6.940877080286482,3.515529191099462,3.500040107861308,0.1802637060349275,-2.5685712469279003,-0.07964213884601537
-6.905407770824775,3.4691053670837446,3.548295050462463,-0.07831711458341535,-2.3656125520860236,-0.6683575992515237
-6.834676766494001,3.788689351827653,3.794502350407124,0.26480375991265603,-2.106689742349243,-0.26318551723760675
-6.879359323149814,3.6375425338513048,3.7610000220166078,-0.008346404323936152,-2.844880334115712,-0.7464723679166271
-6.825411162141877,3.742859546313194,3.69097762715995,-0.013526083235400088,-2.897180414819683,-0.7565520372707081
-6.638147129040408,4.227631864070807,3.6657853189916705,-0.1835709005244417,-1.3898849328051985,0.46544640864576503
-6.735340551726495,4.604191809632875,3.6157071554735767,-0.20250435141682283,-1.5306365007885712,0.49135888783040094
-6.758822215884847,4.4749093225568295,3.742018525600751,0.013729367010909734,-2.023136148550991,0.4802486045364771
-6.686594327394509,4.2951523111940055,3.666376843536648,-0.1665959853124362,-2.15964077594146,-0.19798949286787562
-6.627886707979948,4.332087895094823,3.6709721968465505,-0.03217230133706164,-1.942166203979041,0.43982353214503656
-6.72079035923112,4.253393629651894,3.5963663200358162,-0.44014292404756283,-1.9174575339528537,-0.8056343804460436
-6.734568359420629,3.9977835317365824,3.710819421972065,-0.24155238532981504,-2.385728817260213,-0.7857155412727087
-6.625497051423366,4.307389019442162,3.7542121332079406,-0.34857988433889187,-1.9562393638489521,-0.8352061536701657
-6.612239094944739,4.4682339106935745,3.6652230346444457,0.3423205959124475,-1.6392400919126013,0.8718094122408012
-6.74828902219305,4.068696964655108,3.5894845469645675,-0.39592280625193954,-1.9462414317660426,-0.7568703835572085
-6.685623241989294,4.227361395140347,3.642510625796918,0.22593883014281832,-1.8758142629107837,0.2981780946598634
-6.6416938670403605,3.936092273724635,3.718082388495728,0.05265659239236949,-2.628260548987121,-0.16423228170059737
-6.545249901456347,4.135697561042254,3.7530899496791994,0.14845703389111745,-2.403813285258267,0.4434301518182906
-6.525479111975958,4.317295152591863,3.5950178678672766,-0.15315730350077283,-2.244956209869976,-0.1805660676401291
-6.506815774459892,3.9718695799908397,3.6166417014328096,0.21782840723017263,-2.5716310167447056,-0.3286484025324524
-6.472501659033048,4.575531245787054,3.615135417877953,0.12479450638103576,-1.1492456909549846,0.8961484058539607
-6.657289730817141,4.389935699033626,3.623735782116677,-0.09400174503173235,-1.5576819927184486,0.4763457973861027
-6.6531652436998385,4.0285223889899004,3.7199247165707874,0.22430889336022294,-2.4854091537824097,0.4877830423263819
-6.697964080950398,3.9462202226477623,4.135464769913139,0.25890066538322926,-2.8827199931133736,-0.07481199166845863
-6.641913910528648,4.4684327537132535,4.01221227292089,0.525431876798112,-1.8320859677150771,0.9487527703939586
-6.537650979622094,4.690287050330497,3.771593731801977,-0.14034437055939913,-1.9929153121941634,-0.17117624802585302
-6.5737172228728005,4.176528005236293,3.364904691312698,0.21065666382242346,-2.6044713246215996,-0.36955104272012085
-6.590367662493617,4.603313424845536,3.401278034363082,0.008054132029387677,-1.4406332603632714,0.25217558874965956
3.4858043709179745,3.80343288796297,-5.550844186294486,-1.6365289332171262,4.887864188899086,-1.308264345566092
-5.291335450045143,2.8858059603417194,-1.2671220493645319,-0.9842265986499066,0.8162292740789577,0.10710244880072925
-5.221850615036929,3.24397575673616,-1.3976108937085783,-0.9843566087851471,1.4250190605905815,0.726050935284079
-5.278003911081759,2.7525711232481105,-1.3204308245797192,-0.9514122358929505,0.18537106196892533,0.2771203839942933
-5.136571986072098,2.8332920023494226,-1.4816818292743676,-1.1990556259433836,0.6582795292177197,-0.5599307443244572
-5.244815195687154,2.799269978676083,-1.4161837542865277,-1.798046173579721,0.6292934754134594,-0.7937851035594233
-5.104739346087245,3.099886284477532,-1.6299152612977164,-0.8104486043480172,0.5770111001927251,0.6514633791632795
-5.225294230131779,2.8281412557062953,-1.5397171663221756,-1.0756813864069832,0.2912253051943103,0.22018129005858494
-5.252661994930968,2.951789558161588,-1.4966145131619328,-0.6927191171318273,0.5392239320175474,0.6993407322185685
-5.145168878196781,2.6453356964360997,-1.3422361938398042,-0.9357434634790633,0.10616384168140588,-0.5240416266952598
-5.200786543968662,2.7469677854037124,-1.3102413185711106,-1.2870559293679509,-0.12873041237527655,-0.19627010207234283
-5.19733160780967,3.057923651630323,-1.4192462258977376,-1.4762970859759634,0.3412199389135104,-0.23696078412061775
-5.298711869016227,2.989574068132146,-1.5122590193671936,-0.6776136611022461,0.5494434170116611,0.6866596984092389
-5.176383043056317,3.2921632196486,-1.514112684455292,-1.2558905230008277,0.9269118230517166,-0.567645422754302
-5.315172106672809,3.538221173672394,-1.4560271448718658,-0.9964616320670224,1.3769263279730115,0.6838939991121138
-5.331423500582638,3.105295181764268,-1.3882492808728035,-1.1633768623695409,0.6407006748602262,0.2530378282052843
-5.141776416638356,3.0738348920471523,-1.3822243349234087,-1.3693899949444044,-0.18341019368161776,-0.2488337117649633
-5.344697899901683,2.8858413687098112,-1.3844179423194387,-1.4251570907125088,-0.4580191420789854,-0.8418767527961617
-5.132052916278954,3.0476357858083665,-1.4063075073626599,-1.3689943539765559,-0.17533698363592765,-0.24936673461824757
-5.1230748127469035,3.1720229576284553,-1.4794963253520095,-1.361811340334977,0.4025762930372274,-0.41029670429763226
-5.063143111300884,3.289551200552417,-1.5154658257011009,-0.7701835784042166,0.499351861481549,0.6375040357714484
-5.36847728378356,2.4018305133539926,-1.2935579002518085,-1.5348923470539808,-0.5806429511804064,-1.4048634015118875
-5.2461892126482255,2.366783975694513,-1.2510102596196904,-1.3532478187857067,-0.39504882586659146,-0.7430725516204509
-5.204030926972178,2.7962320969092085,-1.343770543267986,-0.899392314444354,0.7034644059277267,0.16111881533262437
-5.287709351887437,2.3206724831154406,-1.3647297815115016,-1.2121168824121362,-0.23492809505252774,-0.9184559710799135
-5.245216321928803,2.3083645863863045,-1.4281060827059022,-1.2414119053035073,-0.18751894173982783,-0.9343163149091352
-5.179295420091612,2.592443968618956,-1.433405308353308,-0.7570705099280045,0.319503301783788,0.12788332811796693
-5.226885447522792,2.754556743016676,-1.2461784561921183,-0.5436844761222898,0.3750129019576776,0.810690655884774
-5.13842734176543,2.4315118007405068,-1.1359345171838173,-0.7899325918517985,-0.03879897064330608,-0.42435942918429587
-5.26095847539863,2.3902058357633056,-1.1878247915961313,-0.7701436825724131,-0.07261576196267545,-0.4046329818302787
-5.2698409706668015,2.160540495247654,-1.151281788321334,-1.4279866151104095,-0.6782408131132893,-1.3245003629766559
-5.22841210112999,2.445413120262177,-1.2518575910607532,-0.8544007863253883,0.012121106973829324,-0.44181846671399244
-5.224072931287226,2.20701767092378,-1.1431829813014647,-1.480102754748716,-0.6308763349691677,-1.3438571724316912
-5.212785475904034,2.221840310683213,-1.1938559510867017,-1.5456878082664034,-0.5837496739892394,-1.3569655970715877
-5.161284390190129,2.6988331244304926,-1.3190065801026938,-1.0308771547174655,0.19510636632657902,0.30997462776230145
-5.198765915183161,2.5524391292961095,-1.1949482581245634,-1.3325058036265547,0.16080131446217755,-0.9131232349970005
-5.175079178521492,2.8454971377720817,-1.2495647454310865,-0.5995141060292127,0.45015971909611846,0.7570739917742677
-5.0667407742679345,2.630389764089848,-1.1596432462568929,-1.263963293986551,-0.13581612528961015,-0.1682102554098864
-5.088596232152974,2.415796428525335,-1.1783043386733396,-1.2063959554383163,-0.22257853712230713,-0.9509705657489272
-5.171811452325412,2.8962762194180582,-1.4110742310691975,-1.4713673196367423,0.27321258825322314,-0.1725644489978263
-5.0797063175498245,3.1569759524144727,-1.4317368643235233,-0.8897825078658973,0.27974246785126156,0.02800737555346642
-5.191535871338114,3.231118976164634,-1.4875231627743017,-0.7109124289702847,0.4242259780758458,0.6831194045986283
-5.064589581029656,3.5343368583796124,-1.488639235050599,-0.9361812264182122,0.9619240608002406,0.6254566603046517
-5.02690955287917,3.663468711509066,-1.5895559497190934,-0.965785130235467,0.9381449561455416,0.6001807316171054
-5.125754115401191,3.2550533246697504,-1.403501564368336,-1.3573928470629482,-0.22582770057977491,-0.28432914422583605
-5.13730053546423,3.594961829685248,-1.450823645560194,-1.674246720919839,0.6609597450462517,-0.2609395929041674
-5.0845564422007214,3.3748102411544383,-1.459851769912335,-1.0719308838836785,0.11659347536865121,0.16564821529961338
-5.029883066269605,3.196658179940866,-1.5965553040141842,-1.570756902761476,-0.40448693613769043,-0.9413649910274223
-5.042794783230808,3.032358663800567,-1.5967359080810415,-1.7189929617492363,-0.5967216797389753,-1.5581917194467172
-5.069187790572606,3.295962391618077,-1.739869430178323,-1.6677339872903263,-0.3552133636896772,-0.9686846610813183
-5.1652000372652305,3.657022140293282,-1.665085931250723,-1.5846451025383839,0.20044768066171506,-0.32813424206363795
-5.281992292532469,3.451573541925261,-1.659771893643838,-1.8133756600744486,-0.26670257693326055,-1.5729419608017248
-4.99337058966679,4.226704224005342,-1.7976449905303478,-1.1595484181562477,1.335266537847269,0.5150823479324917
-5.161237980952439,3.2313729861629477,-1.6167906141897646,-1.646260806359769,-0.7135522842775986,-1.5766714238459103
-5.069184865447276,3.5346548910187656,-1.6579674417373336,-0.8889322685873002,0.1691362513071128,-0.0430015909323616
-5.13299261514307,3.585760215239344,-1.4895834386326356,-1.6575236911633007,0.6765376060550028,-0.27397244261051107
-5.033052908453755,3.5725783010596603,-1.6851151433429186,-0.7401162343559078,0.3970551664371891,0.5903590156072512
-5.071813558768304,3.1242102224841677,-1.6133561026787209,-1.3222923758009777,-0.32658760085464067,-1.094158996137496
-5.200752383867875,3.327077398000636,-1.6875401190781498,-1.3780119523818504,-0.24455507888842642,-0.31135666859086897
-5.0607603404975805,3.4767580152329502,-1.6549604635133466,-1.4415799822824935,-0.2139205725031413,-0.34779826188374763
-5.110847176127341,3.801448074539708,-1.718339923173064,-1.6134356492455126,0.21680623248375844,-0.37057710695340496
-5.15246755126928,4.028835668375002,-1.7562613987010713,-1.625229626227866,0.8110942598092061,-0.5489317245033185
-5.165036982347895,4.059863265696067,-1.7452441879092786,-1.7982448846526684,0.6886107556784594,-0.3860264874652993
-5.127353719956199,3.716214016599211,-1.7124286474692405,-1.4977394953577234,-0.17937458693885222,-0.41458293328391
-5.054100336234034,4.10011723892617,-1.7575983010156622,-1.277166738691047,1.1198418034461106,-0.10002426382528634
-5.215266914064284,3.7237874473158277,-1.5754517677737776,-1.3866979611926675,-0.2949000198225577,-0.37310447531384555
-5.108680854766402,3.9597189072158616,-1.83818924285908,-1.1876219060414996,0.06605467591657012,0.03550025154190469
-5.03146838096222,4.346001211341707,-1.869150846057915,-1.5081592161369943,0.997798195811045,0.008399908244972465
-5.096552056884077,4.114968516338236,-1.8577040103672997,-0.8916206581576878,0.39441635028514477,0.4803003254881016
-5.0992525320552575,4.3236075837916905,-1.841242696583427,-1.9521885939805184,0.36821750017257365,-1.0710095651844898
-5.0939383421192375,4.580802490558017,-1.9703937777092229,-1.347638098620271,1.0429582885902335,-0.18493173783661132
-5.183667767521971,4.106005227169993,-1.8876432384869306,-1.6396232175152674,-0.5380909202104972,-1.1165943684805517
-5.069905538681735,4.680321300961904,-2.0746744201677303,-1.4508817531715108,0.757055410361377,-0.8619938172215511
-5.0641601213878715,4.556253193396371,-2.030207075874178,-1.4892342323578078,0.1985784486455955,-0.7064875911823549
-5.181754656943278,4.037555690822673,-1.7965864075553173,-1.915022940801766,-0.2817530103330476,-1.7087749802099559
-5.024265059754856,3.831283712468019,-1.7741801536206923,-1.111555764396821,-0.00870431829190285,0.07842265080655002
-5.141749716563542,3.4523440100655427,-1.7425507479076052,-1.0598634287407438,0.034437265619101674,0.1555649658003298
-5.018884779399193,3.722226568291699,-1.804346792345424,-1.0527832481586714,0.5329686659947571,-0.016437189284155333
-5.047872431596786,3.8203659540856,-1.8555359015059338,-0.785211716686123,0.26192350128629266,0.5792331796870925
-5.078600037060761,3.50167070973623,-1.7830893019110945,-0.9976386122009138,-0.16961737964349372,-0.6603223430544888
-4.963133805826867,3.867649360233433,-1.776759351471257,-0.7475056039856647,0.25971915067728896,0.5562726826909058
-5.024937169497517,3.5908355527469813,-1.6871457325352128,-1.4413712883805048,-0.05687133254325458,-1.1079913606076657
-5.0071629889592035,3.7567127275218097,-1.6834665402992928,-1.135413580690198,0.2653354009567724,-0.6648787209076198
-5.1488089374457875,3.754005159813715,-1.75136513778,-0.8589258704237259,0.019618326014005868,-0.05332957460668108
-5.159324886569627,3.6770390977212553,-1.7048261444767419,-1.9236230984577374,0.0681584772324862,-1.559378627063821
-4.985196112935659,3.8076634454457117,-1.7257191486957162,-1.1031857339557143,-0.034035297910510826,0.09353404412073425
-5.160265163565795,4.1411799588900156,-1.8937637699046397,-0.9551162471027661,0.7483730941973292,0.5340259332807156
-4.985765024472561,4.201429969148159,-1.7652948979006697,-1.4401729444085285,0.8821791774988279,0.09074393866761095
-5.01006052770135,4.073853013282935,-1.734611150566169,-1.5688521477769042,0.042586557298129345,-0.3862205294667042
-5.003129115078783,4.628637169290499,-1.8461100161856694,-1.1021804681631369,1.1223418929051983,0.48994754064419005
-4.9978742510839025,4.044810260235325,-1.8125360657941048,-1.1566239048926754,-0.032691835097826145,0.03976502052126183
-5.10384495180322,3.279158300151511,-1.6233448743464087,-1.2677096877761875,0.19421699243579796,-0.3876677890083585
-5.131710441067006,2.3875498638046313,-1.3175093216384233,-1.6307929290229835,-0.24954065972128392,-1.3324393974682476
-5.086844563839405,2.3570348451037053,-1.334034382640325,-1.1890124510366034,-0.3479910705615481,-0.89795319905228
-5.1013024006714724,2.8318225147536094,-1.420757414461527,-1.2019359632417674,0.2871496499993459,-0.319308874082973
-5.165525249101639,2.9043869942152036,-1.467129584133107,-1.0321031152618771,0.37449730388689684,-0.4909046893288666
-5.15631595679639,2.2499090949994733,-1.2983812096740155,-1.484274780258334,-0.6819402473121293,-1.3532740602626674
-5.159841161349361,2.715607767156456,-1.4686603812692123,-0.8922610089963016,-0.062354239656743145,-0.49508781317455713
-5.214587679851679,2.4473969318915576,-1.3355934117586723,-1.4439965163515065,-0.7644960915213485,-1.3757441471995449
-5.130749695516288,2.941557660795908,-1.3987859426332883,-0.8854304738779072,-0.0024280700105451703,0.279060953929944
-5.251012517373093,2.828022585704884,-1.3288657542866549,-0.8186375730674765,-0.12973824306330223,-0.49670261906064966
-5.119821165823651,3.085120517360503,-1.4319743482847413,-0.794740806355177,-0.25258294573426393,-0.5391347565316118
-5.000039919352324,3.1164359011259535,-1.3972594982406574,-0.8395265062299999,-0.21315624001247638,-0.5505974999802805
-5.0636166716952,3.231082209757531,-1.480699775644557,-0.8121987727973452,-0.3141736571887492,-0.5504275672069854
-5.07712954630031,3.4593537581250584,-1.5224977347362438,-0.9291143393330967,-0.19285999699896456,0.22974645159956747
-4.897506277414716,3.2501358696473166,-1.6065335922257253,-1.5121002733100153,-0.6020285638661496,-0.8935530701853345
-5.083539709848325,2.95605085396827,-1.5864487396047164,-1.5394356265202016,-0.8594954273508159,-1.4706593762133402
-5.0969485920398006,3.110002335602695,-1.5633963340093224,-1.183226621794275,-0.5703184561622271,-1.0217286965800219
-5.057307452025699,3.6086621539612733,-1.59693978231661,-0.6144526152820531,0.1633036855096643,0.6511059287808856
-4.999407278136093,3.4708264141934624,-1.5403395918841014,-1.3447217837767649,-0.1242090720877956,-1.0673071055009977
-5.001110061932033,3.452660030886732,-1.5730712822920827,-1.0911676338900287,-0.35513166066732293,-0.4524543397622329
-5.0399266029121215,4.175564416113203,-1.6921614847037567,-1.3630517336520154,0.7950447631414584,0.11458607453294542
-5.095073216698251,3.8910402769027503,-1.7241206587075473,-1.7940053434245493,-0.4378015505114053,-1.6478065706495966
-4.961650407766757,3.9855253353385662,-1.6556624004755194,-1.1963555338377767,0.36297874283253173,0.09992698209753477
-5.104539112700302,3.524878244537418,-1.6341919224013428,-1.490118478506044,-0.6268031300190594,-0.9533593060348714
-5.130206566424394,3.3674916621564797,-1.5714581300626616,-1.5955311380113097,-0.8594432715756252,-1.5584220588288316
-5.112559911806509,3.55041379460781,-1.5417896612448294,-1.442904918881782,-0.6706676454498687,-0.9413587458915368
-5.130430748267696,3.5463181936242756,-1.577077763583734,-1.4479370902610005,-0.6606372807761139,-0.9479964767222052
-5.067524866120227,3.98740672810584,-1.6667256174317757,-0.7173408325948263,0.21222048293308624,0.5572819611471479
-5.069394120129918,3.8760041515504136,-1.7571283093719725,-1.544958716119669,0.093552065059218,-0.3622718759930558
-4.994687100395381,3.8355240226292935,-1.823525010651612,-1.411530582298761,-0.39616981682744923,-0.3857372544135334
-5.134276660806246,4.243503495243859,-2.015667291330047,-1.370998752256479,0.7167369498292447,-0.739959954981157
-5.059919695912494,3.9655554092587333,-1.752266445832203,-1.5527584269539694,-0.6831085097503642,-1.0348429212755617
-4.9844816159867635,4.251590460084178,-1.8068476306192782,-1.3933078022821836,-0.5374778708771365,-0.44039032008060935
-5.035193680955837,4.598729307579343,-1.8761272867811727,-1.7064898392083514,0.3489652221381168,-0.4230810906290165
-4.99883655750291,4.671647338238284,-1.9499002030773405,-0.9177337050011579,0.5602716457056237,0.45515885576472864
-5.077170028940511,4.010805948919255,-1.6476560760015946,-1.3845116656930727,-0.18725233026670704,-1.171563012943978
-5.06838778193488,4.623259878426764,-1.7803239269653022,-1.3374983280952042,0.6881554268742739,0.039635298365179386
-5.036003887996555,4.191213794289321,-1.7542485108723196,-0.9555803978019334,-0.3712267820997203,-0.7583570024672727
-5.043196479519089,4.260917959852863,-1.7405131815591295,-1.3446350561705884,-0.5949952529224445,-0.42555666925994035
-4.944845876777348,4.573989559815161,-1.9284749937239227,-1.8670298382972534,0.10630433915134398,-1.069851555443383
-4.922954233101556,4.542464375514145,-1.976329026990371,-1.5974501858872034,-0.11959161646167363,-0.4596158775058882
-4.8899555674194755,4.127443301982552,-2.024299310868725,-1.396598480050023,-0.6211172159656835,-1.26136157947947
-4.925495689076526,4.404929051152897,-2.169666044550099,-0.9995757389011658,-0.06157971477810497,-0.18377978709340717
-4.925712033896688,4.003263274907936,-2.068181232801508,-1.7421787131138533,-0.8941865402221313,-1.7236560519137185
-4.988559587195709,4.082034101179214,-2.0894935957455756,-1.7708557956555775,-0.8683029291309577,-1.7444367084928358
-4.966423648988149,4.708658438890118,-2.1069502697070632,-1.0359129352464882,0.6762656264249735,0.4151163922878845
-5.089977183804259,4.719600471967173,-1.981509276183112,-1.7911852682915506,0.441829201266518,-0.47497142197464115
-5.128611519433476,4.349448513562817,-2.0170082148333344,-1.7672816796034383,-0.19640121680598913,-1.101574257204702
-5.034452654363453,5.002808481716848,-2.2056280218037503,-1.316306551060067,0.823877883572483,-0.2294753221095679
-5.015545403525164,4.76328126339924,-2.1492831532454995,-1.3505437590330895,0.28190341445912076,-0.05031357880614776
-4.903583994250041,4.993134721971058,-2.2296194181457385,-1.205117465406198,1.0660965136747436,0.40696071706840714
-4.965046058028541,4.576119978213686,-2.093498154369948,-1.6446550321313853,-0.056073760272762556,-0.4861128243375588
-5.065373983055822,4.445218885623783,-2.079954816117016,-1.7459901079236686,-0.28140873060371796,-1.1047724617616237
-5.023818734400398,4.0253924249133854,-2.017507997332268,-1.672211934261914,-0.9700867198818844,-1.7076748048697075
-5.061038215339734,4.0985880584152765,-1.98742412608189,-1.6834370184457197,-0.9654574742889944,-1.7156994234207517
-5.01555346956205,4.386110008800094,-2.082023034674704,-1.7254918574720453,-0.28949692792109805,-1.0944785010649962
-4.880777310813977,4.961428858297799,-2.335584964147738,-1.2137548780129033,1.1216177791571291,0.3841859361824049
-4.96663642491324,3.969404306480726,-2.2338486608577006,-1.7972386791662158,-0.8362622523856342,-1.7300884907156189
-4.954713447635156,4.196923184751136,-2.212798771604086,-1.9869952378449176,-0.37690511817014694,-1.7325094058021102
-4.927610897395211,4.7237016769459546,-2.2069029489085685,-1.8789033291478465,0.45010203591413717,-0.4866401392766782
-4.995645631298957,4.427961922973412,-2.200661771350445,-1.8623558096439692,-0.1853586540417255,-1.1242259152643246
-5.109424975677975,4.458680130513508,-2.1107067959220527,-2.0388021900149864,-0.03303991082788093,-1.7170388547943634
-4.607654101175481,4.576416755611966,-1.8299562207954754,-0.8940049271979631,0.15799522634913624,-0.5048367361707566
-4.60477814379508,4.487771096666194,-1.756250520817246,-1.3744650399636253,-0.2902895005405426,-0.7908894855981433
-4.613775399338489,4.510737920505141,-1.6555681406902383,-1.7718342479313365,0.4377840400214725,-1.3729860021049105
-4.62115562682195,4.495890433614876,-1.8198925810351658,-1.9710753590698264,0.22790633540942953,-2.0223519355348336
-4.416504123301393,4.592879192091848,-1.7123241673841463,-1.0244288051480466,0.8036009710365463,-0.612968228344267
-4.509186857828236,4.888805602616085,-1.757884693770162,-1.3931721013662002,1.1387522609334841,-0.4541277130969204
-4.666390279987323,4.683212992296338,-1.9891839300895584,-1.8941417271937169,0.5046134835989005,-1.4315249306086917
-4.522122280730992,4.402771247169902,-2.0651236856162147,-1.9281818032821516,0.029990554243696142,-2.209490743052239
-4.529435128467873,4.408174808723739,-2.078464080037617,-1.6342678123466172,-0.20250766912313303,-1.611001839030437
-4.554119700084112,4.3944202191634565,-2.1235210793405925,-1.6468173184381902,-0.19114910620022238,-1.6102979480404678
-4.543284588442022,4.665307124871545,-2.4180251120812954,-2.177802170154365,0.5750876288388391,-2.2593569211719187
-4.500671103952321,4.675821984243815,-2.4325400452344312,-2.2079029155400454,0.6277548018018915,-2.2952355430089404
-4.499503727931227,4.326123746173129,-2.3882504491327787,-1.9225736207815542,-0.26086896808103305,-2.2972336866859893
-4.468628149466618,5.00712958106795,-2.5288496162802363,-2.010228900906356,1.083684629864251,-1.0710576763908672
-4.494928078349513,4.355427201985289,-2.354744800146689,-1.8909589374505253,-0.2657814991770172,-2.316109568176256
-4.510846133943002,4.6934514777606955,-2.4163379497291197,-2.2125100041399626,0.6246901575773431,-2.2962435231180915
-4.478871533968536,4.668674946004384,-2.412670473972688,-1.6480509327686876,0.1462070483484065,-1.0750224559354262
-4.3273171889952575,3.9535186234137005,-2.133982529389042,-1.1019657079022562,1.0762399695447824,-0.5883916619862208
-4.180241246676456,3.4666148179055587,-1.697851324650836,-0.9120561877535356,0.44463340043531513,-1.2555266814996369
-4.341474002640698,3.762076454925673,-1.9268230927383132,-0.8332432951930387,0.5033027653323525,-0.5464121559717872
-4.427496770260303,4.059339351217306,-1.9385293726385293,-0.9742776117521801,0.8773512546458622,-0.5324311970698241
-4.375268379940688,3.70167470844088,-2.125156156641601,-1.189479673186018,0.21375483979556528,-1.0264858901228806
-4.385191006260692,3.4954761946958537,-2.21759983356959,-1.702589873867732,-0.23911507399865803,-2.1506250406501426
-4.363587107020122,3.438278650819616,-2.123528049595458,-1.5325231281988627,-0.045648209596557875,-1.458697067168514
-4.347517683522655,3.2738336549009066,-2.1070871846182713,-1.6804893110255996,-0.22449463077912482,-2.0937564621966103
-4.370122625807279,3.395285723914702,-2.2863976878444676,-1.7993672273256587,-0.1740549586931755,-2.1190679913007817
-4.287188012223411,3.8405695983689903,-2.424647987579761,-1.0875051815179033,0.7404806201625141,-0.6369799712289103
-4.243817099925235,3.863735652246048,-2.3536025028156145,-1.3383823320041457,0.9755677021397668,-1.2717615800310162
-4.320020663605042,4.04812718907559,-2.2382311270422797,-0.8595556436049326,0.848290972026884,-0.009806941856464066
3.877302847646882,4.952816114568424,-8.093129374934762,-0.5784876842494496,5.862957068936681,1.1162230610367554
-3.8417717377219454,2.5853513105898993,-2.2913304892625432,-0.6955488741307365,0.03367875060305923,-1.419887693235396
-3.3970241048844554,2.8539685895487867,-2.694184211772876,-0.7383167136565341,1.3503462979840481,-1.0829198967247229
-3.840157493411756,2.1332210278562176,-2.9910439819647956,-0.45087724614815017,0.5823054160375971,-0.918015855512067
-3.8194596118084587,1.4735347280166955,-2.827266480571913,-0.9672010616002883,-0.1312232464206799,-1.7008397241501332
-3.807588190367208,1.6266158282680696,-2.8298012828198393,-1.0947139120120504,0.29372903292255675,-1.6884090998142511
-3.769804180458522,2.0801294552620715,-2.936234806662647,-0.24050621784860346,1.4377971508635843,0.44221062595454486
-3.832775370857532,1.5156556620905943,-2.9796520734652225,-0.3273750121723559,0.5797476519774484,-0.7826563812996316
-3.8003753544744794,1.487902799509064,-2.6765163632921776,-0.8682499310648668,-0.21098991057979066,-1.6781670752828497
-3.4331134187541736,1.8129643512818987,-2.609206142772762,-0.8531684521815176,1.0888248692120803,-1.3530394213507597
-3.7208597336637803,1.9408536399023641,-2.870999850482448,-0.5027204785889912,0.9773776868523553,-0.8167132330932619
-3.699185223403448,1.835423657989226,-2.8163442946415502,-0.5188342885955527,1.059648414766063,-0.8157702984714422
-3.6260801606927062,1.7338508348965735,-2.9027934314537136,-0.39310534609262127,0.6178033748592172,-0.869550469846173
-3.584570716787149,2.237933383067999,-3.0999390508908045,-0.5889066146980794,1.7595572837213131,-0.25803972460957325
-3.322548261212352,2.169565476259847,-2.921212841620873,-0.6265122944610282,1.444882575437501,-0.9692087033903889
-3.3201510026831587,2.0820204561250684,-2.8268620663031196,-0.3176744249479001,1.1834729842908995,-0.32469094101180307
-3.325229897007675,2.2263675102510287,-2.8665543814645584,-0.17498129753598532,1.3849240723102787,0.29270769394689905
-3.6930265673468083,2.122545869891626,-2.887642730439676,-0.45870196223362975,1.6844438975884555,-0.2001680207389202
-3.636819155253116,2.2055075076385795,-3.0056050218627943,-0.47303668057712756,1.6527011760548718,-0.21862659693697994
-3.2997815660592646,1.6668565929179924,-2.7995985183370884,-0.2423157109278288,0.5071259176437127,-0.9340410633141201
-3.3640374232660895,2.0975832209845415,-2.7692539661655116,-0.41980848691979766,1.6458536896572444,-0.29578371333203846
-3.3545459264929596,1.717831437598654,-2.819259821577033,-1.1800468221214586,0.7518212225396519,-1.8115733261952895
-3.6170323588399085,1.8631986450834774,-3.0908491276895402,-0.9867179474687017,1.2053480766555922,-1.3066204461930988
-3.307654444497392,2.010978771514012,-2.92778890880938,-0.5994414507981335,1.4523377728735933,-0.942559471943238
-3.6349288790864076,1.6927092958023284,-3.012979397019751,-0.3528393608366405,0.6092238907587668,-0.8618580048237005
-3.3398636498864045,1.8779751965399119,-2.8314019037823113,-0.4270371030741604,0.9693116802613725,-0.9345608634023872
-3.3891365316791995,1.7737155976894488,-2.943559430085557,-0.966623767449552,1.248526134111559,-1.4026115511562491
-3.3817614007716217,1.5845020506351726,-2.7939986402896935,-0.5750566150740202,0.2035444366431968,-1.3927741181372593
-3.4330097660076078,2.0469695411137905,-2.8781830955078744,-0.4294324686552454,0.963071601433238,-0.9707921492376643
-3.3440702698671223,1.733855173213652,-2.6984331134107613,-0.2052986042678675,0.4669132711134219,-0.9291628534934119
-3.6176469425723456,1.8597349182689058,-2.982001686251926,-0.3006088749112082,0.49028381983063657,-0.8657554531240444
-3.337571238237914,1.727469098844869,-2.831440198888461,-0.29127446998299483,0.5582289137829173,-0.9659510270639483
-3.359084645748433,1.7476789744990902,-2.9113897150204684,-0.34871955312086855,0.6108133680289067,-0.9852594093965907
-3.261630845799014,2.432448020681401,-2.8584656151567214,-0.4708282359211739,1.5594539047360882,-0.343133301471972
-3.4415153557193343,1.6058097197024241,-2.7342345557720917,-0.9018163371997826,-0.14442285360209214,-1.8661463346988756
-3.6255159338385883,2.3329288055310142,-3.0084412234951206,-0.9269518302406209,1.0172979240116113,-1.350975137150626
-3.3366154137124835,2.4358779660940386,-3.0441695886548636,-0.6208047827135055,1.357018150619204,-1.0181973703306961
-3.332833306457644,1.9192765611277929,-2.8613683662371576,-0.16889760626964587,0.7747250218481414,-0.3565668371683611
-3.38887268470884,2.1162159640021714,-2.7136346238932987,-0.5736453631754216,0.7997485883351318,-0.7933061117949127
-3.3742643692928134,2.172992647494759,-2.989505972095098,-0.33385089030967074,0.48566846959258464,-1.0485824149292602
-3.2858887685251306,2.4675308286183517,-3.0191542328888468,-0.6729223598574513,1.3855871461279339,-1.0243069219561012
-3.385216072431478,2.276929984990859,-2.9865593329211335,-1.3218859975189834,0.7678804285288479,-1.9414997344963651
-3.320060067530616,2.1572659863607706,-3.03928984710098,-0.8577039833895258,0.6543441420157377,-1.494442892049841
-3.3550351323630343,2.3719419607329155,-2.9951909857034615,-0.5125285890154476,0.9486166957649899,-1.0494951617022459
-3.3656659054441036,2.5536139956641906,-2.8915229765777344,-0.035469435025258206,0.8330731258047117,0.2040760374500041
-3.411092379208386,2.2311964043799613,-2.874644491609027,-0.47718139005956384,0.30727252394574717,-0.8555508613054643
-3.3941912053948444,2.4356481099627745,-2.8103531999200007,-0.8883716615469709,0.990480197859409,-1.476617093657249
-3.3636607372294436,2.20417946100205,-2.806450164999552,-1.1530850169441276,0.6153746340359658,-1.8825872802063353
-3.3217598904036065,2.0906824126854167,-2.908228794348084,-0.2617567686645565,0.41243846793986627,-1.0066074440484862
-3.418947523338258,1.9253078552959138,-2.855600834273597,-0.9251226295902444,-0.20235342874152323,-1.9301072709960934
-3.648431735477952,2.380796194422488,-3.1633262951535337,-0.5749920107610675,1.0181738156840185,-0.9703339350155956
-3.4200027417995402,2.0853792488585405,-2.8237577058390344,-0.6132445208776823,0.09584021876110262,-1.4694552747804146
-3.482411203103345,2.4849535486056538,-2.825454334324283,-0.6209224404028251,1.3908750085386041,-1.0102732426713987
-3.3939828015246736,2.4003241624919696,-2.914068155157009,-0.49021552142717884,0.8965277345401091,-1.0295316383601203
-3.6729946855596993,1.9630831417614631,-2.7774569232482786,-1.22089841817527,0.2977378126843045,-1.9113894377220657
-3.406936642036137,2.1447625136600363,-2.856695986311128,-0.6817369662641894,0.1615620929997949,-1.5058433465992616
-3.380206890654452,2.475014816983368,-2.8915125471641394,-0.5382653799474058,0.9382394546155618,-1.0541953732217404
-3.6037587676714127,2.4012828885968713,-3.212641072123956,-0.48718227249917706,0.5542842362154324,-1.015991133185157
-3.484275660864023,2.215139604529108,-2.630146219800071,-0.9585055371394219,-0.2713178815775586,-1.9422065008683356
-3.438881741757878,2.4447411461336688,-2.7505497072594864,-0.676660176680196,0.09835847833022056,-1.5661040969625344
-3.616899344523127,3.0490714734367392,-3.065748615518982,-0.5845540369916065,0.8227349926294633,-1.0578291335940981
-3.395999259118662,2.675378840955735,-2.853207338301676,-1.0277222991442803,-0.3030580749173724,-2.0736454586333637
-3.34553201928921,3.320001159621235,-2.9406754816142904,-0.7267083588785723,1.2496930531822938,-1.18022036154889
-3.5969526329918735,3.214146015492543,-3.0107573308681475,-0.8601776228288533,1.2388232036589233,-1.1660185153922058
-3.3716298003286296,2.8977317030798027,-2.9859372316997645,-0.3890226240217943,0.3512484238376188,-1.1771739683606983
-3.4089763597500014,2.804938503761596,-2.970894129313819,-1.162530348086762,0.15767771881508078,-2.0748919641444834
-3.3977033294731873,3.448846156359784,-3.000168979207017,-1.0576096878496137,0.9868980549478421,-0.8572042542056774
-3.3855294651422456,2.9000491238070047,-3.0083739979696156,-0.3875031359678352,0.35865918110072625,-1.1822788275791787
-3.343030257914267,3.2674147456721023,-3.059911338831702,-0.45010271916262323,1.0448612158286104,-0.5799457318406829
-3.327204956375058,3.079706260307456,-3.087947512198007,-0.3507596096814589,0.6383702897013658,-0.5880414351552808
-3.222639322710083,3.098378299801973,-3.0692593608519423,-0.28690630712498477,0.6370536108291224,-0.595516520124246
-3.569847724304598,3.177333904724141,-3.206731180920965,-0.24129908857720092,0.8504432333233135,0.1511170130987995
-3.433039152949144,2.73342174613927,-2.9147338805988006,-0.29289234949463516,0.676457631911003,-0.5098975726177698
-3.6716788610185986,2.8572319283878107,-3.0563974151382594,-0.3013703343006455,0.6409012474698564,-0.42139638472501634
-3.384437505997553,3.10648951055635,-2.9807964756213132,-0.7181040092730634,0.6632562580672688,-0.9930390101719969
-3.3400637076134765,3.392837520735642,-3.0513898998475057,-0.2886405726689826,1.205781705702855,0.06536608881540053
-3.340290318119565,3.0465241133148746,-3.0268466550471387,-0.26568599750433813,0.5645173084710642,-0.5601882733388909
-3.469660785334462,6.867021713593915,-3.596459026866253,2.7001793337126165,10.531289763301038,10.547453902251933
-4.02470133488546,1.3073039548436505,-2.3985838920506453,-0.37069323988406755,0.734726917402113,-0.7135468165972961
-4.0337603958151975,1.3773481400499867,-2.321485378804389,-0.5147191342152185,1.2467693122697672,-0.7159938546157529
-4.017299030993203,1.6041363808327984,-2.354655468320232,-0.5504280652532533,1.943704941210092,-0.07817441604950706
-4.07002904868603,1.3502542896683174,-2.37620989315619,-0.2571851955501586,1.0085657545510573,-0.08962907940410594
-4.067559186488805,1.347744686078365,-2.3259641808192795,-0.49789374919749996,1.21312684462295,-0.6885936241863289
-4.233060117948975,1.305932209639558,-2.356100182743299,-0.2009446202424413,1.193816063237204,0.5638511206642166
-4.233495176133798,1.3090346362585934,-2.360998860505173,-0.22287327598903695,1.2066544801257915,0.5599765628920175
-4.354349857392894,1.1444173357458247,-2.3978277263115193,-0.6443977731049259,1.211282457916182,-0.6299679082597452
-4.174434447327578,1.1628894013747841,-2.4483408839770706,-0.3774499515005901,0.6572971463437468,-0.5683691833119552
-4.1986191792195555,1.2784288343061367,-2.4989626654781047,-0.37396007083550425,0.6322874798272495,-0.5906328151546044
-4.19130572582284,1.294269590723848,-2.529860530215416,-0.4046505522234592,0.6668064250959161,-0.6073993274442404
-4.191547159148702,1.7555743063098155,-2.603828100530039,-0.7327408231733233,1.557665088925558,-0.6266866570841857
-4.195545781571414,1.4778053025910447,-2.5375723225226126,-0.28593144413544375,0.871410409134452,0.0072628425107966205
-4.220858712446309,1.6522205773349576,-2.562393507123711,-0.768586998484515,0.9999185539815572,-0.47324034490842465
-4.154974867313344,2.147221353105583,-2.5883609053351337,-0.47105727436011186,1.9691267104643269,0.5931101872173565
-4.161059566387502,1.7363993806472828,-2.615752577412973,-0.28424722074958264,0.7892746322747097,-0.035648708557434676
-4.216705117933387,1.4432807906809104,-2.5444202904327944,-0.7100737798330689,0.23813992441315002,-1.0878959109704356
-4.175779889513811,1.9416147750281834,-2.6435035350812206,-0.731995860174972,1.489355308990503,-0.6481223570999357
-4.22306659842711,1.3059683701034681,-2.5515083664034712,-1.0442888869050495,-0.05959008413447489,-1.5411396076304742
-4.097622836337317,1.6854476307155968,-2.748030371140003,-0.4495577097556803,0.5670295604675238,-0.6806105157097809
-4.156059246550946,1.5596298947472864,-2.7044535491927286,-0.49419293272401016,0.6603226010158805,-0.6703690960565661
-4.1190333169494915,1.5687991732326931,-2.751511780768863,-0.8002970612478857,0.2764079766155055,-1.1408811052701024
-4.163816113530774,1.5732507632553172,-2.6935394581381256,-0.49147882386828173,0.6557101972420547,-0.6708137622042447
-4.1753683767958,1.5594864942519868,-2.613801865468305,-0.4089052352530295,0.5871706129378838,-0.6500834442986093
-4.1867744054308,1.5738842056898232,-2.602850768806879,-0.4006812095190004,0.5800340656287193,-0.651132371589315
-4.235275695391661,1.4611357900473774,-2.5730975238614624,-0.4262865263164893,0.6804449165516123,-0.6568088505600127
-4.111048502055023,1.6157632787105882,-2.5721791288354336,-0.6066373192757121,0.5354911669949387,-0.5454404473400079
-4.190448456204245,1.3026013219094617,-2.459901060295322,-0.7043240421592024,0.3645798355621888,-1.131134688047381
-4.247629080429873,1.1835441913159508,-2.4148020481190398,-1.03694494587167,0.02470559922049623,-1.5643662244251533
-4.236157515969179,1.4676208135935085,-2.5469311529903256,-0.433553594577136,0.6711641473381268,-0.6447181096760808
-4.164822600816398,1.6540975441102233,-2.5408635594328906,-0.595978074143371,1.1830315742827269,-0.7018245876114116
-4.152046631711206,1.7218629457895018,-2.4933969967913683,-0.5157441721059874,0.8344871752302954,0.06613120554018959
-4.18537026880607,1.6070824793848173,-2.408635029386081,-0.7943373686841648,0.479872890962734,-0.37366097170904666
-4.203671922950656,1.426630738963082,-2.4029110910704685,-0.9171560598409528,0.27100488453602384,-0.9873405742026241
-4.205707502164913,2.2117448659547683,-2.5812998744401177,-0.5202132864636486,1.9934009170981428,0.5824283601047593
-4.23190151705805,1.8965817301198404,-2.555225310099757,-0.5467091434189899,1.3711020520096808,-0.053649707936300015
-4.087589257290422,1.840563409316007,-2.6584207817733123,-0.6911593250414332,0.4802106227194241,-0.5381143329701645
-4.181185398735119,1.4024657454046152,-2.5365749126967296,-1.144534038865918,0.014037104785801084,-1.5780600821313955
-4.253551421837715,1.7195329407610118,-2.5570315914090633,-0.6378592479112545,1.1547999140571836,-0.6651475328919055
-4.071903009934792,1.9658802142100715,-2.725565108901043,-0.3860453022329429,0.8195311944689422,-0.09818496017003997
-4.190233155133034,1.6416578276286462,-2.610057028581656,-0.5091081512907777,0.644643538882832,-0.6790676047132648
-4.200672725713896,1.9162798859293142,-2.571440075493849,-1.0876090498565216,1.2037518426961935,-1.1268754204411644
-4.278290935473395,1.6020736441361605,-2.446411846638128,-0.7759444512118328,0.4103958454353453,-1.2044769537194262
-4.196274480169746,1.3947985648762549,-2.45872155048514,-0.7544778325074912,0.41962890200352404,-1.1694125881700594
-4.149955941163311,1.3509272294979604,-2.44432639041151,-0.7464111941408249,0.4005369446408,-1.1502942280823314
-4.093261627281447,1.6538974938174928,-2.515681585455513,-0.3281711969116278,0.9572123055148006,-0.09913684552000161
-4.241958451425463,1.531202747934053,-2.4964221727617852,-0.6397127742295882,0.5548656151566711,-0.47818578884693547
-4.2035363935493,2.2154579797271303,-2.583400397527266,-0.5313200763609243,1.9977874570363217,0.5817306147347261
-4.296062978509197,1.24325096825649,-2.4284104853225035,-1.0625105581610093,0.010601061167598352,-1.539760933017354
-4.216655259191913,1.6661296001792185,-2.5599992470270916,-0.36301081257656626,0.9106564093042743,-0.03969846905080142
-4.23232874812171,1.664920219643162,-2.536239013762766,-0.6124157825633044,1.122828662744462,-0.6409853757320626
-4.257329330289773,1.3763034608764344,-2.4985226456973533,-0.7849112878260917,0.36914366669779003,-1.1052047038104262
-4.12102165922263,1.5336823095497987,-2.4509954714304625,-0.6280005534575075,0.6165847420763895,-0.5427326673163155
-4.201517911215179,1.4152979875584393,-2.3828287135886828,-0.8977075362862881,0.25195572521832077,-0.9801531631775912
-4.156194184193292,1.6656993274394938,-2.4869352880893034,-0.31599759492076696,0.9282833686417787,-0.08537351705450773
-4.117349463289993,1.8762889268207854,-2.524786875869949,-0.7890959806558184,1.6555330498446927,-0.713189999212239
-4.223224926899142,1.2729228304666083,-2.43302648077426,-1.0985158881358474,0.10486183427763114,-1.615536676341334
-4.230712610606331,1.742079157500058,-2.5370812061059027,-0.5504692940074172,0.8004945621239362,0.11340101388356494
-4.23681708059251,1.7398283194196007,-2.5096303902477524,-0.545314379211872,0.7856406900639538,0.11810460278335924
-4.202915225846631,1.7504710383265065,-2.463694790492973,-0.7655726362731952,1.04813446590922,-0.5381097844253891
-4.107855218552252,1.5623643575380226,-2.487529330507626,-0.9475928021169,0.2321245477637912,-1.0107784645156919
-4.477851439191317,1.1669269754946585,-2.426795971358395,-1.1594207118732196,0.02971337718084852,-1.587117860087727
-4.31048445290011,1.4115684647637634,-2.4280105003296093,-1.0603587758027637,0.04982228514908218,-1.6251541889271237
-4.245947934426759,1.2331669023323415,-2.4816494909540854,-1.12942643479473,0.10004755675260905,-1.5939012308597837
-4.254867901167255,1.2267945093670447,-2.480423260496811,-1.1058742543491948,0.05168450879971243,-1.5463643500722226
-4.253424827040464,1.4887840361923175,-2.5776831660271267,-0.5146137424679733,0.7205594180603998,-0.6633837505174832
-4.199035733774676,1.5491690531047182,-2.544074216879906,-0.6900014271316421,0.6137634845436253,-0.5037159709275685
-4.196271126648087,1.5061126694745952,-2.473427110587039,-0.42053297437737874,0.7132466110789883,-0.7032436659354996
-4.210275427103262,1.6097706254672213,-2.393462779136529,-0.7806564256144297,0.4625209038149647,-0.3676136276327021
-4.213572523086917,1.9803185444292277,-2.484253990443321,-1.1268792111748631,1.3426795127552629,-0.3237637050735516
-4.245703651753426,1.7254406193337264,-2.490221838240941,-0.49354222560276323,0.7504219836499212,0.13344838247929655
-4.4723596096631155,1.5778967306807026,-2.57498961944534,-0.4575604541758305,0.8595755022433901,-0.019391073443943436
-4.246333336688225,1.8394230191183936,-2.5593588632183075,-0.22641157692213804,1.0991740573921505,0.5776297494061724
-4.277757365006446,1.7534950806668912,-2.5510401694968015,-1.0924617306275701,1.2702472084819731,-1.1031707700568216
-4.257334016142926,1.6186629283261125,-2.494023097205516,-0.8462250248551872,0.46823908734669784,-0.3332764685095631
-4.310545201541537,1.4784671790386406,-2.4312913310496604,-1.2207318221203252,0.4699912312740774,-1.5514277594148083
-4.355545528561787,1.8078558340265598,-2.470868334731787,-1.094449268657773,0.6658406123742354,-0.9695329984813449
-4.2732519407096765,1.5601390813675593,-2.495350976132402,-0.6214381875908009,0.5527882446121488,-0.486627851442391
-4.1664729333145205,1.7165921426504618,-2.574279548846817,-0.8893829011867294,0.4214882757073412,-0.3469802593210859
-4.20094594044408,1.3846555087170807,-2.547284640110692,-1.112658734597929,0.00020201638626224125,-1.5772829253554708
-4.183988283777551,1.372485119744252,-2.571768832633695,-1.1386846814330334,0.015795068226516135,-1.5744389816337239
-4.191620984334279,1.5286540682276133,-2.5966652314721403,-0.9933235861677068,0.2107132920468434,-0.9555426092787993
-4.20932506481362,1.4989293299019673,-2.5917291903579085,-0.7811872334740965,0.30734231870945783,-1.1218942824473934
-4.168631974280859,1.4951003330931412,-2.5735082564644762,-0.7883298542323807,0.3083920575897534,-1.1169044215051054
-4.47509142138614,2.171045722719158,-2.5677509286590556,-0.6289565912009407,1.9493730710880512,0.5906124342523555
-4.368000711091706,1.774010384990379,-2.626867663229112,-0.6759232736943496,0.710980337169016,0.1091717768232672
-4.237227421390336,1.73671642468502,-2.486481570897595,-0.776665728160509,0.9962209861284159,-0.48589149072295673
-4.255854382719183,1.55110480060763,-2.4444464675078303,-0.43244655704346474,0.656719246860716,-0.6533838372079716
-4.149859107839681,1.8347865875333877,-2.506559866484284,-0.34846701913734934,0.8387307387811991,-0.08097029449830706
-4.2938481878183845,1.7878549154943366,-2.4466469684810246,-1.0928231124029766,1.2381751405281427,-1.097684966154257
-4.373153709366279,1.4315176923187214,-2.4934295586744546,-0.888655108656699,0.28233688485807773,-1.1329710229836296
-4.188559448347078,1.4652715949432653,-2.3262770762344918,-1.212187942192986,0.5000370877667596,-1.591831154134843
-4.136451057724271,1.7129702870035695,-2.397652605925125,-0.5730618541587911,1.1506925591129904,-0.7000116641377143
-4.046333743169335,1.6385005112085358,-2.4895486647495284,-0.46273673749548844,0.6626384418225522,-0.7168225728247188
-4.342140722991558,1.2761861015450486,-2.4898205612318263,-1.2281849563571472,-0.004739523041642463,-1.5982222912389326
-4.369561596678194,1.4090401778301938,-2.5997852746952876,-0.9471062515337073,0.3045462805273529,-1.1161070301633194
-4.365474060669792,1.2998672206340542,-2.425682736662736,-1.1851143774839457,-0.04363477219286112,-1.5902492559749473
-4.409579478497103,1.4680394319114047,-2.381500099782709,-0.5491361312859219,0.6589035654364259,-0.6838097752664474
-4.207846476858165,1.7052895732081819,-2.410238046431173,-0.33282730386415427,0.8852251753518968,-0.0630390043499278
-4.245147459123924,1.3863099258772,-2.3204809629864793,-0.7419440583807335,0.31678586730451597,-1.1034232311386203
-4.391662245482983,1.3153116271335468,-2.3495684333114855,-1.161007303383688,-0.10267451309080998,-1.5557728453787218
-4.447621477554708,1.3638633442623647,-2.221798117364288,-0.990410051363111,0.12013355045164206,-0.9103480376391521
-4.228174196867588,1.573190837905107,-2.2165857411711434,-0.5479405787245798,0.4547026729526986,-0.470324474065194
-4.3184256963887515,1.2548077114260532,-2.248640660164245,-1.0031712197315505,-0.09399181703947339,-1.5030188064156866
-4.189030037891914,1.6916010105580759,-2.383138934788893,-0.282524777599643,0.8637810663932222,-0.06328768638202549
-4.435205302611201,1.3605651436798056,-2.3262189967727442,-1.3151084393973793,0.43375387616075367,-1.560766830182504
-4.229337481341362,1.4345113454641156,-2.2729818213361574,-0.917355288613221,0.18608841077257546,-0.9379799297126798
-4.415866708202093,1.1430729502213541,-2.300005621435875,-0.8435775321809706,0.2939558018432866,-1.0538114263102534
-4.1387950035219,1.6847160847084837,-2.349957032940003,-0.48025644987413324,0.7399020269583712,0.12102871313462994
-4.2862804309744185,1.5905467031032723,-2.2752552100185897,-1.3371901787768687,0.8022992033323618,-1.482029968121274
-4.18593928692271,1.746654658398707,-2.254324161573864,-0.7513999442618755,0.9340440108871245,-0.470934805795661
-4.227740063115143,1.5322472919144285,-2.2236476136051557,-0.355029127080046,0.5612151052383685,-0.6328243941876991
-4.183324497814572,1.59576661278024,-2.296437092751662,-1.0358993299241406,0.643312366886916,-0.945944226663402
-4.450190996795703,1.5671623528837766,-2.445868332471992,-0.6550096678191248,1.0428484952973358,-0.6326584733090848
-4.444463193046506,1.408710638178949,-2.4070167465235652,-0.511742591637522,0.6169751983004179,-0.6560842560378268
-4.413726612901878,1.4113796364170659,-2.3892497526136243,-0.5166367781208479,0.6224352980383362,-0.6614486986234547
-4.472333174638194,1.3105740671923192,-2.3755447953682425,-0.5082915287609104,0.5707873060364612,-0.5786158499138102
-4.470272728069364,1.340949104300075,-2.3422137354130754,-1.0262424497309701,0.16728485273178187,-0.9244544065333308
-4.245522747852464,1.6922309249896232,-2.3672282528922057,-0.5562152490633713,1.067979924337895,-0.647207901695193
-4.461231860273576,1.3270586088782124,-2.294777422424135,-0.9982007301136469,0.1336910381425758,-0.9089755700869827
-4.480586898526599,1.199465189087234,-2.187748741549303,-1.0809524131159876,-0.11057756110058069,-1.5208096870993169
-4.426985669547128,1.4714287918772468,-2.337106255693053,-0.5204127399845461,0.6008665333742126,-0.6474101521780004
-4.458571072263823,1.239358853251553,-2.2865384427642073,-1.1841838933927882,-0.014152020436657852,-1.5556421519809116
-4.301094595127499,1.7824625884157483,-2.533261059839501,-0.48558029397713953,0.8607603199700802,-0.10841723634781872
-4.298119285184534,1.6593494074219064,-2.4756032813441737,-1.070747731256759,0.08789166780884218,-0.9823835205844521
-4.254770008579873,2.1502265148940984,-2.5850139242227836,-0.8307233618181152,1.1060881509191967,0.06813596492964952
-4.309394727291706,1.8164343614468772,-2.483362887628886,-0.7392582027366496,0.3989316612742486,-0.541185891337219
-4.2960818392741205,1.7913102689850096,-2.5470915786156585,-0.5918763481689249,0.5717844653763046,-0.740958872232875
-4.248143260371338,2.035161218524462,-2.475259936992012,-0.6601171861503612,1.6454673212339779,-0.056446228938886414
-4.2758909248721215,0.8664044818831292,-2.2200316854653934,-0.6236329750421286,0.12414011318329726,-0.975676726715432
-4.333032624733291,0.9399792141301302,-2.2472923155866633,-0.7845482862848968,0.5539095446999501,-0.9039807195284584
-4.3437781945458696,0.9800633279715614,-2.363820241995693,-0.32898137642441055,0.4228518984640898,-0.48331871180354125
-4.4016084726536,0.7862023731351546,-2.2320364392304533,-0.9442148923142505,-0.2345556533951423,-1.3845882739381579
-4.342777725984693,1.0663767044774648,-2.1525281522349142,-0.24018567100400337,0.36906965698173994,-0.49357062182896627
-4.226719004887359,1.5414024143933853,-2.2578445939059155,-0.5270001058312334,1.2030957340477817,-0.5135554364044331
-4.253296843753023,1.1758808626807824,-2.277013762820387,-0.23526813915011519,0.3315988219826629,-0.5305487930616313
-4.33212819256515,1.302993023842654,-2.261313230512766,-0.7133007873522982,0.46614081608852925,-0.9905939127197452
-4.258511698757799,1.0705829861043634,-2.2261604191354984,-0.5764650414242645,0.021825180362337365,-0.9819535934631559
-4.415619239811326,0.9870517067811435,-2.079685391553321,-0.5312645636916992,1.3728557051583434,-0.3976525849548582
-4.336978530740535,0.06434542432831114,-1.954408441755199,-0.5446193139882344,0.5255180831581516,-0.6943759105877539
-4.336666132126844,0.12561526268920403,-1.90331705297594,-0.9850301984888632,0.636364780926726,-1.142916819669687
-4.4016225296431974,0.01939808615244354,-1.8110542598309995,-0.9695204290332512,0.6680609108012519,-1.121445342162193
-4.349825255035993,0.28031271741280406,-1.8453135153200477,-0.3462581732411752,1.3069730296177906,-0.21731036378910676
-4.365485165142386,-0.026652600727555317,-1.802364568083475,-0.5077447952825928,0.5420992983667416,-0.6754181275813868
-4.322726584824608,0.501512113437435,-1.8760890355466888,-0.43682364276503377,1.4288200787772143,0.5463482305280094
-4.341917571478254,0.26225783655658924,-1.8086669040454075,-0.31837012672442344,1.276956973788811,-0.2033551651491944
-4.393240674111109,-0.010750430728038551,-1.680714625873366,-0.8885311979977707,0.5720533229672917,-1.0785004932421178
-4.41407002493041,-0.009523198117020126,-1.7345663015037092,-0.9066222204976923,0.5950127161898969,-1.0877884937743743
-4.529828748603942,-0.14483585447389338,-1.7199363702272643,-0.646342423962217,1.098594372751345,-0.6274911240656198
-4.41498563166669,-0.20580659064569057,-1.8214953047912301,-0.3430588783958324,0.09478661742392584,-0.6829779038539563
-4.392190132667393,-0.056964151034184125,-1.8487433303405825,-0.033864801326055356,0.4256598890219303,-0.24283300464390462
-4.372958976273196,0.2839479016038129,-1.8553976735586852,-0.98164731150468,0.6011828685081175,-1.1619720389193504
-4.4123961004060215,0.025383098574797702,-1.7973288302541695,-0.8848205142195827,0.25080481727363857,-1.1705239249550474
-4.370889934593902,0.20015522104807398,-1.851662326524967,-0.7257513436078247,1.0397929651458493,-0.6912171870964663
-4.42235740352318,0.20536122834868237,-1.8491145738873398,-1.0517279405791529,0.7137588731547163,-1.1716241953555702
-4.436385698155225,0.3883248483862313,-1.8034208667340625,-0.26087268620351917,1.611200811465474,0.38977238193518926
-4.407885924208528,0.030554910844463823,-1.8506299662431782,-0.9841220695406886,0.6946169179963699,-1.1415259901831654
-4.432583963828338,0.1176797600949153,-1.890054605326439,-0.9984138962796326,0.6750460183919244,-1.152785098742794
-4.472644187919949,-0.2664760184781152,-1.8061875881183866,-0.8933123317558935,0.35217794447988277,-1.1389644460529442
-4.44988002932986,0.22096571186352745,-1.7697155913482103,-0.5656464428275458,1.2748124021171179,-0.04904569377612741
-4.406244159949683,0.06897611731325846,-1.748151080502814,-0.7572869909273806,1.1034593004359687,-0.6686085754431957
-4.459662484932581,-0.06388296888024815,-1.7599659215185681,-0.796630115698344,1.2158772597053562,-0.6747875859493002
-4.28265691652384,0.4824466988531387,-2.0027938899947486,-0.381036891532102,1.6522855126475375,0.341262029106139
-4.325936643146252,0.29912701453148705,-1.97261886432952,-0.4521673650614599,1.4074608805487452,-0.2612531564716328
-4.417079924426789,-0.3324248625234328,-1.7862505452422053,-0.4135235710929254,0.20997016906184224,-0.6829828689603133
-4.483093752385415,-0.2595940610266803,-1.771246617271174,-1.0600293912944383,0.8698543654405919,-1.1142056386194836
-4.4589766364928805,-0.2761984301851895,-1.8323047502541672,-1.1233668250308495,0.9169492118711705,-1.1240016730942957
-4.569731729791248,-0.6371043103133791,-1.8029676804775974,-0.7894417185694813,-0.044746134327969075,-1.0822022339418542
-4.4646214457529965,-0.3638780887426821,-1.7514655158172994,-1.040266841785422,0.8241718658475012,-1.07121447665485
-4.452873610020254,-0.3786754369522573,-1.720810909481935,-0.9962824553533703,0.7968112759881751,-1.0651592483877588
-4.517110742296424,-0.6615956213688255,-1.6724425376691714,-0.677673936777216,-0.09876691908784299,-1.0872873248758343
-4.5394379953423964,-0.1655637995816915,-1.7945511564765384,-0.7064211698273837,1.1094980701377235,-0.6041405119448165
-4.570744177634965,-0.3510377243827683,-1.8229581478433226,-1.0244240371724265,0.7874316443647634,-1.0462538550085867
-4.502471144166184,-0.3926231045798568,-1.7995722580048417,-1.0286214077849438,0.7867661341241453,-1.038047831425537
-4.493164764575624,-0.3984510053122251,-1.8405499724544063,-0.77143587898572,0.5720986190453591,-0.4395299400020844
-4.4707535235077,-0.13261453147808303,-1.8219053117176573,-0.9457868504022325,1.0444774802631782,-0.45793342352528366
-4.556890040513787,-0.3046797349743776,-1.803500795348673,-1.0450938600140194,0.8085954302573054,-1.060878820731594
-4.49040745474516,-0.0032527493495374195,-1.7982336942032744,-0.406680110489217,1.443617552284985,-0.16399698403541563
-4.522525664494667,-0.2604262754518648,-1.7156931705672684,-1.0150339654483065,0.7875011805246898,-1.0614276713361275
-4.516577747983112,-0.2313164230136984,-1.710138612428268,-1.031467838811616,0.8028353328514686,-1.07078125293187
-4.44933798596881,-0.18132453258655953,-1.9112969136735998,-0.07907585767604396,0.8649903255698972,0.3986721825007515
-4.485770794310001,-0.26294349357403735,-1.8636366154349868,-1.1266272937832336,0.9007307141012599,-1.106609746996693
-4.491668753210658,-0.13525398960763116,-1.9163078196592338,-0.827964396330187,1.2294988487874958,-0.6545495383104395
-4.506644474022722,-0.2388025617006806,-1.8332841316528927,-1.1112526008426433,0.8855723139868628,-1.0992088182017379
-4.532272368069677,-0.20629946735149193,-1.8340367914279778,-1.0830987598790907,0.8841141167440059,-1.114425409366148
-4.4964636376449665,-0.21100297660027503,-1.8156962868905333,-1.082460993947595,0.8817805476692023,-1.112105860703347
-4.46307256394987,-0.2337780559913848,-1.7057972444275584,-1.0259424496758787,0.8484392678594469,-1.1122268637618378
-4.419337186979907,0.07062286981909725,-1.7468183648928124,-0.4378634060944654,1.517760063789264,-0.22644771412047096
-4.466498589006052,-0.4350587749473894,-1.79420698181622,-0.49372990697687175,0.35174300176135254,-0.7020270878610144
-4.490513224223574,-0.13296602979547947,-1.8961022009936783,-0.7941590793812459,1.20879006426016,-0.6548181991553467
-4.512936828867287,-0.24189026786469614,-1.8470513525269279,-1.1013237534045974,0.8853929334870076,-1.109847760428065
-4.515998469198883,-0.19689254711738877,-1.7737360105018818,-1.1024817352756089,0.8686706801412225,-1.1009911650430662
-4.56906317233131,-0.5685014073179219,-1.6075861795985769,-0.6603575276871078,-0.15662531891736267,-1.0568735398766096
-4.5773693480826445,-0.08742708169910952,-1.6461772266010024,-0.6244146005637363,1.0207424739091782,-0.5810133128390972
-4.561568592976185,-0.22962314993882735,-1.598623227142125,-0.930932403345356,0.6934411798908557,-1.0282951844800567
-4.496915707782908,-0.2068730542790375,-1.5122361350868863,-0.940440216787514,0.720768660255913,-1.0547409650133923
-4.558321344683458,-0.21083940931225684,-1.5750938293106833,-0.9541674708656122,0.70016348239676,-1.0272987409135574
-4.542477629736961,-0.2565772282395501,-1.6096261208891105,-0.9486328113496535,0.702668236407169,-1.0256694263579582
-4.586968022040048,-0.1755651294589616,-1.5722792142748945,-0.8300524794369397,0.973867689952272,-0.4093058547375644
-4.653660859272699,-0.31937362653915324,-1.4989034626592275,-0.9137763688385246,0.7083375778307308,-0.9927434371868299
-4.6092842974483546,-0.7150563416006802,-1.3403550433427298,-0.7102178775053134,0.26178576228974587,-0.9386736405189066
-4.601279282038549,-0.6086487624492003,-1.4165989253042781,-0.7506632461202387,0.2789029980423944,-0.98230368659577
-4.521444723459562,-0.1460561220484429,-1.5799402140985328,-0.5867285713792393,0.9724235077961494,-0.5503723932941342
-4.528876171194628,-0.29730626350073575,-1.5554605981363148,-0.8752043693358381,0.6429563922274817,-1.0007487983741332
-4.5685564645714125,-0.5341448332175122,-1.455756776493789,-0.8576552490563902,0.6736221674781392,-0.9379177268519453
-4.56906108433269,-1.0554343481284731,-1.4182269260939693,-0.5384434195147357,-0.18120714378411115,-0.9372511606257514
-4.531217682555932,-1.0715829649251267,-1.4038867008633833,-0.5345286884408984,-0.1888648176345785,-0.9312186533430944
-4.425187083596274,-0.635475983514544,-1.4134421930235024,-0.662161548549855,0.8720565054339188,-0.2807579171095979
-4.549995420184007,-1.448282018681297,-1.2574511959110428,-0.4481575241090233,-0.21920999331389562,-0.8116008826944627
-4.553564386961616,-1.361188921377516,-1.1604482493330148,-0.7369976563319313,0.768045272857875,-0.7764765404202925
-4.54104097028363,-1.7503590786238763,-1.1315719449629458,-0.5884104617134154,0.38066196887527076,-0.754285541686524
-4.499067188211177,-1.8437556331913658,-1.1160965565277088,-0.259610294534744,0.0955839461821675,-0.11485587543705819
-4.468518395981507,-1.6984113044226257,-1.137677908117255,-0.12459010711664038,0.29582586292133967,0.5035264269188199
-4.513435978509383,-1.821352915138866,-1.0693933543473897,-0.06100938031538139,0.24886003549268346,0.5512076377289948
-4.543974000402869,-2.124866716987094,-0.9535509890869416,0.14047789959626095,0.43848207389601557,0.43460434990717195
-4.527103134563654,-2.078665844614235,-0.8172928393131693,0.006323487034402627,0.2604405123391151,0.6239193310254625
-4.549171552780965,-2.300836488210513,-0.7989685743090358,-0.08630636428831324,0.017170675342306596,0.03406385727444077
-4.591494354978425,-2.4779547069070946,-0.8691364500188614,-0.2381422253289572,-0.17177805914431613,-0.5787306901571414
-4.544086177245833,-2.1461326506754466,-0.9234824095289302,0.003590205215562931,0.2759626979744703,0.6288205796759369
-4.51913040994431,-2.0408048331779804,-1.0126256155916404,0.305293252530041,0.6213561088570481,1.0680929279179323
-4.583129082313655,-2.710547283174926,-0.8348139734906084,-0.19046676424964618,-0.10486167384485592,-0.5694915790211901
-4.51921049978003,-2.068836736551056,-1.058821092284816,0.2179498909847447,0.9943768993858152,0.2753615220300396
-4.568766032479409,-1.453239517888893,-1.1596460305530172,-0.5874125856596648,1.0527459996965813,-0.12981681357983738
-4.623770310644167,-1.8089141368474595,-0.9651978022650043,-0.6517543542390213,0.8267220469835228,-0.6781944186692144
-4.6321666155781,-2.3105442051252445,-0.9147220494094692,-0.3394901125089611,-0.04647424470132506,-0.6626451198265838
-4.549124055515545,-2.4521012002998352,-0.9225356866423742,-0.32556127839633875,-0.0777556401648212,-0.6215555580056039
-4.478371517509444,-2.2390043456741986,-0.92964895299316,-0.05478687869087504,0.3478843414573723,0.6277125847012035
-4.590347861591767,-2.5375006388528583,-0.815513969484059,0.1626492166408011,0.5643476625700736,0.4946847529902158
-4.514668750823297,-2.47261882984531,-0.7940056304189973,0.07862123317348337,0.30675514608696636,0.6865147179889779
-4.656431000583947,-2.910000224031049,-0.715936797260086,-0.29791556764175003,0.3169121182274517,-0.4143413937302097
-4.591037887703916,-2.9944614288752818,-0.6643882159459874,-0.1009467764340286,-0.11657240818748985,-0.49917767233398436
-4.654710776277571,-2.9233229940406034,-0.7796175469544466,0.5351630346791724,0.4613360866033529,0.5103868143297311
-4.641026734101652,-3.1721433960197487,-0.7123322699301785,0.23612166444204372,0.1478524262196487,0.08588292397900288
-4.531653191985473,-3.0826548971692307,-0.7499398435209637,0.5324518686395568,0.48750597241126303,0.5358871396246624
-4.607557699533329,-2.9671537652219286,-0.7051117954865641,0.6022042610577534,0.8012081045652776,1.1464436155055933
-4.760062912286752,-2.7730124514538663,-0.79505827782443,-0.2890153618339569,-0.03403291664511538,-0.5068188137883505
-4.681773747638046,-2.313658294274694,-0.8417345647341417,0.3008176691871838,0.6978115208501945,1.1625211110163487
-4.718436204696421,-2.987696661572206,-0.8184120951012743,-0.24508032863972593,-0.018784520790240344,-0.482119384822717
-4.717100819155096,-2.985688037240983,-0.8445633170135491,-0.2745772015562239,0.0031224163980925744,-0.4893560455070962
-4.7328237993776305,-2.874381777428589,-0.9216739192642165,-0.3225598436596562,0.003962964182927796,-0.5110831153124966
-4.6389499866464945,-2.3741829939335086,-0.92299844403073,0.2936424455711423,1.3100315333632275,1.035648814907332
-4.678047604134459,-2.388162586922818,-0.705154175925537,0.48135692217314086,1.5341301830598588,1.7082713762924937
-4.692196882252362,-2.9761489616478927,-0.5361968593175177,-0.39861293373274503,0.7681743430664649,-0.32725933297952503
-4.647614774232915,-2.8315758370606714,-0.6179438624653556,0.08397165574195434,0.5889788834321941,0.0790053283639523
-4.5994122335857766,-2.754603079756978,-0.538400892697845,0.8156171088834616,0.8982303103283139,1.8114822538814654
-4.612393380671217,-2.6021528868602846,-0.5396945609767858,0.6861404338826814,1.3206345238064348,1.8260565299425184
-4.648257789020381,-3.18235600412984,-0.5551730675055317,0.5882333691901894,0.4607968066931694,0.5998412718682374
-4.632350678561285,-3.1822258431224077,-0.5689095281519614,0.2351650674189569,0.21804591278105195,0.942583240136964
-4.81641291130309,-2.8557088497901595,-0.6605910664858399,0.3741920197102218,0.842383836323758,1.5375006444666786
-4.8353136811788,-3.2611203349587683,-0.6309890350684206,0.6062442324785434,0.2864356902797183,0.7624665597047525
-4.779833660696157,-2.933957596504611,-0.6098537447178733,0.8854793278563824,0.6712187982364144,2.007218717040542
-4.778870020273962,-3.079746350840111,-0.6041853586722128,0.34011248684461765,1.1708074843270144,0.8169253826003379
-4.74984671924042,-3.5473807780653734,-0.5029059454781601,0.6827326950543594,0.2681765226319338,0.8352396211883284
-4.8290531387389874,-3.7953388837367186,-0.39967375182239145,-0.07740033402631682,0.09549066294230282,-0.02421170607647687
-4.780152078066374,-4.238895827239826,-0.39056416943726285,0.11876178918401645,-0.28753707891592717,-0.0023273798666508965
-4.641056776748315,-4.307469923739288,-0.3630629477942035,0.4328791327919427,0.2408802376294764,0.3373610301274218
-4.650482075152691,-3.2674912328840966,-0.5945506252307506,0.07813566788295724,0.7741804723338158,0.9747483455821039
-4.7123031431035,-2.6034053375330073,-0.9202898046388193,-0.14542482266597756,0.12147761316818094,0.13644540783320835
-4.713893902617497,-2.5720253667862756,-0.7394285314000216,0.07927241678254132,0.17323763371953152,-0.01749170258686967
-4.724014334198637,-2.4129117131858178,-0.753340024588713,0.33115046452053964,0.6565079238230993,1.233600017474155
-4.769864284412784,-2.6591336329747364,-0.6673927696593668,-0.10167007947021803,0.12892962116846998,0.1572162780354787
-4.802381639761992,-2.730633451795442,-0.570585387877512,0.06467989732731366,0.3321982407244123,0.8381025399205482
-4.798654350489823,-2.751464383626852,-0.678811448144851,-0.06097813897761659,0.0783748305089194,0.1919172781642164
-4.805668170959274,-2.9793228324769085,-0.5490451611825078,-0.3255097599236673,0.3893363023661236,-0.37782838422620596
-4.744468273052261,-3.2294935988049245,-0.4624467922989704,-0.12830327309233633,-0.1090766182116703,-0.3495636755308021
-4.7584215032299575,-2.6561380377688177,-0.6463198628438815,0.45541059034927234,1.2012240160302996,1.1664721886642673
-4.781529598677518,-3.403102784200613,-0.4710426278694129,-0.0902598755348072,-0.11026666470594154,-0.3149451586404457
-4.7518950409361445,-3.292007551686154,-0.4904128103607615,0.06038499986709617,0.07229789157886155,0.31581342864575546
-4.812741056161361,-3.6619564019772954,-0.29158928456197414,-0.030100230343260117,-0.11664092597004733,-0.24556110886795277
-4.7411157820990635,-3.464239976311902,-0.4013763985099699,0.606022248949941,0.5320213244998365,0.6569611025552252
-4.736912987387225,-3.475761517780913,-0.36960514203518696,0.6314425175615994,0.5065825761953413,0.6675102921216302
-4.737736577053895,-3.417799727661179,-0.28323656238450307,0.29528173060174834,0.2324059908498989,1.0215306850171035
-4.764416328477133,-3.7982522374360217,-0.28618543358523724,0.06430111539934448,-0.18955492500273247,-0.20288782067690167
-4.658084450279053,-3.6147086515810054,-0.43102045087306357,0.6770604485503189,0.48914422250042416,0.6918752271038984
-4.756836947730773,-3.145395149130985,-0.47283304921300845,0.40418286510370743,0.36447879723193854,0.7763458734257533
-4.774567437956888,-3.4491562935929547,-0.44733637593845704,0.6131248925990651,0.5492568430132184,0.6461651047648165
-4.730623882880008,-2.986401958582526,-0.41599043801228724,0.5773051358189759,0.5235231942440783,1.4103698227248127
-4.824909896033253,-3.711831423333763,-0.26403093976415787,0.0427841924321405,-0.1767436429244687,-0.21627049910431181
-4.796746323063169,-3.7500063890893456,-0.27391851800689865,0.06269003263996588,-0.18407814479002466,-0.2135227808009109
-4.493834525473471,-2.226066276633009,-0.7187639942110516,1.0432440548061346,0.45858666291343547,1.7812071965061904
-4.581604754623331,-2.862553072453801,-0.43534390380915866,0.2796812939047314,-0.7383196079930787,-0.2920007771173309
-4.620518401780642,-2.581167402703361,-0.43977182321603814,0.3736465400453379,-0.49582757131419625,0.2930582779621359
-4.727674021564524,-2.611417531006465,-0.4438547196898981,0.18370505995470532,-0.6512628379362648,-0.3559581827165082
-4.6979396766189385,-2.6673943545641814,-0.3706848854736875,0.7114836961806047,0.5269122833538579,0.6326828899224235
-4.734683736393443,-2.966493324247866,-0.19028894529823337,0.8613847531958415,0.18928733339987602,1.4922547265990382
-4.805239312453332,-3.3959355932436335,-0.2298945563327417,0.9602284106345631,-0.04353241868400821,0.8884646314884194
-4.8660715346823755,-3.6346696797750053,-0.08113818548978709,0.5008050765839431,-0.46977812840913447,0.6404489100840035
-4.8276464767923635,-3.8385257081612547,-0.1244376753557311,0.6767975072594525,-0.3093620645852523,0.49067483785823135
-4.804835268516121,-4.11331005092151,-0.03755316603246868,0.41242909450446796,-0.6521475470031481,0.07839167080070668
-4.753033351646961,-4.190486407498245,-0.0326481482670576,0.43117219689186176,-0.6715025285849767,0.09981878605469441
-4.84886533380838,-2.875261861568906,-0.3469913780149137,1.0884013760124953,0.5039493985868707,2.0407729531018606
-4.724268177884218,-3.2385882028453685,-0.2158435531755849,0.6906458849006777,0.0537346278697541,0.87892552967615
-4.781368039775424,-3.535981808781598,-0.09425492449833224,0.596747823051204,-0.13545953274502948,0.29213847721237524
-4.85324617861019,-3.359589022887089,-0.16301810493401336,0.8567361993781853,0.16858106729289282,1.680091977339908
-4.847687362067407,-3.6985274098065313,-0.09222884365440039,0.9586363682575746,0.053730111577617555,0.9413751208210803
-4.834551740915476,-3.7112763542068214,-0.09633604273107206,0.9719980021407401,0.05266704855205253,0.9378978076168641
-4.847386463325414,-3.3881004058860835,-0.16236863172394655,1.0505165692028533,0.2836079578618899,1.510459865966937
-4.740958451253412,-3.8424897586404194,0.0825042906184154,0.3585057727322115,-0.5201496936068464,-0.0931246833517407
-4.896338924566305,-3.837901035014979,-0.09205404212583097,0.33145041392917485,-0.593289987274096,0.008007090799629175
-4.896622976207269,-3.80660243543089,-0.01671581830008025,0.32621981693443625,-0.6057460779466952,0.010042687321022798
-4.815768825158811,-3.3487787486483165,-0.18668789480397874,1.1742598267742248,0.5136331144951646,2.141535457217125
-4.847998973947353,-3.526438364330054,-0.12299935313118045,0.8426751047609883,0.4898090263729741,0.9367780099720149
-4.933153494983216,-4.092044281200977,0.10129308682330085,0.38635866642633504,-0.572987552946094,0.07005549063000456
-4.832153289870927,-3.852383344290066,0.0374998332920904,0.7822562662053213,-0.02024541684651702,1.1365127818232117
-4.940530014367347,-4.292260031979848,0.13737529258009495,0.3559846305492155,-0.4881775731345511,0.08929233365802305
-4.841180706228098,-4.0864502625941,0.006577248190522414,0.67506579892195,-0.23164232758187067,0.5310054045382078
-4.865771261013491,-3.8773490413101115,0.06086634493972921,0.40136282553365443,0.7070948050346761,0.5559734276167102
-4.928066117322125,-4.351216010348859,0.14583699370832204,0.3946846006738224,-0.5266672446050878,0.11127062258245948
-4.948890302639195,-3.1057485129134905,-0.23630747376882844,0.9537325027570759,0.3438677157142582,1.4313766018093566
-4.677688019291397,-3.6370034317912685,-0.09816689095477689,0.8358492960531833,0.2898332936195394,0.7644878942433266
-4.853728812347421,-3.6195586447513515,-0.13156297383081433,0.912704547883079,0.45321364713260137,1.530857174246621
-4.622018234154424,-3.272195613391226,-0.15337669192093123,1.0303557631038862,0.7513327526789096,1.9775955882194074
-4.768118175180625,-3.5785894357108003,-0.04456395296859646,0.263279543499575,-0.09396307722808234,0.4476815790172291
-4.766384853104201,-3.393225346951687,-0.2023577976819606,0.7514280824592563,0.35513968105755345,0.697503071777345
-4.667282081406314,-3.7323988023049366,-0.06369525068134425,0.48890436112179403,-0.0016734643954504397,0.29678872864360506
-4.890796574014287,-3.5382189323608118,-0.23146305841557635,0.7879209999792723,0.21583328407283678,0.8575376407053574
-4.890887647587069,-3.429953257164439,-0.22452387657161776,0.7616967369983073,0.2063726246973028,0.8355006010782142
-4.802674446055865,-3.6033928083904634,-0.1611019060865167,0.7975369146083672,0.19080250931313328,0.8778309397994408
-4.799597081980848,-3.6509067657698,-0.22903875961300835,0.6350727793673816,0.07090515007329803,1.0536793760977696
-4.662989399485935,-3.9529024594361437,-0.051798796067553735,0.22875495666162896,-0.3588972785681349,-0.12812885360713208
-4.829171078933029,-3.7941856511506984,-0.18628594403098253,0.48269537415020514,-0.13077608731082208,0.43728255915248193
-4.630370797496433,-3.839199954014789,-0.04931990835386853,0.524221561428138,-0.05038194409244474,0.33757251257688065
-4.878951623185334,-3.520998356800255,-0.21974757848352477,0.07891257930079099,-0.4562584673998046,-0.09595854838076587
-4.715350758754157,-2.836790919294439,-0.28021752414414364,0.7605492662502833,0.5717642873900822,1.22431667518716
-4.719493775158792,-3.119177663422469,-0.3178820083443166,0.07076944589338091,-0.005900243219900823,0.29802420259475043
-4.826183005888445,-2.4930753288314773,-0.5240854522242908,0.6327039986990174,1.2011697090335565,1.9260310146419366
-4.6841287965969,-2.4810284383603793,-0.44873158096605464,0.17747099878459188,1.438569690770645,1.36874164735469
-4.741453661579025,-2.9775516592570934,-0.3322389291543238,0.21725418920329212,0.17066851477786144,0.9308657788209688
-4.741016943063863,-3.092211046957518,-0.38649915453788114,0.5976261992359609,0.39203045948560805,0.607820772007997
-4.729424992306654,-2.9111689232516564,-0.3624452425478362,0.7465642530713376,0.5815347202196063,1.227180781328904
-4.8858405101862665,-2.9415888614248185,-0.35159255975775167,-0.17194200899564524,0.7194869766035346,0.4877467117088228
-4.897407862624533,-3.3631264334418,-0.3354007305896805,0.6403823947700256,0.31782958136118117,0.7800134068986776
-4.795647856554677,-2.799163958090209,-0.4684579916504535,0.7469215583874617,1.1094957554488214,2.020181683149041
-4.701020550085688,-3.3151329551398203,-0.29844986361337394,0.6944650244712599,0.32829156889207844,0.6766632326784353
-4.822986761257537,-3.4418652674658405,-0.30936837337744577,0.8678370752292089,0.4478279462348683,1.4743474229393618
-4.706021871013936,-3.436307992136652,-0.21485978288661856,0.9203924845251091,0.539346426959558,1.3582907537787328
-4.6387561171081355,-3.664402041676027,-0.19710594473218013,0.7833299529427321,0.3501119895356969,0.7398883913733838
-4.8010613495613175,-3.789660163666806,-0.24568036145399774,0.43886976922714677,-0.08149676070240724,0.41354400484859
-4.771930047756164,-3.6754535274016606,-0.3234561416124578,0.71944353483432,0.2681847835835734,0.8537908578266392
-4.801760897043627,-3.476168778236613,-0.3250812588477852,0.8258163165714675,0.4654277760619686,1.4775712804937995
-4.824477805831311,-3.3754351067589767,-0.39336953176219663,0.6980504097513699,0.19832654334954863,0.8167823290110562
-4.789725161383451,-3.7112540217712855,-0.3199387929720002,0.7371819710683938,0.23816207495205002,0.8786617519424827
-4.761016588615071,-3.769847246385726,-0.2592067136160124,0.789407652443651,0.1753851952712502,0.9087717021981334
-4.8351059511436265,-4.257422468302567,-0.07167007051131269,0.14940433721116161,-0.36995245834358714,0.04505551968800962
-4.860839168146896,-4.1696815905618685,-0.15229553224987397,0.1582132021421588,-0.3965658847949173,0.027482558881499017
-4.875863930006121,-3.808160980877425,-0.2198326901012197,0.7502495073661511,0.28629802850345465,0.8972566335722859
-4.8924098477548785,-3.713016111932814,-0.15252139380975777,0.3601306471188584,0.04107155497701267,1.2363559387775247
-4.869642424093783,-3.799789676290804,-0.16126166941764758,0.7687256198030478,0.2583076675023934,0.903234686083936
-4.880798162072217,-4.141555933009119,-0.07222944792611918,0.18960713940348575,-0.4406902339292783,0.038565044692840444
-4.9295022170487615,-4.275242368207751,-0.006009643395461614,0.19256063942399707,-0.37295057091658146,0.05222012523815748
-4.890942021519509,-4.321812218639417,-0.01617471906446466,0.1981197806458808,-0.3712836391833445,0.05591774394241426
-4.886673325718906,-4.274828275257202,-0.05751111314480572,0.6066601466019835,0.25241564809445916,1.1526944938059431
-4.803501739112287,-4.094843395221914,-0.17599298629681942,0.4796148554783956,-0.09339828148978767,0.4927465000862564
-4.825774082086801,-3.8875398095963587,-0.15708861404779378,-0.12136718265722414,0.44283029350060654,0.07291127439470016
-4.878911425015766,-4.020912158685855,-0.16890110547153764,0.9014003310032493,0.12228825042230494,0.9863904807362253
-4.891770721684756,-4.245464857863271,-0.04595513873626022,0.2882316847824935,-0.5341003765662912,0.08964158843898754
-4.956509594164982,-4.266964334119939,-0.09451539382436985,0.34418721209975656,-0.550871813102206,0.09249250428955672
-4.8562337812211,-3.952679595766821,-0.2007430704649042,0.39330003515518686,0.29014002550220064,0.5215656133685083
-4.8071130830420845,-4.164125149377669,-0.21862026615579655,0.26916361298159464,-0.5617920976207003,0.05953101100142134
-4.989591616081815,-4.250030001711586,-0.09798317736521717,0.5804817842203879,-0.11903461244295509,0.5377161828743559
-4.972502299536573,-4.518217376478466,0.0800724391676223,0.33191858103320193,-0.48013533086467974,0.14291939273091256
-4.926991087922921,-4.264716005296088,-0.06775731263351421,0.3181289888759929,-0.5469084076211341,0.087911695412077
-4.951338813021305,-4.189771304998624,-0.01873940354355008,0.9301511116615049,0.19109467720872386,1.0122163289230202
-4.885956519388556,-4.323488541019859,-0.04941375680617254,0.2742857448533311,-0.4911725461492903,0.09289455889080192
-4.81696469139401,-4.513570701544881,-0.11311232705150527,0.361828949391019,-0.46644881256341053,0.1094440884186626
-4.744255099006182,-4.59704041103874,-0.15979630204976208,0.33096835099371885,-0.4434059056563078,0.11709466967897583
-4.655530927602311,-4.517798043365081,-0.3398751824039546,0.28415940975314025,-0.4514956334855573,0.08470507672559621
-4.787712065846411,-4.76736899372182,-0.018606463486965485,0.3892871366872128,-0.44232140510824414,0.1641104121891613
-4.878678109679159,-3.9228528060234615,-0.35696145338879465,0.17192420730710736,-0.3981066598293447,-0.038783893915466314
-4.815433037346476,-3.947359962170062,-0.39154025654655517,0.15329856700455738,-0.37523519638041203,-0.03924173114563166
-4.819707307803984,-3.9719262617293403,-0.42891216009008654,0.09773497734298556,-0.34679570184283015,-0.04802570775147551
-4.809315075309854,-3.8544271271908146,-0.42380608877082443,0.4657179226724433,-0.0648933159315091,0.4186096110374936
-4.801764645689275,-3.366950618613032,-0.5161788518260026,0.451710483787886,1.1611241379375916,0.8773218376664481
-4.793523193527697,-3.792781626554746,-0.5389018745641068,0.7866583381096549,0.2551856025014618,0.879455656062922
-4.834685926527668,-4.033189556753289,-0.4421217453589273,0.1501368420356555,-0.3905671169144219,-0.022151426223805826
-4.812710945469918,-3.8420614079540973,-0.43332739503320933,0.41866653433591966,-0.04592389765193767,0.4088435943564671
-4.824004651474261,-3.8740718126301448,-0.4190388763514919,0.5117376090591426,-0.09486709833875834,0.4274281612593196
-4.769015506115957,-3.8293325628615316,-0.41877083406698296,0.3055321843623285,0.38979013794999506,0.4528816866357743
-4.802522722310978,-4.295884608174693,-0.3176704273484698,0.48312932355691357,0.02646322708438755,0.4934399865040443
-4.860991620740235,-4.555293611510411,-0.15960246063515732,0.4908266746703756,0.13144008730486198,0.5283238090141855
-4.884248542016599,-4.8022474640497075,-0.26469561880909637,0.22398115976498625,-0.1978373319638437,0.09788317546854501
-4.7919607003460465,-4.7156394682351825,-0.4281289979408191,0.19644506163870407,-0.2145058581522299,0.06332448953727454
-4.857437601201347,-4.86224116121839,-0.21180992995917675,0.2937103324740012,-0.25688631144437724,0.12643577057374059
-4.840923452933113,-4.817301745993881,-0.2630754763389039,0.18720800954012728,-0.17922345813635268,0.09408304528445825
-4.887016216571562,-4.659759963150794,-0.16730608842020372,0.5868282312814915,0.05201735160066009,0.5684166770228505
-4.865583083084186,-4.865592599910164,-0.05554542512745508,0.3792202897684999,-0.3528995018876153,0.16107741267615414
-4.8547349683582635,-4.859097949649967,-0.24300072149242397,0.2509527839610103,-0.22518684921182067,0.10120724881813452
-4.854086635214702,-4.851525406822476,-0.24567700907436368,0.24092471246043082,-0.22026828326859396,0.09977750354753105
-4.823085290535778,-4.910308718096969,-0.11790929459346405,0.3342593549666501,-0.3217259665720149,0.15311818558321302
-4.833423121647139,-4.944883971045097,-0.2508595987894598,0.27648698408549954,-0.2595478077118689,0.13815056511514115
-4.80457468604332,-4.9670634419625905,-0.3250493903581098,0.3670828822319269,-0.2810891418649507,0.13668041889923072
-3.0769757215399847,-4.730430875407453,0.20119493129212532,0.7153883163509155,-0.19645867099637754,-0.2881416133088968
-2.835584454728122,-4.6230925944917285,0.14747851447732432,0.6776402126941806,-0.17425566947917898,-0.4204615612854846
-2.7743959636994484,-4.614022659801676,0.20588073918117913,0.6641934694779199,-0.13093771413102245,-0.46631121523860464
-2.8231099954625156,-4.335243601846347,0.3847095523131182,0.6270849934024263,-0.15937064704735332,-0.5075041172441932
-2.818162893745427,-3.8580113678047825,0.2093169353137299,0.5427469066502919,-0.19339500376109267,-0.609162194795242
-2.7978920369196696,-3.7446699196275275,0.16042165620209864,0.4310113436124241,0.23276993325100617,-0.5882213434443594
-3.1285467595379255,-4.0177773048759216,0.16589014378682027,0.5395206411835707,-0.11609290944719067,-0.5020115385516741
-3.0893850258946505,-4.055684679482775,0.166840539069037,0.5235087952718707,-0.11460084681500807,-0.49770058592134303
-2.8571125904966,-4.272143919096097,0.38062822813007724,0.6037958726271018,-0.13610415075690413,-0.524591229596583
-2.9343555085974633,-4.278305562613977,0.39048478448182344,0.6524920853255486,-0.19688101865586488,-0.4869714970388689
-2.5366314211213146,-3.7849843797315375,0.491563754519092,0.6814775872110941,-0.20886363653586817,-0.478362983546774
-3.1728196159641446,-3.9860715252871715,0.905605817627813,0.5809580251210685,-0.1934290259147306,-0.47780875636424314
-3.116352606020668,-3.6413911891723196,0.8798822916814225,0.7955677192097091,0.24152457655152182,0.7421953415361718
-3.1638843042861677,-4.002528488223155,0.8907012889259492,0.5562155921004742,-0.18357346944633773,-0.4792169909353957
-3.1738825996275306,-3.6739645142441195,0.8192831433185713,0.2436933823710349,0.6989146282337099,-0.4513631359272504
-3.0656343822814494,-3.7966077711918684,0.7966488520334924,1.1631923342420152,0.4865109660390128,0.4144447767787562
-2.705276331995965,-4.387243090455153,1.0396572100388195,0.6065015213315781,-0.17198583405591633,-0.5112414414773045
-2.988348962071426,-4.07064344791565,0.9065964423668434,0.33678193801894557,0.7055799697840587,-0.38897384961507214
-3.0256850941343574,-3.983293977960417,0.8170774403839546,0.3916915175656575,0.27998580638008314,-0.4628954917826641
-3.175098034369627,-3.985392438570019,0.7882471633711451,0.46902359278843386,-0.11368340567854401,-0.494736502879746
-3.19148014816666,-3.9757991328388416,0.7939287149531252,0.46417944550466994,-0.11967844769259733,-0.49060208569718133
-3.1905024916845837,-4.0186845440517045,0.7718035925848363,0.5180892245987777,-0.1413345525984338,-0.4783545278479704
-3.123776539127829,-3.7172360424462645,0.7163546875324803,0.9099312879623598,0.4098447071304333,0.5780765243198052
-2.882419728229278,-4.0091008531794285,0.9144946351985858,0.5168491073464624,-0.16792699250678605,-0.5743109515014129
-3.1769239601948787,-3.8604825744206273,0.7792273179445136,0.802235907262808,0.1833669103230628,-0.0370035022833856
-3.193947836958189,-4.007865333789604,0.8313059841414078,0.5072684077303554,-0.16657402491167034,-0.46887186833992034
-2.8949551072378785,-4.040464005145692,0.9060050974699938,0.5548010659141006,-0.18506022346197132,-0.5659813578240424
-3.1829814644474217,-4.020681180750707,0.7931174238838309,0.517044654248945,-0.15465074539374962,-0.4736788058200546
-3.1426158545765555,-3.8842488895285445,0.7252689174930906,0.8095950133034422,0.20837431947508483,-0.04420477122427301
-3.130473595793292,-3.4996334058661125,0.699098660504694,0.29396252392569816,0.985922806828605,0.13511419868690241
-2.8871717513869384,-4.0440233803046555,0.8875349721203847,0.5166814255206126,-0.17120166131201814,-0.561698765114952
-2.865048217803641,-3.606785256376252,0.8037204968366286,0.9965986575766884,0.9200489977176161,0.33457457242785305
-3.1604010539616914,-4.021540030361479,0.8233784830675859,0.5042504597183769,-0.15251770902970213,-0.47657938279294076
-2.801536875329706,-4.131160362295007,0.9343285888531974,0.5744151207767065,-0.2119690822281866,-0.5425641723918463
-3.0800959557469043,-4.278111126606633,0.8740298942593905,0.5633963180563029,-0.18356710425444606,-0.4114550413947741
-3.0766170962468258,-4.29190551103714,0.8520263454871988,0.5778244795238778,-0.1846370928542444,-0.4077644457624214
-2.7918591387208456,-3.975467138866303,0.9278445459831475,0.9052078042520019,0.16822430398747662,0.7467229645511829
-3.045699650703385,-4.328317776087061,0.8720125834417056,0.5955140212075329,-0.18878065023906493,-0.4173550833399429
-3.047604897883604,-4.3853910058630445,0.9209298870823767,0.6003208000036537,-0.15019080844078153,-0.42533035197167257
-3.0507809627258475,-3.830024815437676,0.71377943052329,1.2784646245313824,0.7309078879773527,1.0595375135639804
-3.0847145129845757,-4.268747042276292,0.774638599064402,0.5038219786965057,-0.10728911780608247,-0.4537768356121632
-3.0793115935381596,-4.413651682453593,0.7438884127583345,0.5243818329380114,-0.10831391246118,-0.4133557410838787
-3.046553027858294,-3.67865714868586,0.5632167278112591,1.0778281727468448,1.2155875243084893,1.0691715416404335
-2.8417155307892195,-4.201956740527845,0.7858831506152245,0.5909226359212347,-0.1848611321380303,-0.5459810674099895
-3.084747208942869,-4.157927029272995,0.7081940759673625,0.5017016833825465,-0.1199764480244308,-0.4804555701783616
-2.781631196366881,-4.31655382761958,0.8546704757154849,0.5612977723914281,-0.14439124983943613,-0.537101968978464
-3.109624148209288,-4.325381198456477,0.6737086192617793,0.503146336586584,-0.11397160427528613,-0.4294941242801883
-3.074342178829121,-4.3553867831665505,0.6922904709764057,0.5201674681368917,-0.13014592916945872,-0.41594960624941485
-3.031037390910424,-4.442375024750938,0.7553214589740717,0.5376744246833405,-0.09995599144552553,-0.41970078799711075
-3.1724752793956323,-4.357162598875039,0.6690096072846132,0.6144170220162957,-0.2021632825747664,-0.3774263193808736
-3.0971391841338805,-4.483687365870921,0.6796708886385333,0.5817937822458177,-0.13664317998385894,-0.38906130146852197
-2.8004046168150185,-4.495775296795268,0.8481793619835687,0.6358162876533751,-0.2032591897398192,-0.4637209092570196
-2.7316974241063834,-3.872023004270628,0.7308674475652693,0.903165377734224,1.3771256715336793,0.428546436904189
-3.124730045072114,-4.493522128146199,0.7225822365845177,0.6288000678360959,-0.1998690863534876,-0.34570623660059396
-3.1120652110721894,-4.355663258566465,0.6981903244751714,0.5415380504021163,-0.15403678543727412,-0.4014909787357693
-3.0453468052550816,-4.490833511763257,0.7432948607912727,0.5628390940804915,-0.14448181919908681,-0.381254465657686
-2.994473498081284,-4.5590496497485,0.7313914418362792,0.6060316378898147,-0.1575024319272728,-0.3750334876352604
-2.750440619757796,-4.5271397618174545,0.8332078282146413,0.6548747318780674,-0.17853503746931426,-0.47871907389924073
-2.7256590083678773,-3.8365438363367472,0.7776926502063257,0.5846157334962128,1.107995992523509,0.7808296434422405
-3.089232794962341,-4.120947730611324,0.6387708488355347,1.1250867049389417,0.5572521441264483,0.4863189114921215
-3.230041552147561,-3.90706749489033,0.6544074943729438,0.3770700223618831,-0.023710925603600167,-0.5343188050376146
-3.2632994725142805,-3.7402140144677554,0.6514748874936662,0.2652996415967186,0.38620369170653923,-0.5093764145039164
-3.225085140096937,-3.671179700734868,0.5750281938326266,1.0470652305136399,0.595973983137652,0.379914133385603
-3.2467233633649046,-3.941398008658344,0.6195650380922186,0.3739776863296485,-0.02696522131575702,-0.5182492954989542
-3.212495645823749,-3.9827041901142186,0.6174153041404776,0.3860388689558533,-0.03526491182229458,-0.5149802168591853
-3.229200575754068,-3.9904937196285335,0.6327291659375784,0.4035748511588027,-0.05445428530655389,-0.5062220525598932
-3.227581767307343,-3.9451347071567873,0.7032858611316327,0.438022346831023,-0.07902533192091826,-0.4995471982795896
-3.255293515833576,-3.9892133405793824,0.7195474163746262,0.4733913737508634,-0.14358419023132757,-0.4479308423202971
-3.227245782432124,-4.0733286568430085,0.6766471605317548,0.493569479433867,-0.1499601881960509,-0.437431008849128
-3.20258800783133,-4.220052340453547,0.7771123133334049,0.5464508941027613,-0.17636609086577187,-0.38965293401581075
-3.2125298600447443,-3.919318401411319,0.6817001350164609,0.8057666133725037,0.16266749849182077,0.0073141113289263955
-3.121251755721907,-4.366923030442377,0.8522726967613137,0.5490952851398758,-0.17966450876785506,-0.3598742383852087
-3.2373930577455083,-3.9499232737487957,0.8026594813316038,0.47173541450467293,-0.1595690998216241,-0.45465249000927044
-2.9580458214110044,-3.996869425738888,0.8630617130578799,0.5172038160078931,-0.1907922885072328,-0.5413908600397134
-3.2282133652512672,-3.982618192656983,0.7574622042011442,0.48407491787747536,-0.15055106734485763,-0.4572641547088421
-3.206202315307645,-4.005400101798871,0.7654908061405232,0.47986405072997196,-0.15769062577732634,-0.44854876677537336
-3.2050321317639896,-3.8134956788198733,0.756622998077894,0.3300493499623703,0.2898437637402547,-0.4453028368802372
-3.0175643908296608,-3.9109598104360366,0.803788367988203,0.5957829663671397,-0.11643665064885172,-0.48091581321948496
-2.985926602018344,-3.9163587103165054,0.7483954661360293,0.5675047552443341,-0.07566412640550652,-0.5015184484991602
-2.9823618395211153,-3.92818594855393,0.749261004015777,0.5787066041227389,-0.08071524976039884,-0.49836020614784504
-3.1881523862634635,-4.0318696004186085,0.724384565474823,0.47117443442134377,-0.11797849141709632,-0.47672095362512223
-3.1533002080393144,-4.049036362865259,0.7446646298224477,0.4828698608997707,-0.12658108918232863,-0.46970356390072976
-3.118712294030265,-4.219243960211841,0.7724162428491406,0.5221888837954586,-0.13294256975604618,-0.42266472022056356
-2.9102535459066075,-4.422130205116496,0.9273454676345562,0.665443683190531,-0.08801783803933189,-0.367362123771332
-3.1314188774575205,-4.411871092038475,0.9740808616280098,0.567837168713849,-0.0886935659391081,-0.39899057068169325
-2.8068035589455222,-4.3342551437252155,0.8764976100778241,0.7133491097404207,-0.12534026462058673,-0.4087701802695058
-2.8991259991760256,-4.153902144625272,0.8364672048001929,0.6813944405800922,-0.1188315111299541,-0.44828019339134295
-2.983986565286275,-4.271131114138446,0.8606704137291029,0.6760629073518726,-0.0718104805877216,-0.4269360370230397
-3.049585565970101,-4.269229953279656,0.7965498947087342,0.5409979618232411,-0.12432502880597324,-0.44119669744607515
-2.9962646530695536,-4.589809145560267,0.9385139859841726,0.6115321300999464,-0.11806421631724945,-0.36703030690060306
-3.003037125778769,-4.501774226672228,0.903048678080441,0.9751329133463339,0.1632175323591967,0.10645896534207624
-3.0089932481333657,-4.4727803545056215,0.9218061494739928,0.4849584085073527,0.2972264629600979,-0.34693562655188304
-2.933723242380091,-3.799548928350228,0.7384048923804235,0.9985553325506501,1.686179016466705,1.1257833808013034
-3.0765273031510363,-3.0805874384900656,0.6066393008141743,1.04777131391762,1.847253999918706,1.6440470370868123
-3.131823241440624,-3.7307235288836194,0.7248462877804764,1.084294964544831,0.5377569765180735,0.4092089374309538
-3.1848579538466124,-3.4629991100341444,0.6583258494940786,0.5513007791223176,0.7385066024228409,0.7700087785294163
-2.887568114081806,-3.694592288531883,0.7842254497408171,1.0914651448258834,0.5238769775143145,0.31136301399465044
-3.120061380499293,-2.9792520300900134,0.6044862896379339,0.9796092714043888,1.8824893341533673,1.63035424781854
-3.182560279341099,-3.834424059058037,0.7876994402402855,0.4493196874508294,-0.11189882932327327,-0.5247682262805844
-3.238998438953867,-3.2262148072761705,0.5066588632240863,0.9782592846421941,0.4801804112361992,0.3410515099651906
-3.2243942675089126,-3.6085309404866077,0.6346207041167312,0.3726349740129113,-0.1412916677686648,-0.5411560076358121
-3.0744225762103503,-3.2711897500670832,0.6334840616389442,1.114829885506301,0.5600487078573434,0.3401135775898979
-3.1735138281922146,-3.710499682499666,0.6959205400586003,0.4277430447556456,-0.21300169107565586,-0.4974344231538135
-3.1156015297814794,-3.2689546658927515,0.4508400376802238,0.36291473938486185,-0.26604972638138236,-0.611913661529553
-3.0865713601270413,-2.8346629705520927,0.26678244485187796,1.0647977815107952,0.6434565719544811,0.8784261559380422
-2.8799822601263387,-2.872597294952676,0.2894477541086734,1.0309172885563183,0.49819309220936625,0.2228486740222613
-3.08979835126371,-2.6844087886377683,0.3705207718451543,1.0409420631338169,0.6646600966864727,0.8466592876394824
-3.155176014017819,-2.5386719157713658,0.3582355426907837,0.7588524597017693,0.8604474875494931,0.237617482023429
-3.16350600888758,-2.718994030591813,0.3445558871926044,0.9001153063514122,0.4300475091546023,0.22621624511662022
-3.1520603336183934,-2.4933712426186503,0.358313240059988,0.7222288693380351,0.8959682235570666,0.2143384563405841
-3.1924645894359114,-2.3568297231626962,0.38144109996153086,0.7693715052759381,0.5935612285714815,0.9472057944017976
-3.276573348241781,-2.586394651885827,0.39628405540077083,0.46280560994857295,0.2155937855043193,-0.29875409906241573
-3.201854803399812,-1.9571717717934296,0.23798183371468096,0.9559255014701658,1.0211367695055635,1.2990710841938728
-3.253354405270426,-2.009984381105798,0.23072197923980498,0.6555015259917477,0.6664075785377657,0.8382354637829831
-3.271497312539937,-2.645568518451377,0.3041191146348278,0.13922403095702754,-0.07976929335432112,-0.8084621731498688
-2.9680077094687856,-2.456556522482931,0.29662307609487626,0.8904868448489127,0.6143739178062299,0.10462616894310511
-3.160088615983005,-2.356864914431473,0.2825052546037025,0.8923177194354095,0.7946432119108812,0.7370454432664482
-3.1792667550471174,-2.3166219504074745,0.318671891987929,0.8923388377482879,0.7875724245551956,0.7357584882217101
-3.2481108295106242,-2.7679075177000403,0.4726247745536798,0.20438053014715432,-0.13518928429905755,-0.7479356674249116
-3.180387666170491,-2.124996114257541,0.39937883690185405,1.0538984213602691,0.9434141229736397,1.3716776159041661
-3.181030814980912,-2.102490038361241,0.36167182906325585,1.0158261228804861,0.9836604091981572,1.350839314754533
-3.186860881631481,-2.302727183465432,0.35278584971684884,0.885840831544493,0.780011729362221,0.7385553080335838
-3.262973844222254,-2.4106324960594763,0.35817897229383766,0.41228362747257874,0.2581827613206294,-0.3730832995349223
-3.1727744738864634,-1.757893072880342,0.23871739804285452,0.779430056108817,1.4898819809613857,1.2913901124363045
-3.000439464985709,-2.2738518588394747,0.40016405609683875,0.00011365937595509216,0.4489498273941317,-0.8376929603501669
-3.0111672618821954,-2.1923945020760867,0.3399009263132909,-0.01266783486440681,0.44197126051050234,-0.8570250210089826
-3.025721052722626,-2.0654792005924802,0.30913126584067363,0.3267279621218825,0.7460750204815291,-0.3994760861940121
-3.262134069235087,-2.194205623110138,0.30754007511401654,0.7398101475702722,0.5320440757938524,0.08706690504319388
-3.074272853289321,-2.2450653647879935,0.3557572284639135,0.8886064496007495,0.5441127728405244,0.10935311135098856
-3.1836121962850203,-2.0109657598319193,0.31451713276580445,1.0165265517460835,0.9755571484148209,1.328234075093071
-3.199231633260627,-2.49093133313628,0.26601363938174327,0.7422288259550268,0.6124117206341744,0.10859351964004431
-3.2019498300149536,-2.041353163047328,0.24533283097729874,0.6684749586981279,0.660864471961401,0.8449522138643021
-2.9700264497068813,-2.1978486066245444,0.3085364817569712,0.7847887969934841,0.7298873755128289,0.8789233917208724
-3.1409976794755234,-2.3458903941639666,0.2866792168605267,0.8801908719377389,0.8057185150909582,0.7335296352417069
-3.1861512101843243,-2.378378286859275,0.23435008909848476,0.8838343347146422,0.7749143110909612,0.7621567925096548
-3.2009407186429213,-2.536526631202404,0.275610539952429,0.7690143175478855,0.5648962369239846,0.14567372882755109
-3.0423898526452975,-2.446738340195284,0.3563294320119762,1.0121336694399583,0.8411068908695749,0.7787479980935349
-2.9742537590174423,-2.435840208692569,0.39655101111846947,0.9032503486675338,0.5735070190095,0.12898989712065012
-2.997972629468093,-2.743187084239851,0.4179365154179646,0.28219181559170853,-0.06768736333142633,-0.7668832854994132
-3.154331190527378,-2.5853150462458885,0.31576837070938846,0.8099694159042676,0.5490995624098093,0.1437254579389257
-3.1876001390889086,-2.571846180664367,0.3477172878130152,0.6572959583950612,0.3979327730970487,0.3278280471624847
-3.093283627872048,-2.4977076043813304,0.3684256581336087,0.8337096001368269,0.5625101692371813,0.9710443084531772
-3.0339735565649906,-3.0074928290983447,0.5492985455501985,0.36864338262456753,-0.11848344250165838,-0.6670428498759845
-3.1826206470508103,-2.858615280812492,0.4147789463836893,0.8725013171622713,0.5183005739420684,0.2378350899610111
-2.9575720443098232,-2.905642733264408,0.45052781470629205,1.0071693813932903,0.5469609417110506,0.2531163439923802
-3.01647910643298,-3.076491017910587,0.530337519600298,0.4022079047328032,-0.15006335606183402,-0.6477912999877921
-2.9107493230120043,-2.8346523478445387,0.40170586281483334,0.7212532534831251,0.140985076185221,-0.24882837707071725
-3.1080335721784462,-3.21860379107448,0.20695920066825407,0.25583062285543073,-0.12282007968530964,-0.6774350218684146
-3.1062014579285595,-3.2134965781483826,0.15593055378130655,0.2132754994425734,-0.06956608497063588,-0.706951733394886
-3.1093581826414507,-3.258568676523162,0.0586936212816517,0.2122462984102954,-0.06682948185372739,-0.6898270093410068
-3.077605012544594,-2.7626059904066427,0.07269179766792312,0.9709273674596446,0.7647767733770552,0.8252516101039113
-3.148599662687365,-3.0590523030813523,0.1843305407143616,0.847328566330425,0.6143273363523721,0.23048254231807258
-3.1710069403842898,-3.212753313894459,0.23982360049801033,0.5559938790927448,0.2635276446144844,-0.2019212901890516
-2.793242420436362,-3.0563275571852424,0.508446441161007,0.9434747121570147,0.535870561514467,0.13483037881453006
-2.8323582639470017,-3.3492652312796296,0.8393708352187678,0.3703793433054969,-0.10432799188019987,-0.7550085658503503
-2.735549827893004,-3.056410752074332,0.7331634347447442,1.1027443819691225,0.8092957527438988,0.7667164022439587
-2.6961345343765406,-2.650537349694946,0.5231414425670511,1.1779226706881485,0.992433557059235,1.3247948000158334
-3.1537337450838954,-3.0983613655191737,0.08747329210855657,0.8110767719432824,0.6398100561154619,0.23676271281973416
-3.171978863342223,-3.4002220142744335,0.5191807542164619,0.2852182849156662,-0.11088307565034633,-0.5982488012800805
-3.1777788621554994,-3.150110958307279,0.4809803492890544,0.6074209886838151,0.16293089940280367,-0.1561085343947203
-3.1995052259054666,-2.9929315019432714,0.44357389156962423,0.927186682286265,0.4882811840918122,0.2832965971220991
-3.236529421641065,-3.2436809133072635,0.5470380286526725,0.32652266049651324,-0.17997801333194258,-0.6111594867489226
-3.224712212739319,-3.125304276612899,0.47687203531133404,0.6089832021227124,0.16466178751846797,-0.16367521617340855
-3.019219401927102,-3.0305795170090253,0.5270724284673483,0.9971419280699415,0.5879432400151652,0.27923097008738307
-2.9414185552884864,-2.7806630435009985,0.3697271914347247,1.0980775050055778,0.7943104022438536,0.8508376861447867
-3.051745791416496,-3.04462296377365,0.4476797004558951,0.9774344511467291,0.6169194653581803,0.265948225435045
-2.9326391411570416,-2.5531728369500097,0.3865951492453046,1.2094086544723512,1.014678693423472,1.4532059994185085
-2.929083767008111,-2.579334336864941,0.435451242156686,1.2434901639910814,0.9553579380044167,1.4954066204820124
-3.0119148172504,-3.0239326017239128,0.5369537467904264,0.8190143010211623,0.4648731860195811,0.45462256868862894
-2.995657700225004,-2.97668031280667,0.2837313098232231,1.0984576357706097,0.8568323574708365,0.8858131737389581
-3.307461081147766,-3.4247375067946533,0.42364614482614604,0.48864920783370736,0.7900739699470467,-0.10997988507939829
-3.0588583813592995,-3.7515740444204724,0.5449511611942639,0.4731694461246643,-0.005206586181244508,-0.5425337415647545
-3.2193491022268677,-3.618818703555779,0.34424486304535895,0.9832015238170299,0.6452020996729005,0.355327794188724
-3.253747912074558,-3.2406970566020323,0.19207175798608309,0.6062184153840077,1.6063129745684883,0.3287138190316107
-3.1697155098768115,-4.0778986132471955,0.3299367028060006,0.3226013689178889,0.05919256371205835,-0.5349754092793214
-3.162193485473166,-4.13864251982348,0.34878815405187746,0.3446149247344656,0.019925473369087756,-0.5097695695162469
-3.162640505268347,-4.149366080699174,0.4443889421387452,0.4325396670810148,-0.05401464058711886,-0.47499054508998173
-3.1820572364417816,-4.163606080476616,0.43345376834410093,0.43536750217696235,-0.06416905724816441,-0.46444940832129245
-3.1896240553305706,-4.004258983919063,0.38008307522534607,0.7178476714194276,0.28353293541772234,-0.025385273678741733
-3.19964988646735,-4.1259561041201325,0.4807568148307952,0.4342624583282935,-0.06940310409200173,-0.46452131408458985
-2.9837722893059886,-3.6995568695780716,0.42784752299049916,0.2077194649541276,0.8687700145964744,-0.47809769045984285
-3.203073883389544,-3.7748920533234913,0.33355856355874036,0.5306570190627867,0.7698011389276909,-0.048202970009208215
-3.219771714026854,-3.9166726407237746,0.3546279001833663,0.6846431080764036,0.33080929621234156,-0.06481308320188481
-3.0266543718608827,-3.8295197464372466,0.3326530762536839,0.7609126418671992,0.3881823575717501,-0.09181927764455697
-3.2115650901758626,-4.101916015956719,0.32040638857276815,0.3950467791922611,0.02148367295487238,-0.5175959208777358
-2.8819546279625303,-4.0349657741033464,0.4383370018488206,0.4835830603661371,0.07774005538876314,-0.565247320298916
-2.714861400476212,-4.132121124917677,0.6479671736121027,0.49504665380984925,-0.021751481937741294,-0.6433205145744613
-2.518389139617828,-4.18234325301816,0.8097830726934349,0.6589577433498871,0.02951882435691835,-0.6450113582194754
-2.6889699742479194,-3.745452863451427,0.6359256087681577,0.46911967610401395,1.296777844567319,-0.2036932750064492
-2.4862110070713723,-4.274199458366483,0.7446702298603953,0.5303180775341098,0.1417468316553239,-0.637442006725116
-2.677460491256623,-4.190299673196365,0.6959568259111149,0.2517625484879621,0.5624643051238832,-0.6159492266531912
-2.4818882850793735,-3.851420115001133,0.5484518129896662,0.901985112428105,0.7058265253624997,0.37900605639382934
-2.474578416195158,-3.8607715804785308,0.49401855742572864,0.7671216500297804,0.46364906365599207,-0.2653228650575921
-2.4920830616707703,-3.826434313976045,0.4675140049111614,0.6083531262857537,0.3696796294474878,-0.11760742173665814
-2.425917803659173,-3.7518236448384847,0.3555244142083871,1.0476047956767678,0.8613611115084104,0.14509656299819965
-2.41800243323174,-3.694202007884484,0.37217147510821064,0.8293461854669242,0.765740861161054,0.3003698237307629
-2.3892341639444226,-4.121183597406013,0.43951684609083835,-0.3064717631310125,0.15352899062354314,-0.41736103392257734
-1.6789923672196092,-4.116829910346805,0.605483980641476,-1.721504520232377,0.5371242712683456,-0.09336803203241847
-1.8624547498876647,-4.039529329440415,0.554326384971742,-1.3928443611378554,0.4829810468528849,1.1350570733997636
-1.690140363101358,-3.5591482757397728,0.4533611971885631,-1.752075020123062,1.2093125575096684,0.45418080145308026
-1.7179042674727913,-4.000808834564601,0.7669715219703649,-1.5073123272432278,-0.025283318736684938,-0.09518665741499413
-1.9730474989410183,-3.685722890334624,0.8353206207575845,-0.5886297011588403,0.7194903554252368,0.7141745457147843
-1.9832582405392278,-3.809935321205717,0.8987976323016008,-1.44539298819221,0.1208091183666465,0.5101409052606249
-1.9443069588805195,-3.653750217251621,0.7146721998289585,-0.9773196588110371,0.5944094143388942,0.760755584918549
-1.9164117222569488,-3.658991549569333,0.6673981068083843,-0.9958063567675872,0.6470657075015669,0.7237292090420808
-1.878447427272031,-3.917277846226965,0.7823081604352768,-1.2630499564695912,0.3163970549616283,0.29464169642697446
-1.880535677350776,-4.08200339770437,0.8458931343613371,-1.5994440063843647,-0.06384707422369534,-0.10178663686511594
-1.9603813675187092,-4.158856022619414,1.0298881650245884,-1.745988953482032,0.44850715519193474,-0.030427216003050414
-1.973123526856239,-4.0984434036134365,0.9603854138838516,-0.9493496575305659,0.642544302676742,0.8628050307585919
-1.8588468256090944,-3.82714452024964,0.8709996600004348,-0.9184417325340645,0.5218031879064658,0.8279246754764064
-1.9218641045261158,-3.7924251621810816,0.8840818049473762,-1.2942593385295562,0.21618463483082445,0.32567620292249555
-1.913369355123257,-4.024884206048306,0.9099893532785668,-1.5880786856083051,-0.07380553352412661,-0.10997028404700923
-2.121852548851251,-3.8435655982070505,0.9968171368691979,-1.2278537934125007,0.23373938899483993,0.4530531138927487
-2.102729495406371,-4.048615141329501,0.9809971086328099,-1.3610682918915038,0.032868704381599355,-0.16202177393629727
-1.8483268790667557,-3.7683189286223615,0.8636443352679569,-1.0190136969057568,0.5807341631082229,0.7918946401737736
-2.206791018091729,-4.003590670701805,0.9753281061597783,-1.0528469508651022,0.4086260337594132,0.302417943135643
-1.9509815171826819,-4.163937418568257,1.021789832425482,-1.6209178569040104,-0.016629683627895388,-0.08965545537797591
-1.8443737932078983,-3.598685725147184,0.8456265275189669,-1.1635747655871445,1.0201136043768655,0.7954402429460992
-1.6892508838412117,-3.8055221893464095,0.973732542625498,-1.0480443166403135,0.5110160567633502,0.9730823880300641
-1.9187526706224203,-3.7702641763379656,0.9146575297790227,-1.0789283598948296,1.0261030096201595,0.8327382623277213
-2.103204386830129,-3.608043277557744,0.8706970418503632,-0.5675407581218249,0.890289338762079,1.338887770517289
-2.1395815577452284,-3.6936047921856825,0.8865414823873224,-1.1801636777998268,0.8553468519822478,0.2419886882452907
-1.9121223386296289,-3.3696652928735538,0.8186525270442863,-1.2646362237298971,1.493208664172539,0.7616924529339522
-2.0130745795159988,-3.429983274124447,0.8299309843600841,-0.9904297454208548,0.7030828856312374,1.5104275315651898
-1.9770706458996914,-3.6178151381493935,0.9552225284408165,-1.4021722290432947,0.1442176786791997,0.4217354606724194
-1.9248834516841498,-3.504817644409116,0.9150009094953366,-0.6551443008414092,1.0460017408647555,1.9963199497923751
-1.979478144502697,-3.9145385973136673,0.9908147109493292,-1.5274614627571061,-0.08263971502673823,-0.13259476226469916
-1.9359521360297394,-3.683536296814855,0.9123943486719198,-1.0607198459731484,1.0676748287176538,0.7918057150688554
-1.9234655231855808,-3.275802400382309,0.8328958473310084,-0.9103343585187333,0.8779121533777184,1.2841548922005812
-2.2086191185262822,-2.696137292153974,0.7719627455882891,-0.8756188281698293,2.1325363395935217,1.8245612444790391
-2.250588785380515,-3.5410878474115624,0.8700054102855628,-1.1274711629015002,0.49804316089591877,0.14376322584254828
-1.8578707405358004,-3.6135067048157294,0.8729175637286066,-1.5669412035731536,0.05720060401589019,-0.23249837065328258
-2.028099025113301,-3.473833916629946,0.7529096502563632,-1.0135233856864092,0.6545161605712365,0.7051584239410603
-2.25220328603295,-3.083138378056437,0.6931230106671059,-0.6192592342018416,1.2626193862442228,1.8374568745590314
-2.0566018416440404,-3.1142572290175474,0.6499804481382504,-0.8255396790267477,1.1039929129123962,1.926002055094167
-2.1422501578633666,-3.1020471619085885,0.7405829566267481,-1.160954481320535,0.6276905870151519,0.9016569182087952
-2.3687069401069882,-3.4167638725109475,0.7055642097111348,-1.2233642591454783,0.4837284619297644,0.16775576699000266
-2.1653054171552446,-3.06741860973776,0.7384943754286497,-1.196105400285247,0.6377169173666759,0.9011014298457574
-2.34950629882537,-3.258365153960068,0.6827979755427747,-0.9266211006393418,0.8252998275070066,0.5940598997598998
-2.3488668482860238,-3.078592075533464,0.6758978602783687,-0.7775144215313596,1.0172592995349992,1.2171218069206193
-2.090172785448773,-2.8158747807269497,0.6729635095017159,-0.8786758162349644,1.5184538614217786,1.194184745027185
-2.13919847792479,-3.4146301889817283,0.7754435937478273,-1.5054680210308868,0.21756545829564505,-0.31205524212353264
-2.0756385651746876,-3.2215838437377564,0.6575811672690596,-0.8580186882664244,0.8573457125356997,0.5957272987262536
-2.059161978115123,-2.847881614875927,0.5816712280779441,-0.644218513564815,1.3107585873389724,1.8093947854948331
-2.0752596589361,-2.76395887523274,0.6065772859241143,-0.9534593877843798,1.5803035774539549,1.1717521276276877
-2.2719673971312417,-2.400376029259111,0.4744717087829108,-0.7379556117023532,1.2024459321152852,1.7062009659366015
-2.3273193354538613,-2.753565960919096,0.6387146595560106,-1.0093717508742917,0.9146629792605656,1.301872912928876
-2.233126920811406,-2.690430814277733,0.6260309887306255,-0.7471100277701084,1.2115556864666839,1.7872791200549925
-1.7380164962591569,-2.714609763150988,0.5879539532954668,-1.2889686196151418,1.0639811458498247,0.6233279624881262
-1.9679693321230287,-2.619548948417234,0.5659318397397923,-1.3190227138971629,0.6800436623348746,1.3824272122921972
-2.2756871266928282,-2.996617591635407,0.6729731013924736,-1.6726308332201387,0.12036419230715854,-0.411569353253412
-2.29892559451978,-2.1662692640970787,0.6003505525650018,-1.3390003045213046,1.66295755327176,1.3228723434492422
-2.265616647789054,-2.4526496598073506,0.6446595352309352,-1.1204674282953493,0.8454844868395379,1.2644329071779046
-2.274115716718556,-2.0925134306455595,0.5746320951879585,-0.9372384713534424,1.6561158075210143,1.6745753246663422
-2.269339203405549,-2.2728283561500944,0.5610342312907636,-0.792039691549126,1.240288573005709,1.6552608680698175
-2.2419146872027804,-2.135696948330436,0.5157616704495088,-0.7873077563783504,1.1159464670660328,1.6938939736031666
-2.111124779123518,-2.455068346200399,0.7560019673235621,-1.1436362940829568,0.6326054849298455,0.6635945978814968
-2.2366266380749065,-2.241333456334893,0.678672078084893,-0.8101575005745338,1.1752356916100324,1.7033543585010549
-2.2706570153366026,-2.4236080684448607,0.7103946105872985,-1.0988622695916899,0.8139938378426931,1.2829705186235185
-2.1988252405206064,-2.2816563623801933,0.6408691956194129,-0.8646162071370264,1.1762550468872401,1.7231061637954677
-2.267798891936088,-2.223590660558286,0.6463169814362449,-1.714990967415194,1.390533208301107,0.850306969671606
-2.2536114757560286,-2.476800697206629,0.6194391064476341,-0.9665165667571903,0.9591942631640185,1.1210394687822223
-2.2704906208557096,-2.350194287033304,0.6659469107538444,-1.6098651707030864,1.0059423247784383,0.7951418990489062
-2.2036524229136534,-1.6607778848106864,0.46899037184129944,-1.061175800476788,2.005379411449823,1.6351110962313633
-2.358324421399299,-2.1926978427176596,0.6114324082874929,-1.6397939510368151,0.6732583606749334,0.12958474547173973
-2.2815394332812837,-2.0304179276054692,0.6175810362544087,-1.015685284702309,0.7888116843242374,1.1558251563527553
-2.2869906342706896,-2.071426528386555,0.595794812238229,-1.088850903037501,0.7651319027694243,1.1977223852014331
-2.340788058633995,-2.1241789404349345,0.6948572476546181,-1.312311466723611,1.3788617838113608,1.2114905416910746
-2.3606726175988197,-2.2921254954385786,0.5379610891223956,-1.5594378166688023,0.6206781764697507,0.726590801674913
-2.14653273966127,-1.8967549534252122,0.35222554983267607,-1.9393018581882546,0.8257156395315323,0.7989827265012461
-2.2066139382206305,-2.553510685296969,0.5538245542826753,-2.032748439666118,0.01093131458229154,-0.4176966337293694
-2.4114333709528992,-2.0440427803164547,0.4275408323874776,-1.2858852697258794,0.92244644631037,1.1772363365667418
-2.355411481597611,-2.181470668134031,0.45416948413969027,-1.7113404982980278,1.0492223524124016,0.7657665288302639
-2.0964498053407223,-2.051534674718647,0.4161465901732254,-1.7259749377743774,1.6799766533731808,1.3292712007337755
-2.032124410753151,-2.441779564345832,0.44267712660814523,-1.9412544304736297,0.14877517031966891,0.24424657949184914
-2.063602961644852,-2.169052821522032,0.4583571856337526,-1.1411489845723786,1.0299639688144533,1.7968722382221844
-1.9668940906475185,-1.9157322106696597,0.635641583162636,-1.6702423967886335,1.5693493410055905,1.3309166783024127
-2.304649949935437,-2.216206207861136,0.39654821028701975,-1.1423876334937355,0.7129191260484526,0.4102809228854033
-2.38688499468839,-2.1704561754664375,0.3263432484221186,-1.5023841180260045,0.49522284564961816,0.7411791822272716
-2.3865840238447453,-2.146054077813783,0.33976840476894316,-1.201749922955975,0.8159845774770039,1.2218254536890614
-2.3858742977684892,-2.3273850181369755,0.37643654275098476,-1.4690903810192062,0.46758253915674036,0.7856492609119027
-2.094673556304421,-2.410479214289932,0.32309615514185835,-1.3947545941230817,0.5968444883537716,0.5165709594194864
-1.9524444501610336,-2.103465860502117,0.4210850012495955,-1.8776091344046717,0.8904894994260394,0.7610587631611512
-1.805567149023006,-2.036888290746468,0.4270406265682813,-1.085205873311189,1.0944352770439691,1.6505344364182677
-1.848797379175452,-2.6949523849789,0.553344509835964,-2.009801491043492,-0.016389770141992388,-0.4283095528740232
-1.6749669174823614,-2.6775621528651,0.700648190867201,-1.7072855303317873,0.2725488230128865,0.2016441805740309
-1.5692494671215647,-1.7817129395269768,0.5564523696761691,-1.2424818098218307,1.9294428429966328,1.7364365736372125
-1.4455104261373886,-2.7100283502795817,0.6792594007164098,-2.0008048400698657,-0.10215453450437825,-0.35623835453690883
-1.8841893932447835,-2.4588221236656045,0.5896425018120566,-1.3764739451227213,0.8201146084239984,1.2644800317627798
-1.7643861444073967,-2.3092197941808124,0.5262740992084238,-1.6886866769567235,0.4803072378302096,0.7078828395487173
-1.6680670169269087,-2.035461409421694,0.4091713374540959,-1.1231658202426555,1.1755586961505762,1.579730084395875
-1.7777500243419988,-1.9699592163912987,0.5308050272836303,-1.3726808937784682,2.0864828259358457,1.6636816285162854
-1.8642166542991165,-2.3039629214960837,0.5298845625061848,-1.5003097608533749,1.2702609660711945,1.258803373494327
-1.5823823930051788,-1.981564772813669,0.4049437182260703,-0.9968899575658454,1.1592373123982718,1.6077770155985873
-1.6377870023204797,-2.1497219149663502,0.5753093909810209,-1.9191339141866381,1.4784807529817097,0.7723080200689578
-1.5210678932886244,-2.311003424181312,0.4608670407787222,-1.145074067239036,0.9664003436579999,1.0354957164525789
-1.662873448747541,-2.399523612328179,0.5916971378889002,-1.1296008956435664,0.9594845118890017,1.1028838010259105
-1.6265821422299618,-2.224195048552891,0.5719220800754364,-1.0413100130940998,1.1726954309392141,1.7221841763531809
-1.678752038918261,-2.44843213606393,0.5762584527844757,-1.352342016767902,1.1859147192941193,0.48863440261388336
-1.9261014507109688,-2.4875925061759636,0.5245796824252954,-1.625279140522352,1.0729292935547199,0.633327207809652
-2.387175800038144,-1.892943750842457,0.6087142978534653,-1.2603126115973071,1.169213301097078,1.2374182388960877
-2.4633897124543886,-1.7005103182047947,0.7214950236756249,-0.7851708293540006,0.97164388281329,1.6856515462725445
-2.508224186351533,-2.0834532118280955,0.8974614801932137,-1.3928656622672484,0.25315006280809504,0.8653167397427841
-2.476576253824442,-1.6890306876179348,0.7834649460077632,-1.0662783510467122,1.161494589370137,1.109017406325517
-2.481821857175485,-1.847450443093225,0.7980198713548285,-1.2033071759508467,1.0213570025500607,1.3204339496890944
-2.4625485066459087,-1.6474351557386016,0.8056146045030366,-1.3098161576510632,1.4831297039814366,1.3016536923576543
-2.616693929330341,-2.1286407118773902,0.916655333247136,-1.4623776190389288,-0.0013139961304146088,0.23233703829210853
-2.5521000459439724,-2.098010108887225,0.875495203681968,-1.3496122676793167,0.23916609888970564,0.8697807114178139
-2.5080474581113466,-2.1511067358107003,0.8972079236359308,-1.331928267686303,0.2204214620991669,0.8827680675612497
-2.5818751188659874,-1.8177356715611717,0.7710682377847533,-1.542851758815549,0.7098365908135951,0.8295293601428592
-2.5990582912255333,-1.9063536583865661,0.7850417110270423,-1.7910069323312279,0.9752135286313796,0.22585902335641442
-2.560955444194899,-2.3253875917831914,0.7800504907182696,-1.4779477944383634,0.06656290483821804,0.2468438319658953
-2.5452638668933845,-1.7992095760221307,0.8373575143912203,-1.502019554466042,0.7139063755396398,0.8160743200106332
-2.620019947508066,-1.9973564475524543,0.822733578782713,-1.9233156371865407,0.6981139486308106,-0.3608907859060108
-2.5543624606879667,-1.7910237890748093,0.8085168130638498,-1.8446726584639153,0.9526895518905594,0.22344418658636403
-2.643106855300223,-2.0780685482323866,0.7158674365598167,-1.4734046688091909,0.5503663354490965,0.1307298532782542
-2.656040363580014,-2.0210673523468907,0.8426636197186065,-1.405498042334982,0.5542637520043859,0.08568237614223757
-2.5312024927137924,-1.7573017155646706,0.8917519675576477,-1.6359092682626823,1.1083413749027158,0.8908224056930252
-2.566097922039413,-1.6451672224643306,0.7953821809398934,-1.642404300076822,1.1402317508230526,0.8361761838258804
-2.530118561853981,-1.5426002110597758,0.6259178021922887,-1.6924399714183387,1.0967666328514205,0.8316536134987605
-2.430132448744512,-1.276438705651619,0.5457016374283952,-1.377322616971479,1.4344125210027887,1.198093624278437
-2.588356584435866,-1.3043270938946063,0.6021601768443573,-1.4002005241699105,1.4604917817093346,1.2353269968081808
-2.626701023994591,-1.464031560677908,0.6493659923371197,-1.259720398834423,1.6451041699598548,1.0970281039413494
-2.6961678975116037,-1.6289440961672395,0.6992018259647644,-1.6532777640794845,1.0731978930083519,0.011815885446930484
-2.594029200802481,-1.4355499338438218,0.6932013662560919,-1.719616979740772,1.1285373739690021,0.8106178460595121
-2.547018902514245,-1.4879925148059487,0.6278913331175993,-1.8892412498815998,0.8537668543461235,0.19757889703039427
-2.5614464241266623,-1.4460299737026614,0.7612654635988415,-1.6917355325353653,1.0741567544927206,0.8324467325508389
-2.50871333822541,-1.1400940408209428,0.6453166918214844,-1.4520032121181945,1.3730897579263828,1.2594964152603028
-2.473355666419977,-0.6282790741545007,0.3725138391857585,-1.2100577606896052,1.6710209084421803,1.6120544761503934
-2.440376870234672,-0.9103028721872498,0.3681565510187261,-1.422804865731448,0.979463814370347,1.1171440426787265
-2.535374019513238,-1.2277201917250347,0.43997755206479017,-2.0661006113456595,0.6362888917011287,-0.5406046011654684
-2.4854584527000974,-1.0023160327843723,0.5453007289869559,-1.492258537261707,1.4427483019324372,1.1776057974287848
-2.480461068306498,-1.765150919908178,0.5025961324556371,-1.7564196105142182,-0.2775408783674805,-0.4970313049012029
-2.4501871974246883,-2.058808436291765,0.6817780124877538,-1.624739577336801,0.11099191873759243,0.15699228131785692
-2.4830099618474644,-1.9188852046897906,0.5867743660901594,-1.4836591759914617,0.26511962526700855,0.8182428382585447
-2.535703656320405,-1.6809602848804777,0.6652526934821251,-1.6049066249673503,1.326447324608168,0.6790850492099901
-2.632740824469762,-1.854332744600292,0.8184536425217803,-1.9814904957295656,0.7976211291926308,-0.4268795206436336
-2.523843043542298,-1.4687022455981888,0.6165887152004903,-1.7182461592806735,1.038381502250276,-0.025294429486390747
-2.5356331051774417,-1.2325265455438217,0.6133199668324708,-1.7899219096314825,1.1203891255597676,0.7656135380287936
-2.541160246753025,-1.016033100399876,0.41895250894486963,-1.5698386481698663,1.180860344422491,0.5274189829871332
-2.4721996240411728,-0.8138637726357496,0.40279586207168894,-1.4860416650414547,1.4332807999824102,1.1244191539188373
-2.553768183236597,-1.3702867601661506,0.4651251360725386,-1.9568129462665789,0.20269538493964326,-0.5449225296441783
-2.5458085196081672,-1.1904884061118823,0.4270012346302789,-1.6677711725365036,0.5561244971312792,-0.11622760298688786
-2.3080178178651156,-1.0003289604011745,0.4161457858550876,-1.9421780156286783,0.48481871042584124,0.7442547744381298
-2.2138344062323765,-0.7052890510537352,0.3678491561020227,-1.6649529190947736,1.3918755383467336,1.031466421689248
-2.369255920106029,-1.0157324161917627,0.4867706219265581,-2.4141749498312848,0.5400230104523621,-0.4998759606261138
-2.5629377912726254,-1.0749569517049151,0.46037144776124056,-2.1167002059090425,0.7174224830055606,-0.5986902873993977
-2.4982560780849004,-0.8171889688055823,0.36760756614515216,-1.5216356538703313,1.3919568348174232,0.29008700215885735
-2.6241223262632456,-0.6807195474559481,0.4011245230073056,-1.667214976241075,1.2750084919568612,0.426503078939902
-2.6459564803984845,-0.6644000454468267,0.4657300999592113,-1.991712389610159,0.8908435634225642,-0.015939295564900785
-2.715708413110613,-0.6961961243614178,0.46468030970253765,-2.1675414977995278,0.6415064935094844,-0.6222656989915657
-2.6070466909227243,-0.587695246581317,0.3629083970846896,-2.19968683385131,0.647060489111079,-0.6709486971037101
-2.6030816462865016,-0.4113172279047838,0.30597980727194773,-1.94035664380275,1.0120266045539796,-0.24078200596771732
-2.6019700295573616,-0.3648284523858289,0.2574045397162572,-2.0331431077638036,1.0625744240944461,-0.25323095297989234
-2.634422318053187,-0.5656109049813718,0.3363022416188123,-1.93578924730974,1.1199750259376162,0.609342446344278
-2.5128521279105445,-1.0999976705545829,0.41014048566274436,-1.9423667081006746,0.8258024503883294,0.09065383136089118
-2.4506559215638855,-0.8942105058851888,0.3305140468395752,-1.714408605476084,1.2362711624305451,0.4921379134599699
-2.5243956636529217,-0.9394800240723898,0.462859172234251,-1.8341557437738973,1.0029601384130153,-0.12764882583036716
-2.530653704929375,-0.7208077084193,0.5401152516223101,-1.8444947401130818,1.0454974595482447,0.6752373769712947
-2.6188023579666333,-1.1115536133550348,0.5622297466023874,-2.0730034180053365,0.5506204808854053,-0.4888175281582034
-2.574876249678406,-1.175677450813334,0.5263249425378426,-2.0720341835645026,0.5588227644595568,-0.4799543814034957
-2.5653451166213226,-1.0033004613961782,0.5023632450805832,-1.9009325706603515,0.7972174723449523,0.09042654487427905
-2.640878467475253,-1.3047254686031264,0.5849556147975278,-1.4036361924454293,0.006254180718404994,-0.09393255064722689
-2.681580723462613,-0.8409497511024722,0.5177954279315666,-2.049633526155009,0.5402742334804183,-0.5795773672013893
-2.5990421007828424,-1.1276064350629418,0.5479841341629698,-1.6017718245457646,0.8192075307862959,-0.03849402617165115
-2.543866668656738,-1.382253366601935,0.5756005153006087,-1.8655687721735912,0.12007145575504377,-0.5138703091768527
-2.537584949412873,-1.0990581617170574,0.44576218451739624,-1.7524992056146897,0.9181654534053145,-0.06751064282908696
-2.5837280607913207,-1.0045495643251077,0.4822249123575409,-1.784267429867983,0.9235364907739301,-0.07886400513072257
-2.591244972133301,-1.0794013279573533,0.5777383946901429,-2.0612611819242344,0.5971582155588389,-0.5388137899667674
-2.6417253564680765,-0.9339990497250626,0.624384893878786,-2.0520700671771457,0.5481602941927493,-0.5439041246271337
-2.6297407603635268,-0.29924631042232724,0.4641812668240517,-1.7908497354975885,0.9346572120195097,0.606113990446736
-2.65925299088195,-0.6483497016845787,0.4400748780140149,-2.1140601875005163,0.5399036428612008,-0.616113109478137
-2.6825078307626673,-1.0252834815847935,0.46806957661479387,-1.7805374307733395,-0.35866686450330726,-0.6223127874989491
-2.581068200738949,-0.5955035700564337,0.3580186602392157,-1.3536479065294948,0.7714538626307721,0.26559704567551434
-2.599343508962717,-0.6106389592475105,0.3963750267965304,-2.05971328709094,0.895185368625603,-0.032887541233801804
-2.3730481779181725,-0.6798138729683572,0.24834250069257835,-2.4383823081940954,0.5184715722262417,-0.6049240413948823
-2.314325702687157,-0.4058252161373047,0.1621250629758175,-1.858419734587172,1.1958522853530098,0.2842587953211783
-2.3539325159097273,-0.8235323192517522,0.36166942996996504,-2.2838639519738275,0.04071601652471061,-0.5887327499483328
-2.595709062737813,-0.5821925758891269,0.4165507125269472,-2.174139471141702,0.6424457245905949,-0.6768884941119451
-2.622223951434638,-0.2956169922959588,0.3685060222503331,-1.4912362632269387,1.2823020865271433,0.20784346657371372
-2.6229491386415944,-0.06339996769318328,0.33064384323059914,-1.4822748885919126,1.5218059437602072,0.8270101487204098
-2.505448263020387,-0.12943233632386508,0.30589772807901866,-1.7919104586689878,1.0928342133250177,0.39403365203964347
-2.569139783449387,-0.97867677472555,0.5277229975746895,-2.0782455639896735,0.6031405187720084,-0.5706750662963892
-2.522337184305076,-0.9706871292465791,0.47378718655050517,-1.9460094013545497,0.8578458432557117,0.05385055573153582
-2.5284424735800393,-1.1329977404250315,0.4492909191980183,-2.1434190465602896,0.6656586632260132,-0.5527143901868492
-2.5116342854566582,-0.43393104419913625,0.2213186335162755,-1.9613665341830755,1.0475522099598877,0.5936302717308364
-2.5019208915545015,-0.7810595136882097,0.2841839028899145,-1.9408675149401897,0.385542475664128,-0.013618478800686859
-2.5375109740274935,-0.4115200198784095,0.3053243220659205,-1.956481303876015,0.9672691500202634,0.6613411972382887
-2.4932660608754,-0.5686026155194812,0.35636785445584884,-1.7901798622001301,0.5626179006827574,0.6118282059945735
-2.5496805996408844,-0.7215281052701228,0.4063757321558598,-2.1687650212848997,0.5628192360888562,-0.6003067525013372
-2.4978703685971655,-0.29114737363876236,0.19072446547755567,-2.0231848324684654,0.6118184524422908,0.016073279211106153
-2.642993358666451,-0.48607520834551704,0.31601548839767485,-2.1234217567068225,0.4954550111107524,-0.6234817446290908
-2.6780619886303993,-0.14798899826112738,0.2380241785887324,-2.096097072859096,0.7349970279536959,-0.04447378442053532
-2.6397568518531362,-0.1684824383502505,0.09231050294796982,-2.228061283566839,0.5310270561662467,-0.7261597044092426
-2.69918889652782,-0.005827257438669097,0.01486072749783049,-2.247203039078509,0.5420158037824777,-0.7729041844157843
-2.7301264831270187,-0.0035646627036013613,0.01640972418363276,-2.218578206848927,0.529891819649731,-0.7760892812978318
-2.6000396790350275,0.14141152156770115,0.024423890596860034,-1.9719785594638404,0.869054333176104,-0.32389264185339933
-2.6979323549875285,0.3164819646565135,0.03238639961179127,-1.5869112500345008,1.1625821879221665,0.11998527010840494
-2.6641329999688144,0.19676671446148933,0.09122906348142666,-2.1106379340747967,0.6940729699775958,-0.12211051775584378
-2.651252941965405,0.31200640325943035,0.01335255907499281,-1.607951601632654,1.191138595720812,0.11365023604665693
-2.638712636943697,0.5420641601347225,-0.0016946410682937224,-1.2896533110289312,1.524635394176599,1.3949090235599373
-2.5425123227501705,-0.34168896612319055,0.25390814667516415,-1.6285764313156532,0.9737733976223968,0.4853001335384415
-2.4894833868175006,-0.2757866889849514,0.22525327339913734,-1.761562879156408,0.7948932616408433,-0.24126527143339296
-2.546241648856585,-0.30640037691780647,0.16729324296448564,-1.7874780229605851,0.7427494651117741,-0.18650508644685543
-2.6003459153387953,-0.014886964709049287,0.08992847599201419,-1.6712465777798684,0.9337518398689653,0.4036491535585894
-2.611418605537838,-0.2299374427449988,0.08439761337446987,-1.2931338877913283,0.146752009043978,0.220430899514438
-2.5595222484374585,0.4829181243742123,0.03309479860190908,-1.6088386073691985,1.0748374684177786,0.9806909844838255
-2.6621646777509733,0.21612612842503767,0.10991579480129576,-1.5703423106805434,1.0446481419063947,0.20810864619066755
-2.551416954893485,0.7031175091079781,0.0040243429637552485,-1.3728872653071558,1.4449705957558239,1.409208775180451
-2.6456672628818936,0.7347750146431813,-0.052509864285461706,-1.5543869795122491,1.2770278831328135,0.7358103762166612
-2.6371016850258946,0.7179705214127017,-0.0948005468579816,-1.71444082357363,0.9918885840740872,0.12081104548379577
-2.6382516916304604,0.8547855598288485,-0.13882283769393583,-1.9608863404402148,0.5637898004970998,-0.3795049117763719
-2.610864447402783,0.9076393544749586,-0.12100640083047463,-1.6759582083866558,0.9249729949580358,0.08470118997513783
-2.6434237446616957,1.055642874505604,-0.23536946825503527,-1.721260876135553,0.9557901213186338,0.03221167653165194
-2.602083551925327,1.1148976607634116,-0.33200625144863555,-1.6054716643242763,0.4769955183993548,-0.02060681557771998
-2.6671790892381853,1.054131747529241,-0.3404569550747738,-1.4566158790647699,0.09572349588808331,-0.08113841566199456
-2.555203518136368,0.7063312156626905,-0.05653585119410904,-1.2944879896401875,1.4048218188840422,1.3939990519538863
-2.5092449815298687,0.24604764931250758,0.029220030843515283,-1.5474911821487973,1.0212483990617736,0.16586132222670444
-2.6100514472697576,-0.24460472910126774,0.12820794554195802,-1.664499169483315,0.23481073263131302,-0.2176452193421585
-2.595305738549961,-0.35191956762210397,0.17385760340536055,-1.837408057011517,0.15000988209506216,-0.033659445935175746
-2.6291805187788992,-0.22078448612776166,0.12795531677499133,-2.0956342662648644,0.376966982008889,-0.6820779583047645
-2.607011729964732,-0.23045188491100774,0.10764215069334214,-2.1214260263853078,0.39781444516177067,-0.6823305650378662
-2.5658553725708515,0.0823802897679408,0.007272110648201525,-1.7341929362248085,0.9699918163113495,0.36615032197624386
-2.5294166783768706,0.24308611013178208,-0.0007371669555784825,-1.437760767554518,1.305502773972472,0.8054786536397562
-2.546648382502515,0.01085581968105951,0.1223866335354347,-1.8375822894333655,0.7716114211324234,-0.2788257984810328
-2.520695671762906,0.2578516900490178,0.16969551365882812,-1.8869338068181398,0.8857513738876324,0.46868883848679016
-2.6064900524867594,-0.2951882370245363,0.17563286542757248,-1.9706556361112653,-0.022699370625150355,-0.7196866965401384
-2.64488080376187,-0.1011003017483655,0.11607682681893201,-2.148839863835587,0.44484478722511966,-0.7259266636474946
-2.550397338654968,0.23562199435436007,0.05000063564636476,-1.9541863294406816,0.9025773744647025,0.4933471621733111
-2.6450254847746972,-0.018131005268585264,0.08116858339372379,-1.9093033669031167,0.19300719202209857,-0.12415245189790539
-2.5924376861093346,0.39687439767889093,-0.07057796718414704,-1.5858170798360993,1.052220241857844,0.13360628984533643
-2.652561346233472,0.16357940452596,0.013944458961094974,-1.9204036411115961,0.7932515889958779,-0.30781837807099444
-2.672556190047303,-0.11209585575165716,0.04963740460989927,-2.188423858672127,0.4664042933272712,-0.7308511435206544
-2.521531410300043,-0.1256986389947898,0.1311169777556992,-1.9142036313748771,0.24987077795314683,-0.13926857937633066
-2.5073247582422558,0.05673817752321952,0.1188311749950604,-2.0784675854903205,0.6717750538382345,-0.10261146105448254
-2.534746902677522,0.03574745314876237,0.12974272982877244,-2.0708391602136578,0.6455352264720461,-0.08044906159794658
-2.5750858817806397,-0.15826966542479715,0.10646072560935242,-2.163081046822452,0.4789042647052003,-0.7460152666425296
-2.529743784127108,-0.2242051466384503,0.049298449367250564,-1.696578576985456,-0.029893525699049166,0.5429756745937588
-2.523419274826436,-0.3521294974814504,0.14808761809579593,-2.1694956118174846,0.42038799674793353,-0.639401071879202
-2.493441104779861,0.38460212267493493,0.008945899717581286,-1.3163398841380287,1.4507413848681951,1.4714795956480156
-2.6135477441308863,0.023946311205329744,0.14593717285797,-2.005991520182526,0.5796270288943312,-0.06033743904375755
-2.5625187193379206,-0.02487380712627276,0.16063540167695442,-1.8387011648748375,0.694590465856919,-0.22551037096761425
-2.5680891386264886,-0.18710962603241016,0.2011972043589469,-2.1343019077189727,0.3438667735788234,-0.6559538856532185
-2.612801111335153,-0.5048803171740576,0.2719149216839184,-1.7997532244996541,-0.5546318652421763,-0.6722784374606531
-2.59267659457722,-0.16650729935512432,0.1758016740975522,-2.152170169156641,0.3748896332880171,-0.6697620882098964
-2.5717468921679387,-0.2037535944329479,0.16777590858266897,-2.1527760075659423,0.3636354130508734,-0.6590254128788763
-2.634764330183418,-0.4033711126774625,0.11160107247104278,-2.006494342356972,-0.07155066564191294,-0.668449344299728
-2.6038608547605384,0.02750700111395448,0.12691315824678764,-1.892713944361092,0.7182213826617093,-0.23240353113491777
-2.606102676576559,0.33472234282092433,0.05593705447613232,-1.4253725242150475,1.25986905800073,0.814417740387424
-2.562015363496958,0.13585497237024258,0.08021633752871095,-2.03511884335639,0.5365487035402349,-0.07389784226286557
-2.594608724560838,0.22443895264400662,0.14303681876814164,-1.9550967033289621,0.7883224346601626,0.5646654228113518
-2.6161043709368004,-0.097010358255269,0.20483628826468794,-2.191367458976327,0.3698977094883465,-0.6687545033610043
-2.555758029188592,0.06129047150216176,0.19169360844697272,-2.121096093448537,0.5786712106024648,-0.038136490333392524
-2.5321664264813917,-0.027688079957135424,0.1834428286311353,-2.0622747991011448,0.5387269014223878,-0.005473419922977912
-2.525844481287817,0.1734373036577397,0.13049907320738197,-1.9589876338387417,0.8022939064449676,0.56611586595689
-2.521320591430383,0.42521531504656135,0.008630538873839723,-1.3296655443824514,1.4738069270889254,1.445375936322973
-2.613629988711166,-0.22393444806325444,0.08077089692066235,-2.164969423549846,0.3827767845085605,-0.6650091957291603
-2.589795025381505,-0.22873640494057276,0.10123389180018062,-2.138645109936977,0.3752606912592783,-0.6680634350749262
-2.596502427057415,0.058472075465880395,0.05591695128537919,-1.5082512131232122,1.005184509324306,0.2420693901252389
-2.7169344081477806,0.044124200678258445,0.1457482565989421,-2.1682198569079745,0.3633004237222133,-0.6989276353138437
-2.6423320484326993,-0.03829635956799502,0.106606019898906,-2.049855029469041,-0.13214774735220533,-0.7108605359821737
-2.4924018984144873,0.14396491624223604,0.1440699291086757,-2.072637231020346,0.522280721506421,-0.05483083417995662
-2.5112091394749325,0.34806104728480297,0.11087304053459245,-1.8296277815746524,0.8597847360066027,0.38978514006374543
-2.5959934453559996,0.14321901135442897,0.1466443920325301,-2.2203600137636346,0.2826745170435167,-0.6849813706712343
-2.4604927140244857,-0.032152161390634725,0.15334860983112636,-1.8385011390512638,0.38986264895173983,0.5401834679869594
-2.5179738310887565,-0.54460717936455,0.16074871295104287,-1.9431813413503438,-0.43706892393403873,-0.715511981092743
-2.481004252372095,-0.06369039254114882,0.039859707225117995,-2.2183587707278103,0.42591413835951375,-0.7459436214547429
-2.4975869648987357,0.11206353394104988,0.06135754830370562,-1.601100695469286,1.1281735362959637,0.16062420559864676
-2.587331633810556,-0.11642090859101094,0.13371511235680456,-2.201376918678418,0.48941935579685325,-0.749969905828405
-2.4619305048505287,0.23160185304199923,-0.0038361295366263694,-2.0232194019823964,0.8668291846747721,-0.3632990517171333
-2.420617385990259,0.1508197684487433,-0.02102526346257771,-1.9949758793035954,0.8574248384044846,-0.35337450592530834
-2.5135713057042857,0.03839757929030795,0.09457222983088916,-1.9862280012267224,0.857452007212549,-0.30917509680619465
-2.434802405894417,-0.37257615112267667,0.13015856893879643,-1.9930932124955196,-0.46716688478756924,-0.7235875124464354
-2.448707664532715,0.03188460653608604,0.16386410516563737,-2.1374380450347696,0.6877969127744756,-0.10495699483438867
-2.464193881360613,-0.2682026733635644,0.027158021820389833,-2.0979257915579024,-0.012021006562672559,-0.7353933864858068
-2.203242259147129,-0.022191066508227962,0.04427800776579832,-1.56607870279384,0.619430442738518,0.3216148380538731
-2.4737661117055674,-0.04775946933777754,0.10486787462565937,-1.9218100230624804,0.8689090076593288,0.5622400353535099
-2.4782195117123584,0.0017576660764006334,0.1704979554889396,-1.6805430566319688,1.28731910695915,1.0151447096037638
-2.475824300937047,-0.3659340436059121,0.20701686755616955,-2.211453468834091,0.44014101008548034,-0.6477620124660225
-2.3770629160807752,-0.4318898299766887,0.18108986025188706,-1.8672418310037082,0.7640294430052366,-0.16459816373226716
-2.3606094494065823,-0.5562026450568216,0.26701653523219276,-2.1805400179264725,0.43189652483262464,-0.6149708007244626
-2.4122767541648837,-0.3566149035371172,0.33808909232134043,-1.9263006800085651,0.8644196752119494,0.6720125876540354
-2.3220815623290463,-0.3916642265201295,0.2863598128322788,-2.0544407064267878,0.6170990661773035,0.015000085006744065
-2.370920932290292,-0.3941332448532528,0.22433125967478268,-2.0591789178321727,0.6362032916702142,0.00785864280147615
-2.546997833656022,-0.5075001036290974,0.32922952716042897,-1.7909698335881565,0.9697544325450327,0.6162330670298958
-2.520191576512376,-0.6563589595662583,0.20928103168072543,-0.8897277663041919,0.7287042733340439,1.5280241024765766
-2.4636481019455716,-0.7147430686005497,0.23633033940962933,-1.7049894237681618,0.5054319762199556,0.6370694146968117
-2.5702493722797675,-0.9340715913887108,0.3071126460973694,-1.307328628080365,0.17761955610002392,0.4697219518205951
-2.4428593227763256,-0.7190383956483144,0.378268042582815,-1.4173774813343438,1.2665425548096791,1.1655551629676812
-2.405786887308862,-0.9386428083871959,0.42521802153874055,-1.2856574331852593,0.7963844237954429,1.1845823499483035
-2.443497786307962,-1.1388421642592028,0.5860115833942018,-1.7136906150288131,0.9484531949450713,0.804878761092899
-2.3516337042967157,-1.3554374764300068,0.6716789255667455,-1.5754981085939481,0.9320107628180305,0.8191603561527154
-2.314270342644519,-1.2997917138116548,0.564177182818279,-0.8835428040313028,1.095719892682135,1.780050341193758
-2.215822347080534,-0.5353866886913325,0.3678928872050654,-0.963104324961115,1.5731949104630687,1.639150150891791
-2.1682428805041494,-1.028833833631932,0.4160036311738194,-1.492321166649033,0.5164394001114057,0.7267717196002229
-2.440374309668405,-1.4017432800650738,0.348565439116006,-1.2590578057788746,0.13085145654516325,0.5885381543451966
-2.473263878718745,-1.1940630419648353,0.3680364146346749,-0.8180329429635819,0.7190057464564313,1.6555772969650493
-2.4280235770055727,-1.5257110571739336,0.4103132826513219,-1.468015241145007,-0.09342804143200524,0.01033499955726165
-2.448990554858019,-1.6732096099240266,0.4419400440551213,-1.7520361984157162,-0.4251061053677172,-0.4373515520181915
-2.2523363711405318,-1.1890381585472474,0.5284430233264232,-1.5251992293293477,0.4872730925466452,0.8103902254946312
-2.5040484369880223,-1.7530077875074346,0.5996949648251584,-1.040302138182412,0.3522780555968868,0.5020953209753103
-2.1766018087295427,-1.3540866720798943,0.6674608810208115,-0.7188153305735341,0.7620918362667033,1.7461851507470079
-2.2089174959157902,-1.2767190957261993,0.6447463965617298,-1.44849104457462,0.4987667970012732,0.8188945924153499
-2.480223868581146,-1.07470868053079,0.5430073858821138,-1.1063759827699788,1.6450423529952825,1.743154672839653
-2.44479801424312,-1.1762705595193121,0.5450156593055867,-1.0955039556681,1.684217789969463,1.7495274137661994
-3.219257784844689,-1.677844138299899,0.2951002210819898,-1.4908874915502601,0.1611181007244589,0.8710014123327483
-4.201955112417445,-1.6336566284808014,-0.06650934069488058,-1.886416916580437,1.045124402116441,1.1008371139229718
-4.041511338240039,-1.8175588903831816,0.054186555584677984,-2.046883033211459,0.8791907511459793,0.4446595812421017
-4.0849271594748195,-2.044872563701435,0.06826267981155602,-1.4988309434327098,1.4939828346750401,1.580705055043282
-4.051263933064042,-2.422488699444767,0.1534676782165332,-1.2082485658870705,0.5657974749897008,1.6039748723474243
-3.9031223104806965,-2.46501386270163,0.11550248757350808,-1.4302932887514845,1.0340032711517246,1.6629366462458004
-4.2332287185662,-2.7718395632303627,0.24915663419895873,-1.628277578981157,-0.05641131417394125,1.4589500219873064
-4.06093108560094,-3.112130197387361,0.32546257408661505,-1.7895993964950256,-0.39706818219898443,0.1700159169944255
-4.311363033966791,-3.017937311165377,0.24628616659407965,-1.4364599641376925,-0.18108106309461952,0.6706292303559866
-4.082979355150453,-3.1312757972536787,0.32669406700233583,-1.7292149885755517,-0.4154242389914439,0.1648157050070144
-3.90932183601375,-2.73826228835414,0.1917378059869256,-1.3233907494427575,0.3440840251132634,1.8827204684528718
-3.9875219871784924,-2.909688591228574,0.2822802606867193,-1.280600300455992,0.08919207378989072,1.2529429539567194
-4.311326600272333,-2.5078251346372413,0.17077709426729784,-1.4675819371380072,1.03777582203964,1.1314992319183788
-4.1260478077745075,-2.6536979091162656,0.25922695655031447,-1.3144986927353028,0.11754208776526366,1.192520500571103
-4.355206012559887,-2.964874117950024,0.25711377347432574,-1.4389253492825131,-0.17258073431030757,0.6554873803810204
-4.004138107287655,-2.634109623139068,0.28444043650099027,-1.2193264700971358,0.3434353976399885,1.8406596163637905
-4.271643344100057,-2.6835346115878504,0.21379959844070853,-1.1722223257228557,0.24533196361379728,1.8853834187205067
-4.312974943608628,-3.1863249970239074,0.2601089126030054,-1.7902840158687319,-0.5068327346045869,0.23615522069530165
-4.026708669499971,-2.9606911294852742,0.31905160952758493,-1.6608096672840322,-0.18760804409845916,0.7830515780886329
-4.31014343317264,-2.802066957023289,0.28758018859271883,-1.5259014919326626,-0.10447048149309451,1.4672305851973537
-4.258483126684242,-2.7162969899558393,0.2672967759619682,-1.1936870756079385,0.17660255469555086,1.9493033634309291
-4.265492986454291,-3.0646571338719966,0.29966725850333253,-1.6279931321696355,-0.35614807259636116,0.886719435807463
-4.268999680522708,-3.0666156198393555,0.2808024097483891,-1.6570340356953097,-0.34791499156913297,0.8916443800213364
-4.001338761759764,-3.065506957413575,0.3267930056490421,-1.4709782317749862,-0.13220126904436974,0.6617804603512091
-4.206482164645597,-2.8310090656723506,0.24570688128252294,-1.0071375351043619,0.276886884692782,1.7955238785587897
-4.208755983744757,-2.4729114910496586,0.17500420745278258,-1.2820785273081867,1.184575643745637,1.7910581679813544
-4.230716815204683,-2.819994826686176,0.14244859502749144,-1.2179929070250317,0.21281859720177132,1.9436106321012883
-3.9474199865511435,-2.7556267046982423,0.18869732600528513,-1.1206347681976285,0.4648446580605938,1.7060326504072474
-4.068375936158187,-3.1943406785202226,0.2851853501945567,-1.807748263291941,-0.4379102591959113,0.2168482556614822
-3.9280781030589895,-2.7342982906936073,0.3148135525258303,-1.2341146935176932,0.2633254963819409,1.9140969350703285
-4.160158522990111,-2.8096885899443325,0.2765241487978283,-1.0673700216581077,0.2726387198737916,1.817810432298557
-4.244981200418651,-2.934615504706928,0.32608862222783364,-1.5588497502956022,0.1636016281624777,0.746469092286048
-3.972120661391071,-3.072759540851905,0.3581818074203943,-1.685542918022624,-0.28653343539303766,0.8724566740028059
-4.251056311522876,-3.0582864384341186,0.27645325815598965,-1.6789516609688802,-0.32708039564400326,0.8836450154999697
-4.261780044135613,-3.2432309607392256,0.2551559172603032,-1.8502703976579984,-0.5313405763650765,0.2850371846919981
-4.267389887236138,-3.3254076513121635,0.17395131387413434,-1.7646066252407244,-0.5454602348725104,0.28794649467065936
-4.058376825966317,-3.08776950815518,-0.23309847105015657,-1.2693631392181821,0.5318826292453265,1.768460694782694
-4.104860082475198,-3.235222590841916,-0.11427795574326832,-1.2539791500160522,0.5600717705466182,1.8056318745660176
-4.227498327087221,-3.766905521945748,0.11331870937986499,-1.9208172857072487,-0.302691408885426,0.32436205893266873
-4.143083861443661,-3.823771457793417,0.0887480294704267,-1.9441192374581058,-0.3757155170958195,0.38905957200678715
-4.222586122481708,-3.802384128912147,0.1271246523021874,-1.26012844425325,0.39254970695476976,1.2995395853717147
-4.17058121995015,-3.939317236766687,0.12704426370619848,-1.9290099424031073,-0.2712774130948581,0.3595642769836197
-4.128573758662117,-3.187014122133747,-0.07722090331089144,-1.4649011363720215,0.12122559850425253,1.3523322709390322
-4.155864581922584,-3.0349092007107914,-0.0893649924091991,-1.2617749730950139,0.5564125574717044,1.7714654941430046
-3.8289503967542253,-2.990096317650815,-0.1219424785953493,-1.2690030967931132,0.6124518063901412,1.714983361197598
-4.122952752395149,-3.3035636671008732,-0.04817432579194443,-1.6942106133490016,-0.047300759813432354,0.7246425876707768
-3.8566923349513926,-2.8521050324271595,0.04428287667510523,-1.251711618040074,1.3436338145191424,2.364368187597144
-4.106555497969844,-2.9537518248394727,-0.01907013176181756,-1.3959803782295137,0.3686562697427046,1.9503092469001995
-4.179677104509296,-3.0810878707394505,0.010827745020857635,-1.6735949154278331,-0.0052958682785725665,1.5415488804686843
-4.122278982331248,-2.8471519178239673,-0.06787171768354168,-1.3886586451613634,0.34050805375021814,1.931473710724611
-4.115656256764695,-2.7975637034911958,-0.03551364446961143,-1.4604498681527212,0.343551623262085,1.9386084639117225
-4.124813618411599,-2.726537854505199,-0.10471241379140657,-1.368157831289689,0.8856296163608361,1.7868296560751553
-4.2015982927132285,-3.376771263120055,0.12495474190491951,-1.6145528535116878,0.07469969407747516,1.5600654928622961
-3.8873170961158667,-3.0995537102897512,0.14162443427832416,-1.4433355048798284,0.9033240762541336,1.990151147206688
-4.107289708672956,-3.432136772809477,0.020473653623625188,-1.0803679984135894,0.463838116767915,1.8958918647350598
-4.107179312528373,-3.5170819067607866,0.15033513759313388,-1.5569687879741159,0.020337137996726116,1.5982745167832046
-4.085167939998887,-3.6646564899322307,-0.00891935526532239,-1.1962825412815192,0.29208547376820265,1.2520309243972119
-3.8192045160982495,-3.762584201397334,0.08244181231456027,-1.5722618393045698,0.05874508940386174,0.7664895447803012
-4.100732390468109,-3.6986846704854814,-0.03464383997040343,-1.1969849841341684,0.262739959363881,1.2821037627815066
-4.056029616502415,-3.3642977212688145,-0.0366633821473814,-1.1847261381857899,0.9160090543824478,1.8865828840344925
-4.046461082907695,-3.532274767182952,-0.0034815702718777844,-1.3032648007293826,0.7054056388737048,1.2697586465393347
-3.7967072681250102,-3.3643807485636628,-0.10704499792943295,-0.9503482420790427,0.8310285215239425,2.414006780824996
-3.9051297604141166,-3.7908658902994357,0.05950338534055911,-1.434681057765158,0.05135030276665336,0.7376149886985339
-4.0773915966274945,-3.7406090121201827,-0.05992872507822255,-1.1657698910022316,0.28243370475757384,1.2605920006841187
-4.181435459108376,-3.7553838781521307,0.15712398260575677,-1.4237761072853485,0.013703410667835446,1.6425400464979292
-4.109217956180733,-3.818321198525366,0.165486007326896,-1.141418482328404,0.24703818792122134,1.3340734970715302
-4.078018511638379,-3.8256107797791703,0.06546257925618715,-1.389701628946158,0.16835047949154525,1.500159576610564
-4.096942910380722,-3.795193651509998,0.024112094741905565,-1.5578986599088183,0.07443145320352483,1.646845956820842
-3.861923146427544,-4.000430917882189,0.03822901974029481,-1.5334040212204982,0.07269935733114873,0.8200887233272262
-4.120361913400282,-3.8826742603352455,-0.0821527980847993,-1.2152072428598137,0.33717602009662617,1.2964801886421422
-4.066905487689448,-3.875225399229754,-0.01398771496062112,-1.5146374152807112,-0.058446374755963905,0.8324120125722123
-3.898162203046851,-3.882436173826905,0.1909102123248441,-1.771928275681885,-0.3119792936293686,0.3203431390740933
-4.090138555651049,-3.023733347279817,-0.10063307802941042,-1.6260824160493288,0.09667512718376528,0.5870005365504174
-4.0265079077329045,-2.8608721265138217,-0.16787272909334072,-1.5456250388610298,0.3329711222243268,1.1946501143077168
-4.094314438288972,-2.802203971915181,0.002749557937035837,-1.40143967966963,0.28790629804725876,1.1638115317529705
-4.068861817994936,-2.456867535727394,-0.08888502808939087,-1.4701312573810748,1.0022345759938482,1.7475040503329846
-4.093269744306678,-2.7851533843589102,-0.023897232448453615,-1.5616200957086153,0.20269670327070288,1.3062237799523493
-3.9884873397184255,-2.6861904526535727,-0.07584149344357578,-1.0348048287006921,0.8982631904858107,2.2410291464739176
-4.03413143642328,-2.6616316002678966,0.030585792740667122,-0.9147759140182443,0.8396725429853711,2.245741342663938
-4.064251473483648,-2.9597036688242846,0.17079388946257615,-1.327983277673676,0.25738209293201303,1.2015205715591994
-4.34750745057762,-3.282636319080573,0.1583582067156927,-1.8411779694360797,-0.37213168909818706,0.2155233264736075
-4.073788001860756,-2.7757001156495575,-0.03491607044599916,-1.7948572744493874,0.5993766682093905,0.521675811615427
-4.054069914215493,-2.324728293858025,-0.040865303467428074,-2.069064255444494,1.2044158539260574,1.2655007532534124
-4.025033315538714,-2.148359635206772,-0.08172518625409593,-1.7779677116951484,1.6261501537915168,1.6381765493526508
-4.170621577674581,-2.4283761515230915,0.0771303590262034,-1.68823753925952,0.774858522024672,1.1770588555247359
-3.9781372124567556,-2.407811635278085,0.22564624637580377,-1.8440872241220252,1.2566736345149594,1.174376928856775
-4.097161161114354,-2.824392045666723,0.20210172002816132,-1.4035277331829672,0.2616144266181153,0.32673619232235074
-4.118762124913185,-2.7714831293195035,0.14232281192344678,-1.748989938621628,0.09019397012499078,0.5910590001221173
-4.057721446785372,-2.2947384866309664,0.055144370927816586,-1.8559623350365924,1.2826172726146927,1.1175968721421095
-4.174232991821099,-2.270188273929407,-0.00954852990281381,-1.8287561922070452,1.2674012447610312,1.1317161242470193
-4.007329682816905,-2.197797254522701,0.0011873662336055325,-1.4130338102150624,1.7471026620519758,1.401785296814158
-2.5430852556697077,-2.2561262251617946,0.9084116915968905,-0.7546237689741596,1.3253264496133446,1.6236957485961525
0.8344314854310054,-0.5003897469972306,2.071608876991091,-0.589810016999327,1.332557264284265,0.9760164140127953
1.611687162886862,-0.22256831735370947,3.400055282005704,0.25616643079299295,2.593127452953362,-1.0893222400713385
1.705423521850563,0.29476806003473977,3.475361686961644,0.8088162104145693,3.5329775603110507,-0.06535775249975649
1.8381478945817786,0.48166883738728494,2.2406253070373428,0.4421870307361594,5.345915661492584,1.5318844625112593
1.5256969840285846,-0.5089885051317657,1.1101696131319498,-0.18764306334686018,3.7433131173248753,1.015729265465439
1.3863532985340397,-1.0560064257809725,1.140030329368798,-0.10185621999858029,2.917997424985435,-0.27314482307620513
1.3890648656306552,-0.9334929628222882,1.0530154717228963,0.2532411725016648,2.8917586118084824,0.9720458879044336
1.2397475783357348,-1.1931748582931807,1.087041343307512,-0.20365166296227744,3.011226107979973,-0.22591242961614655
1.3039479681939448,-1.2845771874210408,0.9713457149752418,-0.06266811335029708,2.5697272261280815,-0.28145327739974957
1.3722105719272895,-0.9826760527441961,0.8792373836277759,0.08306067576889149,2.983875540231592,0.9359325509763041
1.1555639686780312,-1.1060625347314395,0.6861706157239108,-0.20914291280927083,2.1722564021046327,0.6350338013593544
2.820936301083827,-0.7909879575834,0.9646112290195079,-0.2578484439748437,1.6037224290953054,-0.2633875303712366
3.4425545641134994,-0.4122880285090209,1.3348402339246457,-0.8759600039888722,3.19504107800266,2.2179540146290493
3.338987707666895,0.3260022616826667,1.6351218967176406,-0.6701595046434179,3.9701132923258333,4.153805741287985
3.0498598402029358,-0.6443885302488658,2.198894854007288,-1.1561223896183122,0.8710752599147862,1.7686682295478944
2.7065156212928274,-0.8091033375892287,2.2234151959744737,-0.29775434569591314,0.4917381239245834,-1.1830058857236998
3.556136969049584,0.019829859043223933,2.740826838940525,-1.3012434874992806,1.3584305191307717,1.7087154388115997
4.0194970751779096,0.429186312976751,2.8806470262396693,-0.8736242716363475,2.195077589830766,2.8527077543093498
4.16020467615456,1.0172017438863028,3.020944070132003,-0.747645138154098,3.500080903362333,3.9686444035170187
3.839935055865449,0.5643992484574856,3.074743193117025,-0.8501957014875997,2.0140560536435443,2.880630476415564
3.8844337151954353,0.08658380150077434,3.213885663561345,-1.2372949609558967,1.4679902075143332,1.8590684905123138
3.8828131347245907,0.5095414421290712,3.162358423696932,-0.9249015920591737,1.9128092002185597,3.0689050315085833
3.918566458576106,0.2117549217398724,3.040927657661908,-0.6585630643008776,2.1422229694503625,2.7329228825668
4.075154101628684,0.3174196148698728,3.117646045778727,-0.5584597669064315,2.193297659118339,2.7036246323700057
2.951569079844391,-0.3720742923665854,0.8459705338527937,-0.4057120453115323,2.9103786889526493,0.07201146146261768
3.933948815933984,0.2610948237228505,2.5798148520350597,-0.7007039936456596,2.2449880495321373,2.6902583731671736
3.8574029889252808,0.27819328211162875,3.0926660429077484,-0.43741579357956445,2.3726826496452205,3.380388967742995
3.916433531965718,0.44827759774402937,3.1046877155376613,-0.8752919315808035,3.0400226626802667,2.782972763175594
3.530693135258615,-0.15505024696611666,2.331102159828363,0.2044090701303886,-0.09462314916873468,-0.1696647463118793
3.5136688780802996,0.05383316456520922,2.265527321874972,-0.1439292418511012,0.4869532505056687,0.6597073209410538
4.043089629146261,0.47393118700812137,2.593172035689025,-0.9354828403830554,0.7794964436743244,4.0891190037912075
4.006916596277658,0.04304911688363213,3.2180103997252685,-0.9052628757760272,2.202750943117416,2.8940165973310235
4.082826822358771,0.11869457944864746,2.8567406470065815,-0.8145122042103862,0.4898828521744541,4.288923068721796
4.160742004590855,0.7724814392518492,2.695090753818236,-1.0463064980026355,1.550090561847067,4.889656548562059
4.044887007099107,0.6483549276403432,2.772588740526567,-0.968363598631308,1.5770687842471427,4.922888580125456
3.687832671293421,0.5446108604152485,2.514206525839873,-0.9325908763034607,3.0761353211079556,4.066906371261997
3.4299110422823516,0.2674913980060474,1.7247376984064746,-1.1339482513102763,1.3512235665422925,4.598942611209802
3.0320113004985556,-0.3664431367179709,1.4137787030849518,0.017121708932623807,0.19741025385804487,1.361581461202036
2.9701324524629027,-0.24964262481134103,1.340996586961253,0.09631386056096779,0.11960268053219249,1.400995081527602
2.7226134325840707,-0.4948051220969373,1.4545197869441735,0.3424162573577235,0.021442900485946104,0.6999689868279311
2.9141753785865054,-0.21047318634971227,1.4192840609371862,0.4588412217816274,0.13723947771719602,1.3349347319780993
2.9628469526852172,-0.36764517687329634,1.435732615850927,0.016365118368065774,0.17840162834731135,0.09270433199022998
3.0780566227735555,-0.8015447633449129,1.5915671038465815,-0.5240883889202936,-0.9376295991707437,-0.8333683592191337
3.099741478636742,-0.3409702392969384,1.4537290398593885,-0.024678356021628885,-0.08673017953209475,0.7234229214584591
3.2058389618328653,-0.5523558986089183,1.5132152250566582,-0.05405367538492021,-0.29513355092676397,0.09671847798740306
3.1965756927411335,-0.19198148833671858,1.4220432964906469,0.0458423979814408,0.1541691034260087,1.3168010886032429
3.2020662072170856,-0.12082598631371907,1.4433474371592276,0.0336145263895829,0.1514704115657249,1.327786246325268
3.6463467559476426,-0.046147583522710575,1.7965079700370623,-1.1196717666261617,0.14141516031050444,3.9663633644446334
3.534388334532647,0.2227292812571118,1.7545407202879242,-0.9673560855733677,0.35034743992481415,4.557766209475061
3.5533614462645406,-0.2076130268000688,1.8340187694490273,-1.4896733044555746,-0.38783914907993605,2.8625278768283673
3.6102380065587916,-0.2423753287415786,1.8118422748405885,-1.5495816211743616,-0.37461193779326546,2.8471712703776983
3.6405590347791144,0.2897416071704585,1.7308022075170213,-1.0231591701540312,0.39444228523932695,4.511580983455024
3.5713886881267904,0.09594992350420871,1.7179990442970452,-1.1164697052998276,0.1811038841416287,3.907956765809937
3.6316346864977893,0.3769550796996941,1.6612454516787047,-1.3793873289143144,1.0991432711223534,3.8906767534586097
3.5563200949877807,-0.011519426327989572,1.5742841643247976,-0.8453279442028702,0.38985722217289603,4.35823836303773
3.5058051873513127,-0.6993432348051584,1.7881440952925216,-1.7471636842384943,-0.6739665559642305,2.2764239156673582
3.4976929552397276,0.450380038018192,1.4742421418309828,-1.1311961469046836,1.3079605396813558,4.389144081316406
3.4843824104311465,-0.011515088790509172,1.401727876083899,-1.0047074519050472,0.1464624011932074,3.717862845182361
3.5030412064985175,0.41609104549283776,1.4070463692193835,-1.340236318352574,1.349244350488491,4.366352458768489
3.4337566772565182,-0.08142009640344484,1.4554626195434481,-1.1867881894723278,0.2747395179643793,3.954683127733115
3.5169931592684747,0.0848156570861919,1.4447836436937185,-1.7854856452996088,0.09601978799936552,2.8733763310230165
3.348961777254755,0.595754312184628,1.4065464436081483,-1.874115146755252,0.5606742973817251,3.414554348175967
3.3111478836023043,0.7375244476798914,1.3196607923265258,-1.597882257490336,0.9435444860880328,3.857481745082627
3.539335327712276,0.724888810638855,1.3563261872869088,-1.1793232012965649,0.8207804375792451,4.471062631609992
3.4516381738299264,0.9586329638809838,1.280876451059195,-1.2989874004725164,1.2957647847556297,4.304713326986016
3.4185482436787784,0.5973632958782306,1.3259363786929137,-0.9541172846884688,0.423803932439905,4.274782948449249
2.932025008154729,0.24094129381240598,1.1960855556518857,-0.4166763915934086,-0.17521063052672706,0.7959738288943398
3.0531154373169396,0.7829024620312407,1.1134032935517548,-0.3115640226495367,0.551411489955744,1.248773629184832
3.520306440659249,0.8250419027830942,1.6202988479818685,-1.1986930909265991,1.2041256245749279,4.3322540076987694
3.5243014985545,0.3716190432359907,1.7347160710627652,-0.9657796084654887,0.7864074973548588,4.384246834908838
3.4105143184637576,0.3793120807853823,1.819047930906058,-1.1541959793316847,1.2959579679916493,4.605013351670733
3.5787920246407916,0.22359109399435909,1.8844033901481074,-1.1841525895275864,0.6029684999152518,3.943634399427021
3.4980716174896185,0.3626794756986067,1.8148123583766667,-1.4286877860105476,0.5185791837351587,4.050299798197884
3.621437824047206,0.10460755846242915,1.7603729862096138,-1.1514919734381317,-0.08141558131593996,3.2596343906941576
3.478335916738237,-0.26437518629946005,1.9326876510617277,-1.3071345462322248,-0.32627745681594844,2.824864374526211
3.423477209761405,0.030041619759377407,1.876756530688717,-1.0845327845528079,0.06069350316134782,4.058056948544274
3.4260677299335955,-0.2709446740492882,1.949395375088146,-1.262816054711081,-0.34537721357236245,2.823525178536618
3.0636231992408196,-0.44056339364543756,1.5852478118058269,-0.018356925236163342,-0.28277538898358784,0.07038872364013878
3.5287051119416923,-0.12898765656807412,1.9777203753872992,-0.8210796431712549,0.24131222107843275,3.8960141289713226
3.0021385446749926,-0.6326774002491931,1.7264385582663333,-0.26794059844670354,-0.24609699646891034,0.2764173198640052
3.66627687953369,0.10691905872493694,1.8760490643851828,-0.9279558382906835,0.19349241742053702,3.8505235016081905
3.2123506979736596,-0.13591104543277904,1.4659640902938116,-0.37401687241373877,-0.42802578079733744,0.21857799645608286
3.114664806080408,0.3288110174056923,1.3655955692925097,0.11015731640961324,0.08820259676572963,1.2530771608504017
3.1201167526894613,0.036588712722938205,1.440390200940211,0.0020724157973920315,-0.10691028269274866,0.6695199393356837
3.0142215780261985,-0.25427881486347237,1.5812172887510112,-0.25775702540324175,-0.40728447448632626,0.25372637595369124
3.22954237643409,-0.25159854333252357,1.6200132519482455,-0.10684970205561078,-0.18449907575941393,0.8387516114079501
3.6938225150591664,-0.22035119015361743,1.925141309139601,-1.0745704662763091,-0.022511832811015733,3.2746967124210373
3.9406830000706266,0.17930233851420532,1.9504710062663984,-0.9274237304429023,0.40434196128552424,4.718649277267878
3.728353209981489,0.16783698418101303,1.8527014998552196,-1.4735802465132752,0.8770688686877336,3.3350556506725875
3.797404398189494,-0.033858155314770245,1.9077518744322055,-1.0176613925689906,0.15465758751664815,3.9151747065635525
3.7601568562304513,0.10695464966422873,1.8754370415589738,-0.9233287361418002,0.31004971750683813,4.576165185505288
3.592222183378148,0.11600969542056165,1.8369146191321386,-0.851652931915078,0.3349070877542759,4.562534774238681
3.5535893903822813,0.27217732525471017,1.8126500952363116,-0.8700093836864403,0.3392494261443395,4.522051214241307
3.13597727176739,0.4063760978025924,1.4017623457667772,-0.32770835254798336,1.0561026545659782,1.296543372543171
3.5378090340767945,0.8314340526797532,1.6668169282212546,-1.223441585338487,1.3217459968284542,4.445965205950373
3.6626045110570247,0.38733233367917197,1.6505575790309586,-0.9546014912579246,0.3342518252658843,4.484374738640793
3.141674878182107,-0.45206525867022357,1.7855970983659215,-0.26233222146125057,0.06922901003488549,0.17036723339848284
3.5223271717188385,-0.5692258031846935,2.291536557876598,-0.9086428554239289,-0.12601018295747965,3.42035538645524
3.6283158706837577,0.027465155318261707,2.210621257255279,-0.7375291335439103,0.24769902006038716,4.620469253087018
3.5038217614804923,0.13121820734045375,2.254716000074285,-1.9850467985590894,0.0157679458278159,2.4560990401894025
3.244019911316284,-0.20505165048076546,1.9296615762202218,-0.1774740939652196,-0.4651887328232927,0.13600178995384415
3.5716362139226616,-0.06456178487784851,2.278791981705145,-1.2330217809116897,-0.5251071242433812,2.8674865082961527
3.593379048758277,-0.21471358877090269,2.3304271989907632,-1.5782245940284694,-0.8328430135733552,2.400174879824094
3.7051182974333563,0.40060399639006367,2.1909208208194593,-0.7764251446656056,0.2782599939703444,4.490371150613963
3.6315826837750795,-0.23519818252303692,2.327964197663118,-1.5513961959815505,-0.8288608846884563,2.3895719896007908
3.7027156433023602,0.3656607106575067,2.20916996163654,-0.7286579974162006,0.27320994236139845,4.498770910124385
3.6510104343756162,0.42207516290474617,2.202688547918278,-0.7829082585520857,0.2620803898421587,4.520331430600229
3.654899657605723,-0.06223382498990856,2.208882961978264,-1.6620899699734029,-0.8605966920904761,2.3752002774409746
3.5739358891249493,-0.23478508596041786,2.282645628809647,-1.6682670291139707,-0.7993900085543238,2.3743824166193686
3.4304074560896893,-0.15540775001862128,2.2800281459375227,-1.395433247214503,-0.720609577500494,2.301951003918001
3.149203618865218,-0.2586896453613788,1.957187263175218,-0.5253309339775439,-0.7998264695870753,-0.23278226198206806
3.5947361712491332,0.7985316616578595,2.123291890355364,-1.0958971173649084,1.2173343332701692,4.466457529156308
3.6301196935259163,0.7715306771789044,2.044595984604652,-0.8094088863724397,0.7542940657227458,4.418844840778518
3.418842167872083,0.8219675510953917,2.1025382467973173,-0.9873791657559992,1.2297337562756803,4.446228661695714
3.3753019325826203,0.7412375377669206,2.1593186347521303,-1.3974370834098508,0.8783755412503166,4.039217027565869
3.0170586888740294,0.7615268024289333,1.6571494218585643,0.19208523033158592,-0.06393271326244046,1.2160460940874753
3.3214463967846815,0.8159473422782595,1.953170066785982,-0.9330903538024105,-0.03376596324845829,3.8034179061721725
3.340826158104609,1.3686427227382214,1.8719216860097148,-1.1597112465231296,1.1199998638860715,4.40359709565536
3.417727719719111,1.5844181047433261,1.8862061471797056,-0.9694631899754265,1.3403192572340201,4.964268034528284
3.374740322475685,1.6327664807106839,1.767667553084957,-1.2605720947335017,1.0588134222699748,4.421506175396535
3.467626253039175,1.7030171040097346,1.8329145253112629,-1.062547747740196,1.110268836202808,4.385535097477724
3.429716816595089,1.2311957710008874,1.9027261304848397,-1.1101605973631714,-0.1581557677618672,3.9729436615255462
3.489874150040527,1.4829163374048724,1.8740192471100845,-1.35209395975046,0.6985914967101717,3.9428041234736235
3.4158950907779344,0.4501502650900213,1.9828033330091175,-1.297138155890692,-0.6139907685028944,2.8020674657273346
3.457992496543011,0.3838750689066343,1.9634767351171414,-1.5859389937648543,-0.9905086310842253,2.374491240411939
3.121831799487045,0.6834532238833283,1.6336693806900373,0.132880962509231,-0.06764106924219587,1.2366648195689605
3.450890467335286,0.7828870134348408,2.0207492099036535,-0.6816819976295595,0.22678996864765485,4.45723802147354
3.3108719960229194,1.0737910279405047,1.9414348785193887,-1.6377434143539429,0.42465789242641255,3.5791589045308907
2.950558004078211,1.2481571686985267,1.58152227876016,-0.1010951418108452,0.825402750102864,1.2296977111646918
3.3324039674398676,1.3351464995380182,1.888486478307641,-1.057291684450125,1.0404632970312795,4.499848606863905
3.211726817408341,0.9660118554929455,1.5878870429674246,0.11857244698437235,-0.1583555716407798,1.202217347390578
3.3733356302100765,1.2842541525958375,2.0989366323902017,-0.6788104385281863,1.8383135069661498,3.810833991337883
3.4441172152863375,1.0858041821980848,2.1866931990322054,-1.3622998563863378,1.1919752133440995,2.9374492070187976
3.267039079688894,1.52795871174879,2.02306614682299,-1.4253073554653486,2.4382252693458226,3.351308586263086
3.445969547076192,1.6934400008037112,1.7963071432032243,-1.2408470757303947,1.0702070302751905,4.411943338821933
3.400378710125863,1.5145123081178355,1.917395795497748,-1.8695057897300007,0.40630292384439026,3.4725127232297877
3.336652246965529,1.3731481316030871,1.8684250648536502,-1.5652820755709826,-0.557969098962171,3.454011066318052
3.304558346541196,1.271937600278981,1.851693989296162,-1.525404086878366,0.059506619791454544,3.338152038224432
3.3797637162466594,1.5858256306191967,1.7962964194856352,-1.0027586144096097,0.19949351785609803,4.352094288774992
3.4353579413631405,1.4519067197099762,1.8891252938229495,-1.5804938186059014,-0.4720837543908897,3.4064053246941333
3.4981331639005613,1.9466790538997671,1.6068319936826834,-1.544926463436941,0.6117350406781527,3.8595635459805595
3.5361703876270507,1.6923073872924272,1.787878046500383,-1.8708439216746064,0.31374648132103106,3.443822672639727
3.395259842336458,1.7805241752773238,1.8108335085362148,-1.2554713921034588,1.0932166828895709,4.392474061077417
3.4560523112670665,1.713719410271384,1.7989408853855686,-1.8744119934232115,0.30909930126108787,3.467627982041812
3.4133715171366776,1.6490530346951273,1.7590481877945303,-1.24978830597969,1.007211195941378,4.433736398356925
3.1221337223127894,1.2369303749983982,1.510143523894219,-0.12662542867441154,0.3714473527689388,1.1693056224379728
3.3841342063848012,1.0012254853979987,1.8949315091710703,-1.449743280428823,-0.505452432047314,3.5178774028288107
3.354454309311371,0.9783112928627328,1.8691156425384574,-1.440190062246226,-0.5168786352322262,3.537262504465028
3.093378547889782,0.7257331423092498,1.620071311379057,-0.7695821082331215,-0.5555202827443859,-0.29329887563683443
3.327359280314061,0.627815826926983,1.7478660072119385,-1.3676811829722044,-0.6480859736718205,2.798937340005519
3.1037702685100075,1.097209776024618,0.10714516991523326,-0.23459138305966926,2.241164413623943,2.9400224155403647
2.729775878795434,-0.8798383591455956,-0.3789179146352093,-0.9541758856638287,-0.5459410702280112,-0.2496232158904255
3.1249730994567972,-0.09299547613164626,1.1555826456031202,-1.1434197263894486,-0.17322096743416487,3.325086049074192
2.997031189477071,0.26500636691425106,1.249874590737733,-0.4368079419516593,-0.8619560005996006,0.46666341425143637
3.2705617847290136,0.4972453685211641,1.5008657282562983,-1.0576922721826156,-0.2206594111645534,3.9231164628196717
2.7438517741227306,0.39086066584252893,1.1247647099519122,-0.09841650289076721,-0.11009028478201321,0.0655654372453438
2.8141618072939303,0.20481895043739107,1.1445653027951324,-0.03355167431280249,-0.5767988153003815,0.09292332347436712
2.7669654907022996,-0.19866717158999417,1.3012317881405608,-0.6201930100302562,-1.1739082554326021,-0.8043779681864356
2.8053111706602314,0.09412412721159455,1.2639496871377582,0.29417990196286053,-0.05555366181901932,1.3773153519433057
2.810164104465483,-0.11764064934629623,1.2336197084460145,0.05310218759347938,-0.5152292964504952,0.11567863856539821
2.751092660658762,-0.38763405015649127,1.3509903952018587,-0.3024419192619829,-0.7818975404133804,-0.29748487133817575
2.776943844317853,-0.1638707641064155,1.3522139064695098,0.2712227025012039,0.048494301629295467,1.4127623782235763
2.6744057564948807,-0.17658143030176815,1.347914258208906,0.18659806115061403,-0.13830620139797592,0.7421622869102107
2.766869515978797,-0.006176101105799811,1.309611040688712,0.21221583231222654,-0.20241070326034874,0.7180731538761967
2.695325879193796,-0.3314767838444778,1.3686647415513917,-0.1921946537622927,-0.7971096789607965,-0.316443382415183
2.732662406650271,0.08804659323059837,1.2714464605694922,0.23591773738341953,-0.044546334294412473,1.3820730429555415
2.7542811333632233,0.275109138238809,1.171545960279306,-0.24387101189366506,0.036924666208524824,0.9057014466071529
2.8453027884326327,0.44499928196496574,1.1553063612130428,0.19995798176607912,-0.06386937252121158,1.3165919782974298
2.744562785224604,0.29985107629133834,1.195537000372995,-0.12237030756923167,-0.40832813692710784,0.858416717795131
2.7865843153443537,0.7467151391971347,1.1066357486096576,-0.10029682919266397,0.8094574642797503,1.3330014028239208
2.725097836951366,0.37271269892528797,1.1373551747289434,0.2983009219886354,-0.12020003306544702,1.3328724156819265
2.763769848542609,0.4021390094191224,1.157840941693024,-0.19125636629785142,0.579514273895468,0.7595983283847108
2.6782596625523634,-0.2526005679138889,1.294351305122293,0.010145191800049278,-0.4569716030916466,0.1453936148540159
2.826815508853558,0.5957869201520538,1.111063216751216,-0.14741774490405873,0.8368122619048587,1.353918621104015
2.8250107020983295,0.07333896808530924,1.1884025929822426,-0.20694354769160844,-0.02143408951994021,0.1221549776815869
2.8240149342009353,0.17432564405660084,0.9658679842470791,0.18232452669806015,0.01662250769497567,1.30947938011255
2.8098821449318723,0.11583032709956466,0.8715704498670085,-0.004564044744325691,-0.22309043268229373,0.7014443510810116
2.8436929320032562,0.4097351642797013,0.7980015465570871,0.14961309041258372,-0.05853169957005307,1.2981833141850132
2.8425958228464596,0.4308454919063276,0.7661903169955485,0.15318502089891115,-0.02571514386290594,1.2687339432885045
2.9244836908285534,0.07513670120620909,0.8253451781072688,-0.09035722033873662,-0.2583364795752304,0.7399677911147629
2.901877279525302,-0.054635131097766486,0.8795094169461775,-1.0289302985243263,-0.6900262736540039,-0.7990866264094734
3.1899834997722127,0.30075493175724527,1.167211198244972,-1.0344187413783588,-0.2623303622685956,3.116470045282134
3.430906422787112,0.5723704521279575,1.3676620953049026,-1.0510325024832028,-0.16453575355920444,3.1862395114533197
3.1099323418839346,0.3672803200190548,1.1595249348295298,-0.11512067631756955,-0.3912315067114128,-0.0619124665087959
3.1318849120791175,0.5160659233559335,1.1542225136045818,0.10352009228055452,-0.14403939055671658,0.509123615950058
3.1525368553421576,-0.21491475092610574,1.333831164947088,-0.5837227214015855,-1.0426434473743869,-0.9200262516631749
3.097841251218059,0.2875455019510023,1.1965454980749861,-0.16564139658162316,-0.47769008723986717,0.10155633166986201
3.0288385483139106,0.6026543116748895,1.0147330406363342,-0.2863656021167621,0.13987330305406703,-0.05763682220327641
3.5771189477075356,0.6613734190368438,1.372567180986864,-1.0980975352837168,-0.08870420664198289,3.127804755457249
3.373099307199096,0.9741917253396226,1.143860317277235,-0.8374542565721569,0.26548347334373346,4.241248974709989
3.302624370046912,0.9906066772066775,1.0199752112287215,-1.0269990991058402,0.6100538274295403,4.319862543900602
2.919353737620089,0.5371663227268796,0.7544623484116819,-0.04941618851210295,-0.06764003744320177,1.3104333361031824
3.2256887799396328,0.2389850008187289,1.1746902444251115,-1.605648757386858,-0.6536450851057701,2.8008577395997607
2.848299959184185,0.42444455017314087,0.7729254609640868,-0.03565125882468951,-0.04136583263433123,1.3073233392575725
3.199706117710937,1.3136175446409362,1.101478815588602,-1.085962855625996,1.1245598811973205,4.277131404601404
3.2880260708898756,1.4179255655420515,1.3523640046531613,-0.7642006200602877,0.2699957863024235,4.304756708910026
3.0481623988069004,1.479578193032462,1.060870286514713,-0.226038541678214,0.9011034614717887,1.128977728686204
3.6240120020210034,1.6718691823205662,1.5339855971849732,-1.1723527514513126,1.1497517894856175,4.505839334217868
3.6793852646971654,1.829585515680318,1.5668339513556653,-1.2385935612422796,1.1206703848515116,4.4888521694751455
3.543154360423746,1.909047006855403,1.359765449491046,-1.0031078431306033,0.15731429236696481,4.441105858000598
3.4394761798443345,1.8179965018822821,1.3967207053258626,-1.6107612427356262,0.05906277659509169,3.392046174201301
3.598201919570718,2.1897745865263007,1.3601794234352427,-1.157530950487219,0.6228032850705674,4.427516120445496
3.4477465359594635,1.655584269432121,1.42437707621285,-1.5409070802261604,-0.5967461814954834,2.737860746521014
3.2746065311215378,1.4186073855914751,1.4826238671265661,-1.749734394721534,-0.8962162643662569,2.2809911836766874
3.4881564888015624,2.2060578439259455,1.3901242660306163,-1.3594722749976997,0.8567245764803118,3.76087015633943
3.4380829858515205,1.9025252652310236,1.391792948224821,-1.6370509735611276,-0.46883695597454234,3.498896166613387
3.4559105818873768,1.8633856899875851,1.2635967240047379,-1.7930130205517536,-0.06134035457802242,3.396689668609428
3.248541957565686,1.1894258661353447,1.0835858639219087,-1.8509382639217613,-1.0699869312111865,2.1131560786098
3.2726371124995457,1.7644964985101654,0.9892296361963913,-1.0237210021512413,-0.0038622076971176794,4.187011147560923
3.179241054893037,1.4769589751705898,0.9696708741827011,-1.7876292144579677,-0.965499226941068,2.746199071362164
3.0897105974348036,2.0639489605016674,0.8435737079176631,-1.4376955808851002,0.031196403642378936,3.778442413253443
3.240053537579243,2.725482863825342,0.6419426415819466,-1.7042175137933049,0.4197401741381664,3.669513511070003
3.245896117278891,2.745229783052486,0.6308185262237022,-1.6800058897065964,0.4257534235315122,3.660888046647132
3.4087922978194,2.825242985025908,0.9478918365843236,-1.6253639794577015,0.1252887647196743,3.8852342562018456
3.381365229469985,2.799887589770668,1.0639762245725797,-2.1766573960482227,0.016487180749218698,2.800074454841581
3.4624875889221056,2.95242966467784,1.0446481468686204,-1.6497286656917816,0.579585747262787,3.8718037866980306
3.441860609959744,3.0998458359904695,1.3576666962722834,-1.522062383207887,2.315790967459799,3.2107720080851267
3.4292454075451704,3.064844140530636,1.0698724046927655,-2.042243659580652,0.28275686261216987,3.381623914759525
3.295824311605001,3.3288297787569463,0.9415104605833857,-1.4422066296558151,0.9272237907360639,4.28201412983507
3.4006675970819304,3.2539223539339392,1.0052973519711774,-1.755691845333326,0.6392655849898397,3.8225833314781257
3.31609160680492,3.1371776381162615,0.9250746434716124,-1.7520013238556431,0.5388670195555516,3.0065008459251237
2.8137601484569803,2.946906200583687,0.588694555487111,-1.1197560699804598,0.046654313650333755,-0.06496579610932952
2.7719468330505155,2.750342729396586,0.6199910472947929,-1.13693491980727,-0.2128250980765262,-0.6627346607376882
2.903920365555832,2.375621795387314,0.6912489569119472,-1.1495642781424031,-0.22737850531447992,-0.5685402262640352
3.0210756868204807,2.3241030899109436,0.7027985075696156,-1.028457488679119,-0.1413659197709333,-0.7200060069123342
3.375047729695998,2.632679687549927,1.0706626345540085,-2.1308431141737736,0.0007886362377089927,2.8391462207071156
3.09496597117917,2.724561004645618,1.0461107723137173,-1.589998398143502,2.2461728733764055,3.18437316633155
2.511181649562282,2.2753099856641805,0.63453285976542,-0.9814801501823002,1.5715756030488301,-0.34760198891726185
2.6058780532588544,2.4062107929530363,0.6077172383728591,-1.0312528733382889,1.511063612313958,-0.3593232406833467
2.968179649123569,2.6851112101696186,0.9008656064212028,-1.9052285780445404,1.798378252764378,2.631295557311627
2.6433081593288983,2.6729845491194877,0.554814065140383,-1.0908441038152996,1.597398626645832,-0.45299341751653405
2.501804246528596,2.6775001594695267,0.507395853827278,-1.19820000374519,1.3909046947551502,-1.0950388049504076
3.2071210529405234,3.009539193112642,0.7154004954006987,-2.2309763539114527,-0.2564959507729999,1.9883852028867224
3.0248912579581857,3.278719570202607,0.473022172494612,-0.6169002816322878,0.1820153035233288,-0.43153702099081
3.0594369651105113,3.090200131528465,0.44018542179479825,-0.8696576463172446,-1.2270751976706362,-0.7631138185355837
3.2577250166488687,3.0918272461056118,0.7191341367177818,-1.980713178329148,-1.1638406851240044,2.0037390436682014
3.027348607001734,3.0808109154204613,0.46787390871137835,-1.0777717577582147,-0.9677497476844319,-1.3679163137296868
3.1820614070867403,3.162646154225759,0.5176828658020708,-1.2610510334510205,-0.49827649485546815,-1.3715840595596132
3.507998572153985,3.6744118146689067,0.7535717932212317,-2.2209007015714963,-0.27098393638661283,1.9812570752304903
3.5683672000616653,3.6839720327468766,0.7548886010872781,-1.9848086591616139,0.06735450307015012,2.4638224226266914
3.465879045169717,3.501453640750342,0.842704953379991,-2.4023278039898806,-0.3006396676849504,2.013537736077051
3.445806036619394,4.181340194438892,0.7253056108317496,-1.6927425135304135,0.5506689111418128,3.4915336352304482
3.266158213555177,4.005134680224259,0.6166697840918195,-1.8563183346579508,0.36736659868986693,2.894405074162775
3.3067983326602532,4.041496320872475,0.565940666211142,-2.036753838832382,0.296496166357086,3.0376157665465517
3.246198205914815,3.883397823570062,0.4313597255571704,-2.415714569767364,-0.30805234478851934,1.9444393609146269
2.662815848973349,3.5275543164394954,-0.085523816042083,-1.1011851852716383,-0.0654910059577624,-0.23019387280629533
2.921135811078429,3.402004527788784,0.20072377862968088,-1.8890085863069868,-0.5762537859449058,2.2345713757463472
2.6873287236176124,3.4296736406491894,-0.052057428608152954,-2.2635490468441573,-0.3901636172889392,2.3319202613176593
2.248716697657906,2.52180789502288,-0.599399762131277,-1.6101489407462213,-0.847854331345374,-0.9539295462725179
2.2818851255174146,3.089645055626062,-0.7863710779296983,-0.793532708139523,0.2565160172012497,1.1421671552947112
2.1406388872294935,2.3513978134944233,-0.6064838047580735,-1.6185865111070392,-0.8175415810023693,-0.9297974600184417
2.410317136723009,3.192590998349062,-0.5568228011204955,-0.7043189254513309,0.30704694118981457,1.0839652194302223
2.3303078429572825,3.0339810290458007,-0.38465292579060323,-1.6402908102197762,-0.7374318886736652,-1.1399171561024897
2.2032284702139044,2.8211217147568926,-0.42860594079077935,-1.54767948403389,-1.176367225079363,-1.141157518764883
2.239195111513722,3.0968754367620055,-0.46871777876815657,-1.4640439865134085,-0.5223961637138667,-0.5225613389882017
2.2670877232116777,3.0293660947731267,-0.3834449757187466,-1.5720205989445015,-0.728591352986199,-1.1554965696351296
2.4054116822038303,3.304085412305918,-0.41392221846439503,-1.3661132271598477,-0.32971362882169925,0.0974216085649229
2.361272472567403,3.20443579862254,-0.39354960846553333,-1.5066975413919237,-0.5274743906914378,-0.5411849071490475
2.6827666644653805,3.277344301230094,-0.0921129721041338,-2.478379519861421,-0.5020000928762357,1.862589132258186
2.3551844266049655,3.546482688864826,-0.4634577374614708,-1.0959090244736207,0.038499401581047754,0.5103849415741416
2.423950300590018,3.2934353971377757,-0.4160998502346965,-0.95237343442864,-0.07603376855035214,-0.24856025198764528
2.577805046488703,3.7329195988917485,-0.16610891586126694,-1.9558796222677626,0.20067198245744172,3.5627377236367903
2.1839235835520197,3.344748734216832,-0.3736948136547404,-1.4521496721273495,-0.4078773881412352,0.13594064675326273
2.248367960052992,2.8648075662082477,-0.41359707294371584,-1.697833062204963,-0.870504917209298,-1.0505940019689493
2.2038193477530066,2.563635613244366,-0.49244718562688,-1.6566685062168651,-0.8587529323424884,-0.9674831333686192
2.1178793891977357,2.8771817465316154,-0.883979402053828,-0.8195434902752055,0.1824339699868215,1.2578807355922612
2.081840179763448,2.8849745348631157,-0.9062158428501207,-1.3905761252203712,-0.5167439657280937,0.3035737620448824
2.4286128185900653,2.992923771494866,-0.7257926281683996,-1.7821605867704913,-0.06641391274201601,2.6111456585253943
2.302499409657373,3.0050364034894366,-0.721192774125146,-1.9587170103160667,-0.20658392229311273,2.792724494749375
2.0503431462133386,3.0356625131340556,-0.907786094334383,-1.1095659156641362,-0.19432191446245728,0.7487004808263809
2.135697021845659,3.352089828893794,-0.8422144739365066,-0.8252015762949887,0.1494952832059469,1.156961380290138
2.610395534794701,3.2109197549593267,-0.2560089133798232,-2.3765767942372675,-0.44669371578173606,2.418908115593713
2.2913744565732,2.8489603273384985,-0.5034579574926658,-1.735375964955061,-0.8623963409698872,-1.0307421107938723
2.614995520390973,3.621257499451638,-0.4861808126246119,-1.6742116509572296,0.4449639828048871,3.9390699277847268
2.181761179127414,2.7806439410827206,-0.7496051698746337,-1.7738273657480346,-0.7986884529555873,-1.0333316292464796
2.2700441430533167,3.2396280542375804,-0.8248901030729837,-1.0539287161902882,0.11665880090426622,0.4410772145742593
2.188382746319518,3.29402994218442,-0.5931183785698642,-1.288874310815572,-0.19958111694379538,-0.058639041890197946
2.5310685396530546,3.236494981442825,-0.2124535060548705,-2.4331120197287075,-0.521685361505772,1.684980946219712
2.2220169773618292,3.31596597745735,-0.5403861785182764,-1.2757218221456452,-0.21856055577146288,-0.06648537377630719
2.2402084982109427,3.6326713072388195,-0.6011546830295345,-0.8908220407583715,0.2881852480024759,1.0277005352609978
2.309356384632213,3.368676631763391,-0.5651484955537168,-0.9779658578850207,0.0728283838801222,0.4089429399353896
2.8888551742128854,3.155773770414805,-0.1614183771528434,-1.6268184071645544,0.5140431690850981,4.167981493103584
2.8671429013265053,2.562916236860757,0.006092298403906051,-1.7476237710590934,-0.26790304396592984,3.787798833513113
2.4585653894502943,2.4056411384426686,-0.26401474165012007,-0.6914526461728219,0.32911100997912696,1.270722750843898
2.324301989899567,2.2819371010235994,-0.46815244711399673,-0.6869320760116406,0.22246180519289518,1.378078730211334
2.1954171452553366,2.2112503136193986,-0.565166992232548,-0.7184968480905681,0.18265063760438613,1.396414385347482
2.121793524172492,2.0682058364276275,-0.5290393959473464,-0.4180201816447778,-0.6846424996600409,1.3364759424902883
2.213525536287915,2.3973222913003083,-0.5348961615579128,-0.705208061837013,0.22835908980397726,1.324452509801664
2.193197487916247,2.633444144071098,-0.6250862693904398,-0.6560957966975528,0.20583519764919678,1.2713343190583943
2.274388927520605,2.4015695459064705,-0.6767759376787047,-0.31139078311496327,-0.723412194776456,1.2424036587291991
2.526022333918189,2.6576369963975597,-0.3691212153804039,-1.4147867859631265,-0.597037375678303,-0.403748694803071
2.6046423796022395,2.9798078578372817,-0.43139525559185943,-0.9999079905436722,-0.049045440513755145,0.6590199256333309
2.51107906557994,2.7743925007832937,-0.4352707146821366,-1.1629219009283949,-0.875586540138835,0.19300367705487415
2.843283343954823,3.035235610634149,-0.09170704320154047,-2.075261955682525,-0.22176633456911315,3.061869369352394
2.478846520650012,2.4989605121374177,-0.3370470505399864,-1.5791124015985831,-0.8432886070453962,-0.9999085057226629
2.5124804630835906,2.9842836619617077,-0.4475487813854616,-1.0570483013165979,-0.0472703845909922,0.6583273454685676
2.9953311361208526,3.092124120269731,-0.06181094162852154,-2.1291961988982497,-0.16089479580129906,2.9827026082172687
3.057540877769012,2.9560358704768674,0.04454407672286138,-2.1946228351058137,-0.3612547811486411,2.3345055221078184
3.1984223270093968,3.1793497568452174,0.05651493699482419,-1.8871774487462594,-0.07207497289408914,2.747193066926419
3.162534640066063,2.803423888755268,0.08460542143935595,-2.1314730220737035,-1.0746310831587549,1.6565324457147343
2.9101906346451485,3.134470463747444,-0.2292343668862531,-1.2523841332809886,-0.40752977623276326,0.04415654074877539
3.2899914653209827,3.2834170069408377,0.05201716294839449,-1.333810390505694,-0.17735619648646467,3.116205272069388
3.214636577468426,3.438593304923164,0.08204395802781322,-2.002137367976569,-0.15392806779371954,2.8275391632320535
3.13104233503648,2.8329464497266796,-0.12362326645096924,-1.294097278980073,-0.8628721473766249,2.562553109056482
2.611528995369428,2.5220097872643086,-0.5362542976626142,-0.9754128698153498,-1.4545854204139053,0.18180871027729317
2.968865446896302,2.505380530440731,-0.2101154338828777,-1.6424746949865527,-1.2081146958256594,2.8484390715909087
2.6013995829585954,2.3099325007523075,-0.47793289985307574,-0.9254476176683005,-1.435284654621731,0.23806104142606843
2.9933902685681244,2.790377984656662,-0.22449269291419216,-1.6121365375573626,-1.233846214688701,2.758080060942476
2.858777529063617,2.427525140410577,-0.30829955697017464,-2.013197055647388,-1.6680367769442055,1.6037908436273762
3.135274210531789,3.6688634146768915,-0.19654606350493084,-1.4358769025553977,0.48040154652406436,3.7712944237499917
3.113300478380401,2.989765029947702,0.1148848618041875,-2.101207415306746,-1.0063120478821375,1.5850919317960925
2.9951917323939847,3.45277563124011,-0.19828468678959432,-2.335005328017507,-0.6520120032115866,1.6136963251336656
3.057252596204711,4.154822082177044,-0.3967580097711497,-2.1575929603548256,-0.28606690041576976,2.7681956035996524
2.9798465517043864,3.5146607636122726,-0.15522785792332477,-2.259016442050663,-0.3580984411207478,2.2352563390871403
2.9415255397965363,3.1911252865119395,-0.020393299726506105,-2.0420393099842413,-0.7625363290010335,2.2247042733216196
3.043788130671342,3.813906373825591,-0.08717765162154509,-1.4135747469466544,0.532412626552345,3.7368926594689778
2.9469970637722835,3.8665256001638078,-0.08904769879013993,-1.379641153888396,0.5499061664559677,3.749453270435853
2.6706611328792245,3.517867679407617,-0.2938424645868278,-0.911485206442708,-0.0055328692225437535,0.4411069317137416
3.123098450447589,4.211447401555582,-0.29046217712616995,-1.7417790670397415,0.047917372268360556,3.1931049726963874
3.137361283096011,3.8857160873744196,-0.19742110480655625,-2.2766337354046797,-0.724337975445703,1.4678917802675453
3.52561971545358,3.932615499319826,-0.23857119480749256,-0.9924410970661074,0.9450728347494289,7.929173368625504
3.533658781562309,3.3626130143358863,0.17925894298482886,-1.3327274496025854,0.44997321280062114,3.779730199803963
3.406855497348541,3.1749816147027086,0.19518851083048788,-2.0375601415568214,-0.25397314729726544,2.9086924159938534
3.2570269266625282,2.433793583138572,0.07445072107263967,-1.8737298874906656,-1.3884674551215936,2.404527507154201
2.955181316268656,2.8882788106845574,-0.36994286817574673,-1.5850370452911584,0.41433344919192167,3.7733311732696317
2.7111390927031174,2.4526337161535063,-0.5912300673496151,-0.4163470547095826,-0.7295769389426944,1.0492028657367733
2.6228687778730464,2.81685570206566,-0.6364458347171105,-0.608556316116233,0.14443413182380777,1.063759317366114
2.6504310234781774,2.5673342510106667,-0.4762600410257335,-1.313435514828611,-0.5172388011218673,0.1677555729200872
2.9741520880416505,2.5121959069724165,-0.3259946545941681,-1.4703237315669482,-0.8199384035284563,3.2229143703068837
3.20292843838394,2.637157454072716,0.12793287505022016,-1.8616157635374988,-1.2338283342554384,2.2311992784178925
2.9086402061064383,2.496791957287275,-0.7916566035071856,-0.9361235599022576,-0.3293145706541234,0.4409897585848349
2.80130398168318,2.030406082940126,-2.031025974165555,-0.8398497549971304,-0.16468506172281128,0.936929911083229
2.736458663662761,1.4481019734823228,-1.822091862191722,-1.6177908255372209,-1.0365632891643155,-0.5531612748854701
2.5997946837316905,1.5930061983693493,-1.9070760337517767,-1.2390474743875188,-0.7440692587280945,-0.04793943164617146
2.730933917527931,2.1943162260878526,-1.9062976970411818,-0.937080838047614,0.11256951263895537,1.0048127173807662
2.6581288417955764,1.7891356308286155,-1.7739078341884815,-1.5773897458671249,-0.7878037241769535,-0.4835194583955991
2.5000596262399895,1.7146712884906352,-1.8644795979802884,-1.1137406915400627,-0.9074215882637728,-0.05757359404410925
2.579479341040739,2.2308452867376642,-1.8971475618434015,-1.2572573906271531,-0.25722610646060134,0.5370572949591884
2.6340416332247782,1.9261117785273654,-1.865633771229864,-1.0881777577249725,-0.7322936922595272,0.6158319835078869
2.955675135813677,1.9921345258052297,-1.5807611356995366,-2.0536378131632036,-0.849238428315701,2.5970905235335557
2.669215143279813,2.696871390610515,-1.9738246253679845,-1.080997970579044,0.511171422015444,0.9772143420389241
2.4622998031373244,2.03663332806059,-1.909014274653355,-0.9945430844249413,-0.7726248530907771,0.5617750304041359
2.2757562651855707,1.7925284628881466,-1.9823843623179087,-1.1738911783180288,-0.02666494364048227,-0.08142273003430614
2.320205440541779,1.7875814264500227,-1.9817905641870923,-0.5069220445150902,-0.5078350331546863,1.14785545801306
2.262149618630155,2.1525164037526783,-1.8169622434520765,-0.890971179443936,0.40956719723230867,1.1780872388969859
2.213756015224064,1.8895381620164586,-2.0670083572515003,-0.8654347851248302,-0.352371814582686,0.5451153032922579
2.2211473429731012,1.7221233450733868,-2.072804905424002,-0.7868363871821372,-0.7815415796489729,0.5705540246976961
2.34500549184745,1.7525210183422888,-2.012071147500437,-1.1735763985420224,-0.6749643620782095,0.09345616635525361
2.345477190417483,1.3561331388027447,-2.026748697758439,-1.1820870745585372,-1.331414991490179,-0.5324046721630853
2.4672877022457964,2.5478125867681367,-2.062790487314269,-0.9919378512935341,0.33978771557731485,1.0494176677930644
2.6407488080612063,2.5533753722800188,-1.8727578570858436,-0.8498776593804745,0.04867156257579042,0.927391584714026
2.8741025548767274,2.293504781944037,-1.5480455161433553,-2.052201899911343,-0.8916826187186709,2.510970831360093
2.7257770772369545,2.4614129854499343,-2.0015608158125953,-0.9183102427513397,-0.45367944776562164,0.9402509371174195
2.6457923842648854,2.330597034024666,-2.024811322298402,-1.2237393529454514,-0.12516153225081125,0.3363180314379218
2.7257601677011465,2.949131210596648,-2.0217640531460046,-1.312882902175915,0.4693239179061776,0.9169062313761546
2.984332548461426,3.1433211614433576,-1.7814965331229595,-1.9804142716236912,0.6715177985882618,3.370949162142894
2.7170561820090064,2.9388410975170056,-2.0486193196059532,-1.3381275419356766,0.48939490128529556,0.9147528767776701
2.468421374626874,2.481888355808445,-1.988067294086493,-1.9662524725499777,-0.16484661830502162,0.07267064546670896
2.408078769276966,2.3170584070589393,-2.0490639677166946,-1.8148647301774472,-0.3245604143477081,0.1859385321602715
2.402328680865519,2.1192431245525922,-2.0682283926723195,-1.1552329900099838,-0.8617325918962788,0.6110365630461216
2.4453315408579703,2.3893214183393323,-2.197871853957937,-1.065367883611959,-0.08513939152269089,1.0737828622225916
2.824050971205938,2.792623234146006,-1.9232580378731066,-1.6722533776022892,-0.00173941176826303,3.2870984034123034
2.9092944183825353,3.2838298495087908,-2.0327375006781043,-2.1334179579993413,0.014646377448976218,2.7690645128448095
2.4671960483097557,2.969176264400573,-2.363762494676244,-1.8259588056757323,-0.39558547412137124,0.03991830858231968
2.399661648402064,2.7852787147924554,-2.3627337118558347,-1.923938055586749,-0.621813845691961,-0.5577296099753124
2.362584364596525,2.952766673565536,-2.4082538735845214,-1.8015608589751897,-0.3835872786530493,0.03514853091372147
2.3679110003030517,2.608640252568458,-2.3645783250649974,-1.8041353221565581,-1.0581684323967968,-0.5681494969283534
2.5313722650715076,3.3599773817080405,-2.3003820488288453,-1.2405969836129067,0.3876772079501908,0.8178961873320842
2.5458436978030954,3.239351412770628,-2.225768084713062,-1.6376447179622855,-0.1395968941771212,-0.2833038843333915
2.5858010167763776,3.113138725815651,-2.2584475282972964,-1.979987727681881,-0.43564728939084313,-0.7343060945385345
2.4609985865739077,2.708748882335395,-2.11986033946092,-1.8026641550894729,-1.5393313925122922,-1.3721248893397766
2.559835493154459,3.6673078329717543,-2.321297631928854,-1.3369608043340808,0.4740411153288576,0.7411559523340683
2.525961568322473,3.338727139165988,-2.235855115433222,-1.4414552836645458,-0.33276480137688025,0.30336532627145246
2.6386405301457487,3.6103559444827313,-2.282729198183079,-1.281855240993087,0.4410162686458451,0.7619100567474678
2.7083407456513195,3.3909698318788686,-2.2182938232923,-2.2729612893665663,0.2212989015348604,2.0316667400779194
2.3308239981854015,3.4323787327636457,-2.6510935549874417,-1.3745148476628977,0.3300614545985513,0.9329307556646312
2.2768762162912264,3.301308267190012,-2.826829788680047,-1.3429052314401,0.3144238300096803,0.9560297308004976
2.328267746454284,2.3319248798323526,-2.5089860833670636,-1.1747148458778902,0.36038761700073324,1.1472152543695633
2.4061128258179934,1.2977144963058618,-2.4483428109464103,-1.1141673799382565,-0.9255313856198011,-0.045591955123487474
2.4113943549194823,1.4851929164403448,-2.413788627382896,-0.9387096147988322,-0.721122381454975,0.5516364379573425
2.420522409107405,1.2832438079874753,-2.2622061268787395,-1.4300554189628514,-1.1437974318159285,0.3101052318106407
2.480284039221203,1.6439871296792645,-2.4541246924770426,-0.86517555059794,-0.5177088984918096,1.2169765435286686
2.4355953567247193,1.195878031596747,-2.3888541970310535,-1.5863160684035993,-1.3863585202609567,-0.28614603410379275
2.425523932311316,1.2618535965043625,-2.3106238964968235,-1.87352960495619,-1.1459467409371984,-0.9244065496843824
2.47252853858404,1.6342253182355895,-2.227455644114359,-1.6837357961493362,-1.2815969401364573,-0.457970322410451
2.2821580568287927,1.7548968174802784,-2.4204605801382093,-1.3910493448454884,-0.925167235544081,0.04368429387639163
2.4951203384789986,2.2817383421128756,-2.3196375352109855,-1.0817594443206853,0.007448303338912669,1.097789568337813
2.5665887367086446,1.9995493392457504,-2.009748768440973,-1.2909699229292924,-0.42473998039979505,-0.17583040043173292
2.730358087393354,1.9306905701511472,-1.8882469040515184,-1.5445877273068973,-1.0976158496017363,0.12288323641755691
2.7129246002131113,2.0428436490082387,-2.123404948369398,-1.2608869693601978,-0.8511355030233704,-0.2181428570522531
2.537935305517759,1.8350182037282818,-2.0075643467113182,-2.0001401206950646,-0.9967987911011474,-1.098048869382498
2.458619446881564,2.0478625337027196,-2.1634656911768926,-1.3226981797604278,-0.7442984200847339,0.5972599280533428
2.247949284658095,1.9970239687315792,-2.2732278008681073,-1.4540854156146705,-0.6364504832328214,0.07333697090599695
2.617177046321505,2.637806469992082,-2.4317704871147003,-1.4173621568438606,-0.20055799530348697,-0.22307027470183932
2.4285536142065527,2.180311524503996,-2.472264866780381,-1.679828283161085,-1.5194517904040752,-0.4808309883309335
2.4862966361224257,2.0401640932154557,-2.2529093725195835,-1.6674030248158014,-1.5230948368234158,-0.46185007946872625
2.853978566050817,2.7935142575119287,-2.219772959597832,-1.5082114019898496,-0.5012255487309828,3.2543709513135015
2.3917259593301146,2.36610169017832,-2.4029681572407666,-1.1883527060056802,-0.9460119830735412,0.5788823295972986
2.3326778322999795,2.5214505388986153,-2.4547219659808843,-0.80754179753355,-0.5876670669521304,0.9880386299520728
2.2625246149798928,2.1755001008956505,-2.4522015584363923,-1.5478588944810572,-1.546867049448781,-0.47880957919960865
2.346103033319783,1.946215635312234,-2.307086969487283,-1.7387211741134097,-1.6276986912197555,-1.1555417259138734
2.45448485328116,2.8973813491005536,-2.2949216594847934,-1.6709031843970745,-0.7885857865411784,-0.035568514239540626
2.8597668928962086,2.7870233314700656,-2.1409840518033483,-1.1306328078118204,-0.8249983761230346,0.3551955540667148
2.756937380823862,3.2227752768823383,-2.302634740444356,-1.472166817840247,0.055815538636622905,0.3262147078667625
2.6281502949944393,3.0097166745099533,-2.225426644252522,-1.6922196536783238,-0.265366142479624,-0.07245229150834728
2.7038379353100708,2.537032402477889,-2.0437822087726127,-1.9434117130237138,-0.7048848459015601,-1.333375714332336
2.7257097938209833,2.359686151744946,-2.051244295109609,-1.5051659071623178,-1.4107391375192617,-0.653084995901336
2.5251554704451373,2.7149662246110093,-2.1495678247107404,-1.692442358585921,-0.26475937489686946,0.00442300824869239
2.4358410745021533,2.726339351387947,-2.3665985457712644,-1.175668044877665,0.19341272256924516,0.28669503352711306
2.378040599840409,2.354713720566951,-2.380909745263997,-0.7905688676625088,-0.8206266425182153,0.35897392076005435
2.3093693068087386,2.8971363188840926,-2.4550399618879544,-0.8852131096544976,0.3202419690970558,0.9463915997063287
2.3000452111914527,2.5586492419874953,-2.4148812754745186,-1.1030354669484324,-0.47903472106317424,0.5168065866693874
2.3242190419529187,2.5841551632221247,-2.415614243027518,-1.1615788766966073,0.17142521944254555,0.3673580433980202
2.416041501711259,2.6464521913088612,-2.2288129342262875,-1.3323224328007062,0.051067214696926364,0.4564340709156406
2.4781031887945186,2.655298753155214,-2.375796477796168,-0.6686214621366146,-0.6151059371811435,0.8846306175991092
2.386490733346386,2.601902115144884,-2.3574328486806073,-1.1221628491703255,0.19825596286835026,0.3413388682205168
2.350772188813276,2.8108468948051093,-2.3445032492554674,-0.9628918651518097,0.4205799422405294,0.9351439618866121
2.528054147896027,3.162760868582234,-2.346580576892322,-1.2033416521745193,0.2192526199414769,0.16272583146181377
2.5571613915371394,3.657768226709568,-2.2999674217604476,-1.107561934881734,0.4855297048013877,0.6958674884669243
2.5496399660742064,3.33680596896343,-2.2622994941142482,-1.7664739137628769,-0.172739353202805,-0.2105885949981641
2.315130290744566,2.975862844143041,-2.140355705209585,-2.0494055053843754,-0.629753434801625,-1.4410809162818217
1.516328908025157,2.658258323939811,-2.115229946507638,-1.988860125436907,-0.17939089639620942,-0.6518586423857655
1.8406967536745211,2.2931245619703726,-2.0148461334027594,-1.8081401362486493,-0.8998726596295127,-1.2504878584983483
1.6328191017894105,2.273931736904699,-1.9443983161720244,-1.9419022893741562,-0.8058622306132389,-1.2537557697885535
1.6169437161360816,2.718996942620229,-1.9969528251700976,-1.9705759883954133,-0.17987231359936112,-0.6520310326718164
1.5164657575877514,2.0509179627298666,-2.0003806776883852,-1.985171541226201,-0.8099790811382057,-1.1987869894204284
1.4376964096284643,2.4757519229538567,-2.155009981221866,-1.7272074508601187,-0.04339562146611331,0.09959486030959111
1.3077889755442407,2.598115920619122,-2.302838097862133,-1.2145037245529382,0.39405752252700216,0.4863768214381563
1.3034512403212395,2.3126819724598504,-2.1652331141798946,-1.8444538742001122,-0.2520386144767287,-0.5088364728022943
1.3347126144045098,2.404480550826879,-2.2968929501464026,-1.4165493986103708,0.22094274121662005,-0.24313590172915395
1.3740024221209146,2.387723103170967,-2.2549623308578024,-2.033203797633247,-0.47524829379237876,-1.1909367260756476
1.1835684840712102,2.6170484234237628,-2.3483273494941117,-1.6088619188752065,0.17603421284770016,-0.020061826776314875
1.1034896964954988,2.2901128056161313,-2.434775300899134,-1.953365099304642,-0.1396951357845562,-0.48948859570747927
0.9455921223852062,2.137239470731475,-2.362210977341231,-1.9570506491119943,-0.3767369867009043,-1.0989248290622753
1.1984789983087993,2.451030339783622,-2.2843398684706333,-1.7156386633070013,0.11495912627233762,-0.7281821316187803
1.5982093697653175,2.6078723008070286,-2.3913455679692857,-1.8270222957263267,0.07894525266977387,-0.007684644344992116
2.2526520939670434,3.3101109163524063,-2.596534969875808,-1.5064325803891692,0.24461183516497406,0.24764787914799238
2.50648855436443,3.5379992980744137,-2.5292355146230485,-1.2036523769053513,0.5720698390611597,0.6877814252465857
2.3852615666390933,3.242047041153931,-2.249683424642351,-1.8471567639359416,-0.347542966248379,-0.8287650792811251
2.3728706870544163,2.9168573103819395,-2.49319646265842,-1.9275992754752431,-1.1612771768894274,-1.4420298174157729
2.428916327761314,3.2102201426699075,-2.389843267842664,-1.541636470011829,-0.060166041594236455,-0.33111685384379413
2.4438906936518268,3.514399682271487,-2.7358884403834867,-1.8039757897475204,-0.3506173427331437,-0.22746474198361227
2.4311809961179613,3.7650974157044304,-2.840207553099271,-1.658498483078351,-0.18119797305741683,-0.4075010868425675
2.346077325863329,3.9097072975733833,-3.0559492301659263,-1.3534586441347232,0.23655342021365952,0.7538844697661405
2.201237472415015,3.436635729437519,-2.984914569023261,-1.777250897406223,-0.5108656296596268,-0.9380763321837846
2.238817856107584,3.4999585913733156,-3.1255559028821747,-1.716928123496792,-0.3262861745949689,-0.27032265233648234
2.0736171662179506,3.435293534679593,-3.053735739431677,-1.6567455416344747,-0.237692316995499,-0.2688000906600249
2.218674810558269,3.3864145108844865,-2.99717158786981,-1.4775092634059046,-0.1295559241426915,-0.4396408637084622
2.195417869255265,3.5547823884242646,-2.851676055504934,-1.9002137215084978,-0.3978410129561276,-0.08967272732259664
2.353206844065521,3.651238152579056,-2.890262852014681,-1.869183541601944,-0.4772394792101177,-0.08334785842418663
2.2879215573350153,3.663272337293568,-2.9362572574813877,-1.7881822302244783,-0.2989938010343578,-0.305670398549662
2.350213450671465,4.118403203502866,-2.7534891230307568,-1.4572920076656681,0.1672224602681097,-0.028936328991896708
2.646717016558417,4.32852138470245,-2.4579118010286756,-2.105937508164503,0.3361556596108044,2.420527931073093
2.600431763208466,4.152597137081871,-2.484136252388263,-2.2044805530142675,0.13388833065689462,1.7950136695384846
2.3700678817865013,3.972536531087253,-2.719784186661057,-1.6033139079379208,-0.05887215730863284,-0.643529953078009
2.344295875503295,3.9729574398939023,-2.6985759943731793,-1.564873249015189,-0.08193825773706022,-0.6433200812503829
2.448301536507007,3.8945183984586857,-2.6426857615147834,-1.8175716243318667,-0.4219664005233569,-1.0408322766672145
2.266160000047407,3.578546035724373,-2.639189059801493,-1.9832627733341566,-1.1696432794511447,-1.548558346875614
2.460116719924903,4.261286078520702,-2.68748483503407,-1.7205572287011133,-0.14883934062126383,-0.4949806136545639
2.4756571299032837,3.2676602490820335,-2.4533051880879153,-1.7648092115175487,-0.2717952477495936,-0.19743141121502086
2.4872720687812695,3.0061545716132017,-2.536445941080728,-1.4155064680097986,-0.8001552237127276,-0.13156847000378089
2.282756557946276,2.2992197677873736,-2.358802554880311,-1.508988388933797,-1.719296349559015,-1.2838524029972256
2.6098530421571273,2.8637606637422284,-2.253806978589408,-1.3833316506191629,-0.6826961861327737,2.479073564937195
2.4110816053246436,2.2056944535190253,-2.465816041411604,-1.6775849928797535,-1.7148083942233707,-1.258136282458422
2.4139777727863243,2.74508743516226,-2.4387065435262527,-1.495175562768847,-0.8702159391925497,-0.03989223983779263
2.4225425365997983,2.327028060900385,-2.411299098729752,-1.2442335687766426,-1.4516079263771509,-0.8196042045007439
2.3972648271382857,2.4365401076902815,-2.5549627696497366,-0.9375141624113115,-1.0933640953800532,-0.3553410150531031
2.4450111745386574,2.8081897947647736,-2.5234571621075723,-0.6622480513543557,-0.6822504314825838,0.8760945527950235
2.5096631655390653,2.537282417155416,-2.242890960407751,-1.752772572488412,-1.154421924122585,-1.3751860539830603
2.553119550334247,2.6884334057267893,-2.296115124173404,-1.6564326942254466,-0.9146014297546495,-0.7696889454089064
2.614248019983216,2.6945359610479884,-2.353290415223678,-1.4684632367201125,-1.1288865507806145,-0.15780671390405585
2.5179956405862143,2.540566930243704,-2.2637732453104276,-1.463532220336083,-1.3473468353234006,-0.7940349595372156
2.68870133479347,2.715676843705639,-2.2746797069574445,-1.3838079395622431,-1.1572863702174192,-0.1382115173804428
2.6254239879242873,3.0595670024582304,-2.5143324560067306,-1.0724649741582069,-0.032389553177994204,0.7517509617616666
2.5815452830499623,2.6458629066855917,-2.330634532324342,-1.3206338530158528,-1.0274938224608245,-0.3192708009571151
2.732328965569054,3.0848106327899325,-2.3039376381161403,-1.224571374107026,-0.3554738865654467,0.3067931701921694
2.6265537242293484,2.830050271864997,-2.374911052058362,-1.0817972382204064,-0.815760730632492,0.3091962458575536
2.471440370602968,3.1287410555635042,-2.516493773747442,-1.3804677937834655,0.015072753074630392,0.3791753145584759
2.3352018024123664,2.6999915763812745,-2.786370549328592,-0.9422199258772425,-0.14432199723631092,1.000483472651515
2.3886891804841808,3.0971462895531845,-2.8227247124840407,-1.2220584564511456,0.24300591345042175,0.9197424883288107
2.187414000286677,2.7259827229869398,-2.7276346646679497,-1.3895592586641936,-0.795806088049206,-0.04464716634259077
2.29962457720458,2.9099480560666144,-2.877875871510817,-0.6588211575700852,-0.634133269079528,0.8120800956997913
2.2362182654479037,2.823839328785229,-2.7889964083939924,-0.49358591558579507,-0.5369328697478151,0.8347736671498174
2.3060016310153446,2.87545403499544,-2.684502440388433,-0.9328650833507355,-0.4512316069526682,0.382819725462005
2.2499234026177324,2.664568450540985,-2.643766536050052,-0.7774963629835254,-0.9363431617640987,0.4038893957457806
2.309714270950454,2.600753426882346,-2.5408644704334584,-1.2466252083522844,-1.2054079552591925,-0.08715299907147286
2.3957752989690695,2.90296290600773,-2.4272777077377787,-1.469946163273516,-0.6400311907419806,-0.1762636599504706
2.5434533439836517,3.503076740963831,-2.608656602073492,-1.0782331509736494,0.41713872934183005,0.7066212263952555
2.575835313859178,3.2028260791229344,-2.5007875942493514,-0.9554952471956937,-0.8545109023787586,0.25447579215365806
2.3859634918674715,3.616849451610505,-2.660819517489215,-1.0123006059272215,0.16680806744461704,0.02809852933395269
2.387355206921609,3.433780921746774,-2.4723108200735058,-1.4901177189827697,-0.5050396819359725,-0.8551900408611488
2.575181535002791,3.2347206504310577,-2.3574836745696635,-1.6537680100466443,-0.757228002223419,-1.4780872686406736
2.465659662139206,3.1197646295621033,-2.4363620956785255,-1.5834167025201136,-0.19072407203158828,-0.17826948404638085
2.600626199357615,2.9363874550880356,-2.421644713669352,-1.9321011904047316,-0.6707155505181613,-1.4169201920019807
2.632588270662333,3.509956867773908,-2.565351752213867,-1.8923580857071423,-0.6305738360507873,-0.8241715688154724
2.4519311140677793,3.2437817303349754,-2.6272784316168667,-1.8125888852455976,-0.6604358994399606,-0.7465112569262743
2.0720068714670714,2.9929824137450316,-2.6969712156924293,-1.4304092905130905,-0.3020321227086371,-0.08702590388348788
2.045622564561362,3.0902275933861323,-2.7756143374827915,-0.9873731309672351,-0.012536473314658474,0.3898501012587324
2.3184047656173288,2.6365462764256438,-2.6271708624021826,-1.3289031428832194,-1.2327072449802559,-0.011369366923313837
2.348558970338667,2.6782952294453675,-2.647821676289346,-2.019232420388045,-0.7632042815815462,-1.235722375483292
2.395905321039682,3.4739387611450177,-3.028426413778951,-1.691269434393394,-0.34141446160294364,-0.3056909905139891
2.0947483329224217,3.009156074057691,-2.8763773262190444,-1.6558434684719745,-0.3790372683126379,-0.891355804642164
2.0693045101280814,2.99188081831918,-2.819528919605115,-1.8970639495162551,-0.7400228561805211,-1.3581880402631956
2.2787870824234053,3.6855431468144264,-2.858937134340493,-1.7200543028671222,-0.3150721846812511,-0.2607115750029222
2.3004676408476623,3.360728819021478,-2.785194698280557,-2.027056719759871,-0.7516334798059009,-1.482579523385307
2.394509677001746,3.367194112045924,-2.722072112637838,-1.744578061520285,-1.008820565287182,-0.8866148979372925
2.3271969493575013,3.348550826926867,-2.734647830836281,-1.8674964977499393,-1.214924255973195,-1.5165756211641441
2.3295863673078108,3.7593980582236286,-2.658440108400895,-1.8737460220211155,-0.531491579755664,-0.9381282734370319
2.367624723230691,4.048266227774106,-2.822272281069859,-1.4889020095668173,0.04378824145360958,0.11269844404917978
2.4442254002495987,3.931175224424113,-2.8144024440369857,-1.8348263480689637,-0.30523555565548477,-0.28091027679229724
2.2218954002078517,3.3897889097753486,-2.7996941550458305,-1.8660498875210605,-1.1752588370281862,-1.5518481498922996
2.1905675245166147,3.678737334919086,-2.867007962374128,-1.8752012409930148,-0.5535257840486334,-0.9002783849524544
2.212532686178167,3.5008803695089012,-2.8172724230359774,-1.574606333776448,-0.43052026833097,-1.0495462102691224
2.1041693598394886,3.642041368174853,-2.8332481475397593,-1.255173403633523,-0.07135505255890597,0.285856878086458
2.0366050478259017,3.4246424255261054,-2.8744679480405266,-1.4165229872879024,-0.5231690880492502,-0.9931649476431879
1.9560654415720673,3.449011016832808,-2.898023427064372,-1.480685482381357,-0.6120773607682058,-0.8665012123096237
2.0880088186908994,3.6296380929611067,-2.895545852145813,-1.491596205641855,-0.44412207147290117,-0.21465652488884496
2.0576428304375485,3.4300232418774037,-2.8762547820510997,-1.429125295509443,-0.5429614220754828,-0.9903188767906845
2.16314428642408,3.6357360220783255,-2.860888042908949,-1.4654950478279754,-0.46036768930779937,-0.19544183931788883
2.051151824207919,3.4119356245504466,-2.794044636026313,-1.3649142640811591,-0.4191104356149197,-0.17671916016199374
2.129996083399977,3.4840394458687958,-2.624832547436154,-1.537413104684499,-0.46714350394360793,-0.8781102118922397
2.169290263792072,3.1950254719867446,-2.4996852919817956,-1.5589546096147626,-1.1109252729670234,-1.5128294077734339
2.378800805074068,4.074939950562606,-2.633175455290712,-1.277866730179613,0.029180150725609852,0.04356779649500671
2.2694345287237265,3.470631763617039,-2.500344580428869,-1.7043176650873062,-0.7262262213249351,-1.6065350446402467
2.218093509244897,3.348607149677767,-2.4152208192924456,-1.6292273170200164,-0.6640292511639234,-1.6022382987605592
2.229191272655819,3.6844214544847316,-2.4896617901455182,-1.530711218940146,-0.24000126467972518,-0.33372011123541884
2.4022011236370306,3.245283940789069,-2.505609764102113,-1.6286828057356766,-1.6477044869074833,-1.608508944021872
2.353149392490591,3.789646388193763,-2.5590236383618974,-1.5886388086566607,-0.2928020099021058,-0.3377343744236206
2.5288055310874267,4.02289741335102,-2.6557435916418615,-1.273439535255025,0.08538633539503714,-0.048317194523025055
2.438376104362119,3.8537697211260236,-2.715102177096667,-1.4816425763907202,-0.07327591453290029,0.2099364513347679
2.127703251529834,3.3808906374925733,-2.6675722989605055,-1.5620242768247434,-0.5845054391271786,-0.862055449715421
2.163246317661534,3.7001552414448584,-2.7754889902277546,-1.4653515668034367,-0.44678151700016844,-0.24017847078569018
2.3489775447879917,3.953870718482875,-2.8303201024127325,-1.0571973489031548,0.16485136755611615,0.7153324203628044
2.348640435956146,3.690729863098287,-2.7497088168486483,-1.7072012622696122,-0.49667693430216986,-0.17155784939337962
2.3204343648333987,3.6348549306595053,-2.846543406212705,-1.9037223314132767,-0.7030958175179253,-0.8102153958922454
2.200301963844643,3.4765449321097197,-2.7436010429665587,-1.5708127672226524,-0.46260885965826387,-0.15515736790659349
2.263492176601085,3.261259803375232,-2.730443406634018,-1.8762704551417495,-0.9394707343275013,-1.3928784307553777
2.3316099611939247,3.365761211904357,-2.6418366453779565,-1.8889150569753492,-0.7777372270932892,-1.5250171284763914
2.372714512935924,3.7044846132725517,-2.59103560883426,-1.722678198090768,-0.404389598961771,-0.2745926551223648
2.327235239581893,3.289351420025437,-2.380420629726799,-1.770727165079716,-0.7376845043124409,-1.538597432548744
2.4751274495124718,3.3698675740803385,-2.3640431721307515,-1.4979026173633696,-0.8177962107100565,-0.25103469048800475
2.4767100347594235,3.856552704130796,-2.5954366425085835,-1.0811529244600226,0.33695004177016474,0.6329543678688048
2.544579642890839,3.735813242291047,-2.6093343813292917,-1.7843005629755828,-0.3608347607938722,-0.27062732171783654
2.4586431543856224,3.586761791894563,-2.569117480295688,-1.9293738706532035,-0.5771571822951945,-0.8785538487651305
2.577011084415089,3.465092675186555,-2.5187295340202076,-1.7339142247514945,-1.0420343393109415,-0.831408283617165
2.4525534216204123,3.6705767003454124,-2.712931497517587,-1.6800618650123578,-0.23951614142699054,-0.42581837922246624
2.302855453766831,3.5089156361781564,-2.7196289843130743,-1.7784172718281428,-0.38546984511370974,-0.19308822519047808
2.238793368446364,2.9820313325565393,-2.6177671852525326,-1.7658674914498373,-0.6474933755047441,-0.6950705086672399
2.2313570460898147,3.113447111730952,-2.6617215858912617,-1.4006217299588994,-0.2926362176754865,-0.26043970848306114
2.1040103756443145,3.282350756727819,-2.613643172214849,-0.8749366043500791,0.2682145711249081,0.81942220185988
1.9841684121093703,3.1513933460066084,-2.581185204097879,-1.0300845197041733,-0.015372442839410432,0.30672933791583173
1.9412087453170601,2.7133098496491614,-2.4011934072062204,-1.549780178203234,-0.7920217672941412,-1.3541807126672734
1.9187636075308434,2.708549900329567,-2.4301612986884815,-1.6181524032815078,-0.7936428687539343,-1.3364819247219977
1.8609312299429044,3.072405673944178,-2.5135296840669357,-1.3684043876571854,-0.3410667860844389,-0.1387266086361045
2.2220163083967517,3.415159520423587,-2.5432349779597088,-1.5462578530605118,-0.34574045132933967,-0.25130826146797725
2.3453723254539263,3.62001550902826,-2.414766293855942,-1.0099577756977025,0.3625745983931221,0.657807424895308
2.418782588484862,3.5677598556865893,-2.4181711571582105,-1.1363434450895415,0.3689627072926198,0.6732662094056351
2.2300648332907627,2.8767316722285345,-2.367903517450465,-1.7449455440052906,-1.1488860161698893,-1.4752773837644346
2.342319436608205,3.7997778771409294,-2.5630731019608617,-1.059079483214906,0.05455224207665053,-0.033729349265303785
2.2415949166018927,3.3812123449569444,-2.47337064083413,-1.3311423331619499,-0.9444690671266155,-1.1005537196930413
2.2525521866867977,3.3709105704547078,-2.3954593028363025,-1.4028724665562937,-0.26522450946035225,-0.22781584929126933
2.0915802398900305,3.2333653899623407,-2.3410377034837273,-1.428587286695411,-0.23365613180444592,-0.1572386157297825
2.2627677604541305,3.159718219075887,-2.3090269719374477,-1.2144855851035146,-0.7555526976287138,-0.2299681981485964
2.164237536119536,3.4171530002828714,-2.393768745474187,-0.8063658914013647,0.36098054216233455,0.7274246330079954
1.974864873403044,3.3024618402254524,-2.64136542413753,-0.8829604623969679,0.2673881036945981,0.8384721213994928
1.844007966265561,3.3135697313045185,-2.6988754372747463,-0.8987996467576118,0.2897466596141175,0.8655389764229047
1.7918028343049195,3.0018592170610434,-2.7201845213413174,-1.5535034387035578,-0.6266246436590375,-0.6834848148588035
1.979558113882812,2.847626950435573,-2.6476778530401757,-1.7120244860157592,-0.8339925562871834,-1.3234489812988601
1.997359102696101,3.156098627505719,-2.5473989120978953,-0.9852636389616125,0.0423262099283712,0.2241453303339174
1.9523468195680118,2.942785207878657,-2.413142046597541,-1.5268934257011177,-0.6173584749715944,-0.6850740366954444
2.0310820896543094,3.0711811704729364,-2.4907416012150456,-1.5295442560406898,-0.6936643894869436,-0.6968036337789261
2.266427932283848,3.6279569831888376,-2.6173831981179756,-1.315981190698127,-0.35456689963797405,-0.3994145980758444
2.20060721153319,3.6322282888209676,-2.5253701924821175,-1.776318737006825,-0.8017029822951153,-1.5652902310951464
2.4084213249322852,3.758068504732985,-2.5818461540772155,-1.7861078813380113,-0.5112131431653953,-1.0413113337091247
2.5649377920951153,4.312765257617301,-2.649638738058446,-1.603667561453762,-0.12764331701925227,0.14575705291019278
2.4402560568279696,4.037455087655443,-2.7077116631222657,-1.6975561778380732,-0.5636958446615248,-1.109231060246751
2.407115061067867,4.343212345033409,-2.7202264320761147,-1.6619847223183948,-0.633173039533115,-1.1698869208370226
2.3864579316740158,4.523114055053992,-2.7603516977234115,-1.4093330490586258,-0.2772317500755765,-0.7405554473367993
2.368852871617429,4.708724338822532,-2.7923236800074265,-1.50970430956311,-0.16916829540264983,0.06732973117921051
2.5270429701595445,3.9170594283412603,-2.629119900433681,-1.3872394635099579,-0.2570202311046258,-0.6264079504431019
2.696876128056719,3.319578215689643,-2.513417730901304,-0.5274186346935101,0.8899036279682152,5.624013920975144
1.961391270881321,2.308130228505225,-2.3992911801651613,-0.7895013526950594,0.19860405307477882,1.1520240527001708
2.0615068942721786,1.6438307280390396,-2.3055185430550322,-0.6472862105170525,-1.0708790952871714,-0.08149916713538179
1.9292893004702474,1.4071156187269773,-2.300464273010587,-0.7046097268960269,-1.0246239661883607,-0.10049135297529688
1.9682228216514774,1.3975145695075206,-2.2084051743099424,-0.7328598543273852,-0.2792816779198648,0.6003937978763548
1.867133689127773,1.7953923976822883,-2.222331707979154,-0.4970718153055886,-0.16132969579983067,1.1878847301862254
1.9756347380146422,1.8541644959209398,-2.2648226429536145,-0.6185856699757752,0.286491074040784,1.2046310065273453
1.9251875717397184,1.4893110283577502,-2.2778327516433956,-0.3383254635068382,-0.5787602069602393,1.1813205692175899
2.200602937643923,1.9119167273315685,-2.1652591268407266,-0.7821172453827232,0.31219621841964196,1.1866510692397527
2.1445970760547852,2.1073048037756132,-2.102241735229951,-0.7637676969231392,-0.06855776445885371,1.088915678621945
2.1340073537774114,2.0258271129469723,-2.1348833797978393,-0.5519677737312484,-0.5811065398416045,1.078724465912387
2.0779864431206847,1.7874478058104093,-2.123208239903824,-1.1577913773350268,-1.1736616960665287,0.15175122062395838
2.0667385531173808,1.9423362561757256,-2.171184246079518,-0.7637797031956662,-0.8143843937325954,0.5678032648189009
2.09773860547706,2.4317541464455275,-2.2394225422180103,-0.810286229282756,0.3981149141042273,1.0250787584138739
2.1263556937324863,2.2409084006142694,-2.1924419276672893,-0.7241129082950882,-0.11152962263990375,1.059705838124242
2.1933329349571453,2.1449705828239782,-2.074299830993225,-0.784973673021457,-0.06864520125131553,1.0613201209716592
2.1874032781359185,2.413594493736086,-2.162526890321851,-0.9573814010822309,0.3287199886328136,1.0941927032874499
2.2505450486748986,2.3979036807768708,-2.2484958589503368,-1.0692999569235275,0.3656778325032848,1.0870687481137327
2.0708620671904754,1.6437373025683926,-2.3470275567452688,-0.9199048068788461,-0.7053729098463266,0.5243309664402533
1.975098575726678,0.8439928970729355,-2.190704899648605,-1.2805821137135518,-1.2838822422498684,-0.41581546714073875
2.01546733711581,1.1673599316795638,-2.274319895677159,-1.173829821773854,-0.5057162186392898,0.06347132632311431
1.9231442349195467,0.9452530720993464,-2.127578493189676,-1.723032183825568,-1.188426407048935,-0.8296478133801735
1.8921487006021707,1.453793388090952,-2.147304501805906,-0.8546074242911705,-0.08285471481266356,1.3383046680795792
1.7575342430108756,1.1463115595926188,-2.097660185448541,-0.8841223466019636,-0.8401281631457344,0.8621291472162903
1.7005184263948623,0.9885204190257851,-1.9939441851156534,-0.8869853315338243,-1.0620638517394345,0.22886727411117863
1.7331364009724715,1.1140417967546572,-2.083229917574589,-0.6170920529413162,-0.7244552581219005,0.6769553122684623
1.9547410660226892,1.4404949377688687,-2.086943519795716,-0.7281908972601858,-0.6644046049129522,0.5579430588711146
1.987935892300261,1.5522154208709762,-2.192520392007495,-1.236382204852606,-1.2045494562465997,0.24355327177934896
1.9894161961196546,1.3090652496585682,-2.0139844553677717,-0.6858655668542213,-0.6851598011986553,0.5915111562236731
2.144854921847493,1.689446833780914,-2.0485250413138805,-0.7858979497671111,-0.012974244982661918,1.2303282761493208
2.0587484756185863,1.4404472322976523,-2.107984387801099,-0.6486785855488998,-0.446692453241493,1.207334964929094
2.2811480802438306,1.54896979841815,-2.043536938109023,-1.118617031910869,0.19780570449254242,0.5803409616818159
2.1724662949016524,1.3709477582253522,-2.0156408492185087,-0.6557705451119137,-0.4846872176445217,1.2038696821869725
2.292659431066134,1.3646652193389797,-1.9503752173380096,-1.264212328837895,-0.04278978590607202,-0.025205768521394844
2.8302173744255037,1.7232086975308858,-1.6905811340765426,-1.6843911689185536,-0.7063258295562771,3.1144434430818286
2.5249309836717835,1.426651173273381,-1.7489352879140536,-0.6361192169730912,-0.5287729979750561,1.1844032463226215
2.4225245104815736,1.4767092277842717,-1.8990985630538024,-0.7951992548159621,-0.23818105721804392,1.2707597190176452
2.3530082613115164,1.3084779520285084,-1.9606699476936766,-0.5641955938304768,-0.6237716435702843,1.2384818808974698
2.391292914494522,1.4108693887787431,-2.0692436275811676,-0.6361399032761451,-0.6574167404064061,1.1797519300676143
2.463096802721747,1.5584657779333102,-2.046612065127446,-0.7754918251028815,-0.24006281820512376,1.1805901916083934
2.487555819706334,1.1963943264952168,-1.9474356786872122,-0.6918143185145063,-0.9424492673919946,0.5728943937412219
2.438898781872216,1.3760442627435583,-1.9304350672577026,-0.498749279436075,-0.7380368908074849,1.185637125463851
2.26636065769271,0.9382017849297457,-1.7909625917718361,-1.0659104773050687,-1.3553118607989039,0.32281813736304654
2.4170713202174983,1.4555326271170226,-1.8055043660668935,-0.6935700591556767,-0.21322483994281613,1.1950644087735807
2.5089888950069197,1.4287075795951087,-1.7227267472573269,-0.7702263619749438,-0.7931617787280547,0.43565982215734955
2.5452849533289,1.5465000466270804,-1.785100447885045,-0.549444016867945,-0.5252963343566616,1.0098006486708657
2.5945962024189106,1.6424222760094027,-1.6136814538350979,-0.6619832335427855,-0.03230384269871818,1.0184771891668085
2.5724501014976906,2.0061138296339642,-1.7395616093785908,-0.8041807200042351,0.3926688795292911,0.9744062652183983
2.78672133543353,1.368807337103634,-1.3510789723911292,-1.7749023164163065,-1.1105434350583991,1.7754330470216773
2.8353489267265672,2.3392696113099114,-1.5251709679344236,-1.5816661371473184,0.5375552713329367,3.4231554919993354
2.599258979071587,1.9285945675566827,-1.6504033630484174,-1.197838952335577,0.06454689724166122,0.5415477414244751
2.8252726682661935,1.788660826434491,-1.4263279882985835,-1.6633808339795582,-0.8891266073153203,2.325629972879048
2.8181203338604712,1.7997220737202415,-1.591963869918143,-1.2878209794926057,-0.6336114484551473,2.6347898128025773
2.3304314601641978,1.046737689660409,-1.7002101672848986,-0.5111344608714149,-0.7705018014639852,0.5430824171631221
2.29155503372589,1.22814754591335,-1.7117436164012656,-0.47015918690037367,-0.603299060342735,1.2039007535478616
2.1353529144510652,0.637339962188614,-1.637340630325737,-1.3942070126994803,-1.6895447095464875,-0.8966988234837913
2.1572582820314583,1.600941535384417,-1.8640873878515827,-0.8480605396761156,0.32458393550798886,1.2095267390580615
2.1651503863127513,1.2371695864405081,-1.8573682131552054,-0.5408654428012208,-0.5385848334780433,1.1843296549496687
2.110350005200167,1.2809122124495798,-1.8361210499764737,-0.5046019579924116,-0.5241482150263239,1.166531147726342
2.0086571707519147,1.210622071179782,-1.778691941722105,-1.2639187397192242,-0.7389327283015611,0.302693338125347
2.2575831832172395,1.5418493871240293,-1.9910315620458423,-0.7462476098789885,-0.41253661156377086,0.5326453089882437
2.415322131168566,1.6568555193125751,-1.7123417682886433,-1.2382253327405408,-0.8722910406858491,-0.684720511315084
2.4224994303233047,1.6799415839214855,-1.6889945243162525,-1.0596875533042593,-0.00700991024197624,-0.20783994313199566
2.2551194424947716,1.1204702841002425,-1.6716878154579116,-0.8640086307010503,-0.9249827878722224,-0.17436740051739633
2.5403352425343892,1.2188049777469825,-1.2745764906179526,-1.5221031347154137,-0.6733979056553024,2.29289627492894
2.6472837753931766,1.1305405855372446,-1.1897873688442797,-1.6755552821288942,-0.9551652066307296,1.8226380788365397
2.301785791347027,1.348794004249396,-1.5428893688103573,-0.8794743730544496,-0.20386139125866612,0.4514899295680975
2.216953364297568,1.0892308439227465,-1.4816299277114648,-1.2453102568941958,-1.081107060707768,0.16205114258135211
2.465791878721991,1.20791510033314,-1.4460771744046996,-0.7657125662926224,-0.7843193552002428,0.646250110090382
2.373182550680092,0.654028179109678,-1.4534009370244427,-1.3160170873108747,-1.6266572066209706,-0.9419978697417745
2.1559829946955347,0.9511457246693816,-1.7400183586215192,-0.516321645227043,-0.5564273823783601,1.2357086470593732
2.1740180742919772,0.3392464259189854,-1.6156729039044302,-1.0337860423403942,-1.3234989480254695,-0.388270548086743
2.2951064585484398,0.22853025693014536,-1.5407666996013942,-0.9089823880412197,-1.2913353285628322,-0.36983843420525403
2.157868586598442,0.19459427854543762,-1.5343691740620151,-1.2132948064217912,-0.8202658448370178,-0.3258712932868495
2.254429690708466,-0.08936168687383259,-1.5363487206765816,-1.0777050999521505,-1.2554907687103778,-0.32784590755937965
2.0488199314232323,-0.4361868611976139,-1.564387042583181,-1.116011900217081,-1.2511355736730563,-0.20738295868110992
1.9900813768806809,-0.5159768036955389,-1.5410554211434113,-1.0739529953963833,-1.1670843531584583,-0.19255944684390003
1.873867645898935,-0.3412346181734998,-1.5465290296449428,-1.4627498796301934,-0.7512289031653429,-0.08857157663830684
1.9352950663059887,-0.4852292551051485,-1.3388988880723576,-1.5511793132158926,-0.9497220457230869,-0.7745081743999767
1.9018693689190644,-0.9728096311469263,-1.2934304597889499,-1.3882918113560132,-1.3667923355899172,-0.6842213337810862
1.909441894527303,-1.1307015627816048,-1.1708915811238423,-1.324613400546421,-1.3515335818542078,-0.6783384433235554
1.961313961124005,-1.1920496224547183,-1.1545444251321069,-1.3768504714299814,-1.3952236720464701,-0.6477932601306675
1.9021815588479414,-0.674840539569861,-1.2818821478438762,-0.9795730815835211,-0.2450192115396697,0.25099740364431183
1.9038897129492383,-0.39619895516530496,-1.3928472438933588,-1.2463531726914885,-0.9822828881133684,-0.3399182236144909
2.055107585322527,-0.32037920839708284,-1.2723903275796935,-1.2674635837776225,-0.9018874734232243,0.449689557536352
2.1157792094616132,-0.41751668163470573,-1.3691913733830003,-0.9007712244364782,-0.6640020882092142,0.12801088782933465
1.9946764998003543,-0.7976577299754843,-1.448112193066183,-1.09586452993139,-1.094445434489674,-0.21522944554021797
1.9203822512304007,-0.8957801685872118,-1.3441680865909122,-1.197717946363407,-1.199997712619763,7.431507675079782e-05
1.8337818947354079,-1.1572724761340782,-1.330598587863854,-1.2377193784645324,-1.450919024582632,-0.5836550861066285
1.8984860798437488,-1.0600651114287163,-1.3759332768629238,-0.9339684260338883,-1.1257222953109618,-0.1356975639873683
1.7265766907981057,-1.34339178509921,-1.2519830019406326,-0.9148323856484435,-1.0211301263036912,-0.09390443344335758
1.7658925496548197,-1.083913717866562,-1.3643251045052187,-0.5368838417661044,-0.75300705145202,0.3351821948982524
1.8591918550207538,-1.0633053536275086,-1.3399904020310645,-0.6790129723867231,-0.8613137675729263,0.4814179385261725
1.8683104376331907,-1.8342758432109383,-1.2181053344881514,-1.1096594741508967,-1.3151331685205059,-0.4862530482311385
1.8715178353476323,-1.8088714590487607,-1.0665157733035053,-1.2130963760439586,-1.2767545027651097,-0.535394009573935
1.9748961535205685,-1.8265337780066153,-0.8904075244430084,-1.1956838850470295,-1.3035824833005392,-0.5451500437524016
1.8871921048194171,-1.7410512040894006,-0.9197197473523381,-1.173195366087094,-1.273290466685704,-0.568405607872038
1.9472391226866637,-0.3952670220092401,-1.2280539265653538,-0.4490916672291515,-0.2467558617502349,1.4180797153212352
1.8392105839023942,-0.9803855870195528,-1.0608993294909133,-0.9441387615566442,-0.9307252566280801,-0.25835505435095685
1.8419855042224758,-1.0292883732547047,-1.0863754640624306,-0.9705470020413768,-0.9500931746387411,-0.23420388066652967
1.9134673264648496,-1.209818354942163,-1.035139699250691,-1.3290706971017314,-1.3342857065454776,-0.640378177260927
1.84091501613931,-1.5010644026897966,-0.9557929532277474,-1.3082064714777157,-1.2210821512635701,-0.629397227397203
1.864654085538187,-1.7078357538879885,-1.0332587793664334,-1.2617244945978938,-1.245671194208101,-0.5667113201946896
1.7056288941303073,-1.6341897531091742,-1.245364528187078,-0.5619436910113234,-0.7600658222191674,0.474867241650449
1.7199933722016358,-1.8822884975762002,-1.1266408283590896,-1.1034208638548262,-1.4561221333768977,-0.40094180662699885
1.67220169756264,-2.0327675258113733,-1.0478021593290763,-1.0538254345457776,-1.3791030738120917,-0.4091036060783106
1.7700881302260996,-2.1749300282477626,-0.8761319442778066,-1.0383579705806427,-0.9145472900592216,-0.3468786753136666
1.8407943625000498,-1.7921843635507022,-1.0596081774271309,-1.0377346962412624,-1.4049873370832788,-0.4505962814534791
1.7030110828853915,-1.77190064315182,-1.1856238993466957,-1.0753380713380112,-1.3271188343418172,-0.46299738225044895
1.642631417235922,-1.833471155765756,-1.2920935061297194,-1.1666055585353738,-1.3389164077907103,-0.42242658980844766
1.5798809179061022,-1.6932433070631587,-1.429804409254266,-1.3227465331936892,-0.8368437481487948,-0.446336568935524
1.625239907666624,-1.7428659004584555,-1.2055793856862567,-1.1141477477271813,-0.8945256130772021,0.074589615668615
1.6058177987398026,-1.7188901166259525,-1.1413393733400932,-1.5183505612970192,-0.20151047541473172,-0.49426037377327
1.6878551716938928,-2.1373375893091753,-1.082048103604791,-0.801320086631102,-0.7923278774906614,-0.017868301367178027
1.7683624876118023,-1.9286537787282874,-1.0103577641120813,-1.0881453460580863,-1.1564147563828462,-0.548784781036996
1.7540232357679444,-2.0697557799267683,-0.9206815520135346,-1.0885208639268944,-1.1319623899920712,-0.5488775378177477
1.8074879876148362,-2.259423639608963,-0.8925985206372948,-1.0126904660807754,-1.1481141217600173,-0.5066247444792562
1.7553826753883182,-2.0757524405250525,-0.9024681045870041,-1.0433270265232268,-1.140499638935339,-0.5513570005841926
1.9154251824950141,-2.1254606381941152,-0.9383943221683156,-1.1813928588470977,-0.7369476379964447,-0.4653709943783827
1.8908484856618308,-2.4955946075994233,-0.841656559049196,-1.0012401875033414,-0.8673718021561992,-0.2651293613944138
2.0442450111541635,-2.647349461505488,-0.7426138603144294,-0.7582504945738503,-1.3380161610581043,-0.2663296008187605
1.8781521243915489,-2.5402417787400715,-0.844284889111306,-0.6673528190977019,-1.3837993135730775,-0.2520747592068022
1.8125825363377286,-1.6753283995556283,-1.1433872720683957,-1.0020679683628733,-1.0205766736424504,-0.39618722413462537
1.7517103527623858,-1.9513588885564337,-1.1057176191782845,-0.9475971161149717,-1.3744561402071813,-0.3865635227503208
1.6696090189224488,-2.501245978134818,-0.9584336739874584,-1.0507149001390053,-1.203997993681499,-0.32122707542186424
1.6796312919730034,-2.3691445393754837,-0.9730583182445254,-1.1849022287813438,-0.7797249486918348,-0.3054822577376233
1.9575278490766157,-2.4716124745057866,-0.9130817821177649,-0.9970126203056773,-1.327939283666128,-0.38543100592460056
2.1731936927363247,-1.8704322593427785,-0.9322206683473537,-1.1095327373760526,-1.3236985986439107,-0.6017723621332168
2.2082284612334364,-1.833119240735377,-0.8992453947494243,-1.177983029347789,-1.2864020481707883,-0.6626640094774873
2.2199878738235603,-1.7902748796531545,-0.9576559435703299,-1.0248769699089149,-1.1363979809755833,-0.018776208278954612
2.265139753437065,-1.9515003522473386,-0.8854358936179956,-1.100871346113196,-1.3173257318851004,-0.662596072975814
2.232458455376383,-1.9672345388976766,-0.907659987258503,-1.1437058724676379,-1.3237805343385152,-0.6300412442956365
2.2598036579604575,-1.9708386035797965,-0.8175183744883457,-1.093257638307147,-1.3560325097579542,-0.6305618650992637
2.28944673764529,-2.0218861507329353,-0.7939698049660529,-0.8700230700287098,-1.4454815719243284,-0.596295933796776
2.4237498210604103,-2.333547256548594,-0.5237597621898114,-0.5812809157432179,-1.4272146993959536,-0.45324424444474315
2.250813712112564,-2.5801896831738578,-0.625819535974795,-0.5305082754705545,-1.4748467060078656,-0.3288147914504364
2.5145721761180035,-2.593693611125595,-0.40668605382120737,-1.18561377936377,-1.3093248003276712,1.7647632507922622
2.5948387324339315,-2.603259438438466,-0.40836652193575396,-1.057318628301175,-1.2886213651255605,1.7834082730858016
2.395535916178252,-2.3043845061871733,-0.7048184791426328,-0.547031803187854,-0.21946981870182322,0.16774711012047014
2.506191668887328,-2.6516257312453857,-0.4007939465729542,-1.0734849272657743,-1.325279273104977,1.8061977474356192
2.2911829140455295,-2.7038501391027987,-0.6810020473108842,-0.43468379504534177,-1.266172176884347,0.3622511964755821
2.2034415462175763,-2.4610804248785523,-0.7071472477329404,-0.4511445680098335,-0.6837755262669462,0.18166364040898386
2.081023920766178,-2.587610252029229,-0.6656673280468313,-0.6740794698187969,-1.4171771976710306,-0.29771664164171796
2.1274498042109395,-2.5401344039935805,-0.583177226032163,-0.6525880976407271,-1.3373637006481884,-0.36807557346905995
2.0197195552594636,-2.277208882998467,-0.7107383718760495,-0.46391827361691196,-0.5291374675384111,0.0915731910780797
2.0775295457266263,-2.3860548115723104,-0.6149015318205112,-0.5403108222135082,-1.093009411882699,0.259139971829313
1.9937637286810674,-2.6631139570426963,-0.6328676345193042,-0.604311564133596,-1.3217168790026643,-0.33711666483444447
2.1425405009372476,-2.3925624194620014,-0.6776352772358786,-0.4993190167191475,-0.5016234883602091,0.9858377061530168
2.083528783829361,-2.3001800882666426,-0.6859957674060865,-0.2035702946767114,-0.25368084235477834,0.5780675038680739
2.112301505941859,-2.384299798093804,-0.6214635744707221,-0.608629541417576,-0.7160789661526014,0.2982934296344867
1.9069854387711007,-2.0632843191957604,-0.9404784831292642,-0.8647772974564344,-1.3628036060788036,-0.4548007500495184
1.6747128374561104,-1.877923120211424,-1.2873055596793417,-0.9299187825957649,-1.4774963686004265,-0.4055626387914683
1.6729701608407028,-2.0276109428385456,-1.2608735475983286,-1.0395681006491277,-1.4128793922375134,-0.3841988879643782
1.4870795646873776,-2.459372994558604,-1.0228338915517607,-1.0934861319808789,-1.2249296077902203,-0.29644077368279775
1.5856728518678225,-2.5146167182858767,-1.0406151443503446,-1.1505415142147932,-1.2122127187227194,-0.2745352894845461
1.6055476096472452,-2.522166443569027,-0.9765781137072171,-1.0217080440698556,-1.2286608709849245,-0.3013693690732398
1.664800007742274,-2.519164373847632,-0.9213435181992101,-0.9071605882628688,-1.22610823677679,-0.3516631839163407
1.665588203539578,-2.5698053960813816,-1.0501356967609978,-1.057189959611022,-1.2036100026385403,-0.3138326803906835
1.7170077793347684,-2.650370989488941,-1.1346279423867813,-1.071923171401163,-1.224519725031944,-0.31123315342932517
1.8235426664756262,-2.215002315616721,-1.0565150558211185,-0.58114377246968,-0.3746538061250898,0.4555126954012182
1.6500639559816834,-2.486248920906564,-1.0249614554277466,-1.3050536659208507,-1.0048233480343258,-0.48704774037255144
1.709046107074485,-2.4411377408339296,-0.9567798397113214,-1.27471412228446,-0.9808415266081586,-0.5221059836622107
1.8109261006667916,-2.3206592794377965,-0.9004442556433443,-0.8560837353504321,-0.7106086719120654,-0.07160007206334634
1.9823701506435238,-2.3675367158835625,-0.823053096927692,-0.8323915304786497,-0.7479859102214782,-0.05859945938812244
1.8147756370263368,-2.542266625843314,-0.7681679578692924,-1.0812089466719474,-1.1067552569085042,-0.4951885130421814
1.925273610797958,-2.538209903496049,-0.8417018660241263,-1.0673620152293593,-1.1087757034253076,-0.43650611290795455
1.7251765549950688,-2.708542756599321,-0.9988132122981899,-1.0411244344609711,-1.1937671725285133,-0.3977038915540084
1.9459815199142962,-2.880428363940216,-0.930459818930653,-0.7914506005156722,-1.3303118012780804,-0.23487471347349734
1.8537681220931541,-2.631599811414721,-0.9143691028545077,-0.7579334892561027,-1.3315718631595086,-0.2787401071555723
1.8356256979394427,-2.36682247713876,-0.9190049777545791,-0.8449207534217635,-0.8042692051944521,-0.34780130948578797
1.8456404015765222,-2.590623919033343,-0.8924602218093286,-0.6938966221922221,-1.286961621519603,-0.3202732554353972
1.8515519114784804,-2.501431681505492,-0.8219646246551984,-0.755197048478823,-1.277228340161924,-0.328657485597567
1.9208959793971534,-2.526779855045733,-0.7606770122497372,-0.7850337609313941,-1.3228141755668184,-0.2945753557125084
1.9981103280450943,-2.5603708339434745,-0.6914060045491803,-0.6246627650156286,-1.3789774938981971,-0.2782519192558316
2.035371665800978,-2.5888157574255763,-0.7116835060827978,-0.7327489472392967,-1.420038799734843,-0.23771134415229478
2.221574060459441,-2.2718498132412437,-0.5758692195115314,-0.44363783831909387,-0.704865114375342,0.7196927286438294
2.2505849267867784,-2.266267304860773,-0.4780552256248124,-0.9866899385056345,-0.7854015250360736,-0.39437730215851285
2.2378268320494534,-2.0891906611112385,-0.4470946888546149,-1.0178972352246605,-0.09149201702797627,0.25787639641322513
2.156342048739349,-2.381567868205794,-0.40326256591005155,-0.7796769924467714,0.10821168876469353,0.12350160620040139
2.243527825431241,-2.6333253840711426,-0.2858859850912898,-1.0818504389170114,-0.20648208378989488,-0.2968249916572236
2.084839183254686,-2.8227428291566694,-0.2880116906215824,-0.6526611360527049,-1.051741616729554,-0.37450652853727995
2.163548679573246,-2.558127899205473,-0.11881002183176194,-0.8243041285507269,0.058813449452541924,0.32016157150956603
2.01023572945848,-2.6340145244627635,-0.21369121504080238,-0.7757055952162553,-0.027091637731502954,0.3567535353303698
1.8153741693356649,-2.4251962283299964,-0.46253648550791426,-0.4056615836061481,0.21459683295340315,0.851395731289563
1.8776901338472929,-2.5264591901062876,-0.3544234055208384,-0.36350300558644794,0.23790967518222403,0.8547313022983853
1.9864310255407225,-2.838593675156127,-0.5792361796472767,-0.42263107218980284,-1.440878614513987,-0.2336910418100143
1.8207062450308233,-2.7783003497687138,-0.5507359373436242,-0.547181286866378,-0.9579790982654913,-0.2019278242223507
1.8148022293835582,-3.010693267000783,-0.3818982923292136,0.02003793312772123,-0.7130115968175014,0.8930233182839227
1.8445541165987165,-2.785334751614277,-0.4299982283316671,-0.06146273470272467,0.23829780046051285,0.7780372269203494
1.93600838894931,-2.462384405337707,-0.48152567085769304,-0.11537727710119078,0.22023468518823042,0.6730610907801532
1.7853045323347188,-2.803182181760708,-0.2669869306075349,-0.6909914200306656,-0.3870228330360945,-0.2106005794800098
1.963909082881389,-2.6167057638113542,-0.3044309855123826,-0.17588461984971407,-0.9329508689302093,0.0837770952707265
1.928581294874706,-2.7454663941206836,-0.11748897092570933,-0.04478965665155139,-0.6393662054599528,0.7630846661935939
2.064113330163297,-2.8962208253291934,-0.06934911408851459,-0.5734043719327578,-1.2213585266812665,-0.32606068918300507
2.138480203601465,-2.8481430577168485,-0.17120335687717575,-0.34306716770630274,-0.9141635545604877,0.149529473803921
1.8547246457650763,-2.1172909053284092,-0.4179272075601749,-0.6351717089329623,-0.9672028898326474,0.15822558395883307
1.6974625638404675,-2.3561367077049327,-0.4169443750899833,-0.6197318960029393,-1.1695159464152938,-0.48692599965882327
1.8374703425559153,-2.4098430818452035,-0.533136149049288,-0.7804052301978097,-1.1382156090284012,-0.4998511133434613
1.7924791635134976,-2.7831731527068166,-0.6821761738027191,-0.8515505263624205,-1.1277808348220038,-0.3730860952819942
1.7569318269799197,-2.816821297424935,-0.6961205620478019,-0.4100525131551875,-0.8067676268716791,0.14411097429447992
1.7921803299368257,-2.9091859632633557,-0.4826934985377637,-0.536819828349977,-1.224087174654069,-0.27906817261274575
1.655309257661782,-3.0917962546584254,-0.40043400116175043,-0.41919489450566105,-1.1785733147864255,-0.26558736955761575
1.9002035859369995,-2.8763160786009694,-0.5591436793332868,-0.41792228139559395,-1.2731062515627187,-0.29879334917662864
1.8974037806163884,-2.54829596563948,-0.5939692215165734,-0.5454152321585755,-0.6414733555692673,0.3636415489347009
1.7999472206645006,-2.9398392089951773,-0.39630645982051077,-0.47815393264636935,-1.2531186712663125,-0.26938388850645434
1.8049507656114439,-2.542566969999868,-0.6367702831838449,-0.5197680226587962,-1.3543820694782343,-0.3222538594072101
1.7800790881144788,-2.634839350259763,-0.5055294528588513,-0.5481014137558046,-1.2902145671119012,-0.32117958438697225
2.0380536812343095,-2.3827208232773605,-0.41358878702879687,-0.6291373843382464,-1.1744405261937938,-0.489156389261261
1.9783577616673158,-2.2073757353512367,-0.46636588450522987,-0.8240234276070442,-0.7362187532155433,-0.4488085799547186
2.0926192472749903,-2.2875747906238124,-0.5119596495253239,-0.4935485684452151,-0.8955543577673648,0.02348669452718003
2.1130132146354343,-2.202790634541885,-0.4444421253108201,-0.9841867518918976,-0.7575901397294506,-0.4207031660255145
2.169940502598769,-2.04054408699165,-0.508416526167377,-1.1387457271251813,-0.2802422253607433,-0.45363849799027584
2.1124056593049683,-1.9405987130004392,-0.5231241981004919,-0.775996729329434,0.043087197847405063,-0.012669322560965935
2.0210592851693425,-2.2464013523923008,-0.46693732949947864,-0.5474793495495768,-0.3508365135095772,0.002020090611096089
1.8234276938144978,-2.5668530413055786,-0.5321545111628657,-0.7753425092221137,-0.8252589587731788,-0.307001758669763
1.8679874268788927,-2.4774968661558407,-0.5507184490374629,-0.7815530531527874,-0.8614879882868672,-0.3001566048331797
1.8227461165135055,-2.8323589358697356,-0.38834614419874564,-0.7192335455796165,-0.7675114948090713,-0.2460675424558739
1.8417269503241787,-2.90718526056022,-0.37488276292548917,-0.4936151979041112,-1.2434477258471017,-0.28632621229443117
2.0003697319055753,-2.7433729536501748,-0.4690574927361181,-0.4584688387291972,-1.356339919138738,-0.33423865175099315
1.9069153928392522,-3.136849780411188,-0.32216606244406354,-0.5075234801870568,-1.2657814346996614,-0.244491232345568
1.9888997365444727,-2.8218276644445774,-0.4172094306390776,-0.6723743435889283,-0.8704817527595762,-0.24929059194455302
1.9973047925938003,-2.7508780356977978,-0.4628761996347388,-0.49933597219964704,-1.3832135559539882,-0.30048574230141717
2.0049393646793168,-2.7506101032229133,-0.4450118078664025,-0.5948223901438788,-1.3530776974521184,-0.3104160485900943
2.236959634513567,-2.646432865202622,-0.3986938512292197,-0.6440754249630425,-1.251073984957383,-0.40850290647217025
2.1097228628287956,-2.8468543726498394,-0.13563536751459845,-0.5892527132415056,-1.1336411838620228,-0.3999648417729121
2.1870679879056247,-2.6542816511313396,-0.15006420418560504,-0.8568452893179807,-0.2498864816587931,-0.3595047524742184
2.1263131431638027,-2.8461265953782444,-0.1092085434028743,-0.7702636600823154,-0.6582051843500827,-0.35358727044831184
2.1381278985601524,-3.036902068302517,-0.09515818760805834,-0.6568042143402234,-1.130269214359926,-0.32641447302995946
2.183638948531251,-3.22829575706129,-0.002629408288770723,-0.5275410647675538,-1.1578971048071753,-0.3086072788004342
2.109367193325248,-3.0394606047649506,-0.175671132864662,-0.3671071017541887,-0.7277155122932915,0.14444751173989925
1.8182014225763081,-3.175800398815378,-0.4338015692145477,-0.7223627388168496,-1.0878185197227035,-0.23994736780902068
1.8543614860859066,-2.560203319609455,-0.6023154841852272,-0.7769632298097741,-1.224802369997179,-0.3288110826127446
1.86960976708708,-2.5383027563432017,-0.6823115405663537,-0.9034080975373333,-1.1753591672245713,-0.33814776952843667
1.8050588252260824,-2.4139251724863167,-0.80962488030662,-0.9824250594134758,-1.17128844862606,-0.4001624449114216
1.678795692945845,-2.388828082799845,-0.8819526086842375,-1.0596586795418255,-1.136294559979198,-0.3936373851969467
1.582925298611761,-2.435788052825152,-1.007315698824146,-0.9959341729041915,-1.1061789668150697,-0.40771400848596306
1.4548306316195878,-2.7656891104617958,-1.0815207009919614,-1.1933487936457225,-0.8968539592381347,-0.44312173448275466
1.407190796564742,-3.0365900718571868,-1.0514666779254478,-1.2783976120866227,-0.8072499791299894,-0.3884744878962617
1.5983579464392983,-1.9507402248474137,-0.6459871424759431,-1.4199610455742713,0.10412479433850393,-0.6113281867828002
1.8417200089924006,-1.5749862160469614,0.7377822819210411,-0.8179232386738736,-1.169218846809976,-0.6295128893812506
2.0570387521229807,-0.566590128764218,0.5065160768102461,-0.22180022360147567,-0.6937894707467642,0.13556024927205612
2.033070269908871,-0.5570123413340249,0.5748845207339659,-0.130637895504075,-0.7425130064453082,0.15765256395105803
2.1773353045466717,-0.47562422208571903,0.6254121556977328,-0.028866620260162863,-0.7508874675593717,0.1963102290662768
2.1003532253997426,0.05880106207656702,0.6040365060447411,-0.19165369285563677,0.30466605638119393,0.8021792509076398
2.1755155575189646,0.16623409424860558,0.6928767271192457,-0.14033972000439926,0.30709001240594386,0.8083911610388841
2.051784714452286,-0.7396876226281826,0.7722745921923665,-0.5974904173831501,-1.4497541128298543,-0.7284052946546902
1.950721488977844,-0.4260513856888906,0.44238068973116695,-0.12158699830699722,-0.41984860075017577,0.2533082409396143
1.6530220647482794,-1.2195353770516308,0.5425375257337921,-0.5652570651724133,-1.2575070437963796,0.12463090262689155
1.6528509533038667,-1.2236520288640458,0.3564444075467115,-0.02021650153912258,-0.7931005471228507,0.3970712718338944
1.5462630320151347,-1.455541083403837,0.5320343071334495,-0.32821635314145214,-1.1065561494050082,-0.023948814558833145
1.5862921005554385,-1.5924002386567355,0.5199231945171939,-0.4181772281745099,-1.0816037739041906,-0.006311863982835644
1.5513275179310757,-1.5737509889757844,0.501703113499955,-0.4167431372412164,-1.0460991168709146,-0.031356951358374414
1.5003435772124862,-1.6648869917498113,0.4984460956645242,-0.37693642126231575,-1.0847684058204048,-0.031319876038853035
1.681035274413497,-1.42611902465818,0.5522912355869145,-0.59321738652007,-0.6117173097825459,-0.055206522457833605
1.9191935864061629,-1.1193674661039914,0.8026432066393662,-0.7382638945597063,-1.3685213756520946,-0.682292266154105
1.9620435622028516,-1.12251353092501,0.844463406778991,-0.3561193873503117,-1.0070823775103621,-0.21781242457187466
1.7594455221421927,-1.5265026350613278,0.916858523624474,-0.5945274335945605,-1.2525842823683129,-0.6396695789690057
1.8411110508855917,-1.23498806108864,0.8569032211306107,-0.01445884903602387,-0.584148080231102,0.2606928142842144
2.0296907347725046,-0.5398057730557873,0.7160072441639713,-0.14187234009081448,-0.28931002454135246,0.17698405256588468
2.1448671079400077,-0.5904137625945619,0.7631597526821385,-0.08453690686412334,-0.1925745588274113,0.1541721445866017
2.014629493938394,-0.7932415671948042,0.7289082925034421,0.10901910279678813,-0.6599507968476755,0.1708183652604427
2.02223505114604,-0.4488329115931608,0.6070292288925835,-0.25287897706757106,0.27949439911786195,0.16266419501992951
1.9982502784766738,-0.718893458297687,0.8393350745831978,-0.04762796266422375,-0.49984199999527473,0.965512147940651
2.2083969226889497,-0.541279789329511,0.8382880046559342,0.14652133995478112,-0.6542206871670251,0.13482534199733945
2.2388057431501784,-0.26712080448302916,0.8551484007939123,-0.6934080181989288,-0.22204595792097945,-0.10489117202917163
2.08919098857658,-0.9502588755103364,0.7461334769546222,-0.31338577463204165,-1.020154067221204,-0.2305127577579288
1.690724090525096,-1.6162037438293995,0.46721253027597,-0.361908115824011,-0.9836892473864741,-0.07227974020525624
1.8281517666288039,-1.7398338329019676,0.637440987225687,-0.6809434486757374,-1.3293762681564183,-0.5469515162406418
1.7824435436990032,-1.7701841914357261,0.6669758231612551,-0.6546112219941587,-1.3234485519255128,-0.5776259208420411
1.7200019742442105,-1.7796786234966826,0.5425602087642983,-0.4908558311350366,-1.0260386080943142,-0.11218100914050969
1.6649906440603364,-1.9887300276210125,0.49837072568652035,-0.8849346964209559,-1.375194867007103,-0.5281512606404217
1.8144519973525555,-1.8837198433388556,0.5120946115352504,-0.8292197978207659,-1.2884841789026866,-0.5721491341102571
2.0267490727237467,-1.6363674576258467,0.695448973854895,-0.5576702790144793,-0.8256957318130639,-0.26815775382678564
1.9550851910083935,-1.723464587326009,0.6034543503980334,-0.909073322373778,-1.088891454106328,-0.7046553175548441
1.9418745029993052,-1.7368833530153713,0.7527967335569954,-0.8661406892199036,-1.1828919672797686,-0.700759000104882
1.9873321762837612,-1.5555643847252498,0.7386138344293025,-0.9996178541925298,-0.7560264118940578,-0.677583234943812
2.0288794154155783,-1.4814651478761889,0.6576473318676935,-0.42697032852959865,-0.6884410793751446,0.39802227350497527
1.925300703830044,-1.7567296104723924,0.6990115502941663,-0.8726344587416942,-1.1839379499997298,-0.6878774780306769
1.8455230287403652,-1.8566332852572438,0.6249905810959719,-0.885638571159168,-1.2136516265308572,-0.6538015070109411
1.9479175932551405,-1.2656824387853354,0.14038828276644935,-0.9314150823157209,-1.3492395614692907,-0.7755326524608328
1.9236562484416835,-1.9597762051962313,0.5782108875568971,-0.8596632647760165,-1.217662560649771,-0.6482389857995872
1.9317391471899894,-2.137992183095488,0.7943521227778063,-0.7867651498315409,-1.1548928029727743,-0.6515665756750064
1.9294504077277332,-1.911336220831519,0.8191134421619836,-0.8557846499875781,-1.3023916400900746,-0.6362852886728773
1.9683674373923328,-1.8290168417833448,0.8379766206673313,-0.8366186987820757,-1.2636417544105925,-0.6574286941331826
1.8718986247062834,-2.2888188480752656,0.8460913945071857,-0.7993290593339543,-1.2346489773078704,-0.5275043142597222
1.8090906598873597,-2.311103970489004,0.61130074312974,-0.7703814730329738,-1.4100366414259375,-0.44564957280984024
1.8295093520319965,-2.04776863265245,0.585524400452996,-0.9195596661442108,-0.9784708481153804,-0.4696945274860104
1.6684355157401787,-2.4282648848382085,0.8013333645259872,-0.6657166808462069,-1.2941470668021187,-0.4389407298690387
1.6923748625614763,-1.9492361883255471,0.54397209267501,-0.7950898390669572,-1.400123271512725,-0.5128131186972377
1.5498153826822405,-1.9347949986147503,0.42587553471630285,-0.9116245168111533,-1.356027172684611,-0.4714590346864222
1.7174501794904078,-2.222513568196862,0.5214429721471218,-0.8814089106430466,-1.304627805500617,-0.4490771522539256
1.887490688289378,-1.8645987141268663,0.7537142601311045,-0.7496173289271991,-1.0067802036019986,0.011757466740383856
1.8166224437325782,-2.0390019403500776,0.6721146195986011,-0.8530628331587313,-1.208228452270699,-0.5857059468656836
1.8155057936618983,-2.0421137853436284,0.7430996950227451,-0.8625571495848622,-1.2602129709025662,-0.5745206435974595
1.7208525841744498,-2.1460196488443164,1.0270900633742266,-0.8768307331903765,-0.42634105124470545,0.10336387275584435
1.8058760097610607,-1.6790290639438767,0.9832247079192915,-0.6299837220367265,0.5486979434668617,1.181625816656805
1.8954070169602553,-2.364713296796973,1.0775219149703752,-0.6225093227888595,-0.7495369792456954,-0.08700373193633498
1.8292086932868754,-2.489463245764341,1.10559321470451,-0.9786622070506639,-1.066439755156502,-0.514555457665308
1.8756191692529598,-2.404853856562609,0.9294901448986952,-1.0030103238073043,-1.1155865762378838,-0.5042933639722943
1.8130603417835547,-2.408208345258158,0.9366346949488903,-0.9728944702759772,-1.1220455656488253,-0.4975954036580432
1.7416724523274176,-2.398163007235757,0.9078154398540313,-0.9279471949440439,-1.1114503819062949,-0.5058245968153366
1.6650317219336102,-2.386296624861244,1.0175355212386725,-1.074216392900192,-0.6663110341205636,-0.4554006060566013
1.692893169716482,-2.0523937110926793,0.9980204777684653,-0.9068026533577221,0.08821036848804123,0.008850356208568494
1.7489797225561223,-2.2487541637489272,0.9958747126580068,-0.42979562963118756,-0.557633369894778,0.5724333013198338
1.8684653791995551,-1.7814158537339218,0.9003839673785143,-0.5453860308401717,0.5251144150916084,1.1787471600210544
1.7262793383354693,-2.24263313820082,0.6882595447889368,-1.0006905158701,-0.13536849004275117,0.23494450068406475
1.7559357396228508,-2.43166110466016,0.756935776692308,-0.6763165248913018,-0.48061357943536615,0.09747614896712736
1.7257322281288345,-2.5401094712436616,0.6746832320689575,-0.3116350120832009,-0.6021283604871236,0.5361352504555994
1.9916085771284682,-2.1622388883796724,1.2574020843946936,-0.3854476345548803,-0.5779272500789279,0.5044200168397345
2.190407134254265,-1.6179185801184408,1.2208488471169539,-0.24453037412813278,-0.44497559802262543,1.0428430117505723
2.1556061917639266,-1.3659147968591903,1.0462495504298461,-0.8228569611994331,-0.019415626234552164,-0.2046122790292647
2.349933461176892,-1.1889413755835545,1.3399202498323188,-0.9100770849671062,-0.45278019724321994,-0.22127859533775157
2.528547319064224,-0.5015850211137631,1.36820764440614,-0.22676098676360373,0.8993981573673885,1.2196487235344278
2.5492405136591305,-1.0522296619709464,1.461566770886781,-0.06042993589488632,-0.4106756122051454,0.0420968016631715
2.3810658490610725,-0.7822991551479541,1.4000787907244598,-0.6486765062135917,0.34885675817802403,0.16694335939783975
2.4569012914059125,-1.2859994031520539,1.5255591028616262,-0.7874664414325536,-1.1041694875502002,-0.9473988023496517
2.63394283969943,-1.306080257945154,1.644786465671897,-0.5638010907687276,-1.1017639387036262,-0.8781363910623535
2.5702151562245317,-1.2903745826428867,1.645401959761391,-0.5271234616761737,-1.0830846793266384,-0.8926321372841123
2.2667503677513072,-0.8118209688008804,1.3542276294527813,-0.19979325915208385,0.18924709232664905,0.6484185256154769
2.463179006946002,-0.8825877747341858,1.748835657536265,0.046322376956439086,-0.47368238218045516,0.039450285513138734
2.4897207068063834,-0.7920718913109701,1.85912439731532,0.09119909833031868,-0.45352027475651924,0.036287117882729904
2.525590663019942,-0.965766388534632,1.904947630010013,-0.12768676032238058,-0.7743559285537607,-0.45262829548598776
2.5805006137312025,-0.5567020462121564,1.8011651663620714,0.3604231787013724,-0.0738016351802309,1.260471354172946
2.481272671175486,-0.9463022686421912,1.818136309996717,0.010059940836206005,-0.6300547251634725,0.20738239326834731
2.1317518339233823,-1.5636484814864007,1.6746809781299612,-0.676778222167455,-0.7428581404643295,-0.6520919869189342
2.0693553733294014,-1.6465941973628373,1.5513412605598456,-0.7242786491993548,-0.7887577319563408,-0.5982643999061035
1.9052591134952575,-1.7712308184956778,1.4420985558921893,-0.4255435918124774,-0.8752233699863947,-0.20737066404636378
2.0715524757656634,-1.5486184418487767,1.4288049413330788,-0.18104764909192364,-0.6500346425622958,0.4343533056714056
2.006382566659878,-1.8227191257597142,1.6912214660163793,0.05888264492107713,-0.44173174008549065,0.29467133831654807
2.103337780643901,-1.8175812213488298,1.6440621450135726,-0.5815266719185143,-1.2267254665661076,-0.6207797770197728
2.0576224406146695,-1.5758136653995012,1.7741799015266582,-0.8277864851900153,-0.7174893963565537,-0.7291497736037627
2.1014974650131593,-1.0361733108334104,1.782482859631117,-0.664979668061869,-0.791314075049016,-0.7334430411835354
2.1250560635480693,-1.0418297537078496,1.8025721260915928,-0.18664994548031888,-0.9108071447016212,-0.2908363023334119
2.3526264947411764,-0.6410438774873273,1.8610438854584987,-0.1008545444097478,0.3753461525487072,0.1271418413952694
2.2879801199229135,-1.2493058888867887,1.9626263958394126,-0.32009952207556097,-1.3127676427965425,-0.7700812503341038
2.3814143543320214,-1.2568833334826481,1.9958676255760595,-0.32948736755124114,-1.2870178582755623,-0.7894469143742491
2.4313584636375305,-1.4003121477697869,2.011957606181719,-0.4025155774688168,-1.2567475789168907,-0.7674635078858584
2.313303350336099,-1.3394856427684885,1.8048599837933943,-0.47196066597244835,-1.23375053863207,-0.7848547933738618
2.334364057180278,-1.2830678311841401,1.9326478542877976,-0.43634545798070185,-1.2713889453022802,-0.8003715677539535
2.365615457489442,-1.1994108132560262,1.9678280865205213,-0.49549365428796066,-1.26195837951795,-0.7959699041141082
2.3607035047763554,-0.7422106635180584,1.8739970713043141,0.35664868006836037,-0.38838813354758156,0.6966684573052002
2.3125402353660234,-0.9873376442134717,1.9165535622368715,-0.0847218913193828,-0.8610366410025214,-0.41381437019543305
2.387724351978296,-0.8601313509237388,1.887394581073989,0.20736771171402438,-0.565370286629138,0.06881151477798446
2.3420772032373267,-0.9390024196099398,1.7448212898326767,0.21469359195088014,-0.581340323054784,0.10491455844532795
2.0622122440680193,-0.9056324680323167,1.45286214646723,-0.03784661007405846,-0.2629209901455916,0.2524603716823083
2.0689348739558366,-1.391521643999028,1.5908892482852852,-0.4481393864863735,-1.413597063603623,-0.6305620788207614
2.0112606541630362,-1.5388358029978328,1.5694172927966759,-0.52997865420499,-1.4017025326742336,-0.5921901789186065
2.066302750475136,-1.7491892276411956,1.613307757644981,-0.46624710926637036,-1.3801173701421687,-0.571132601882618
1.8782206219192523,-2.0949985690202038,1.6726602568683155,-0.608805511649516,-1.2467584807595755,-0.5638161453567611
2.0211849406819073,-2.0096452317953726,1.6872792915593922,-0.45514808601341833,-1.2112889212444313,-0.5702362173197357
2.3452331038087237,-1.5258877579774233,1.888347606514938,-0.34563623929680065,-0.9109379764676493,-0.1521136377828372
2.2533481240551123,-1.06586814638132,1.8682544260610914,-0.25276285680313426,0.26937017351320275,0.31679801464807816
2.1879904474168965,-1.8274600504505425,2.111738162108054,-0.40168552809134345,-1.1378514473058456,-0.7174502519131318
2.3057687893484626,-1.4008721378798996,2.1337947168577394,-0.715895918139341,-0.22672092089922133,-0.717132188537948
2.221316207942506,-1.6187897773307276,2.087418798941828,-0.12772556557734693,-0.8136829521000836,-0.25422354909296174
2.402687621868774,-1.5040840142455931,2.0527286584236086,-0.43969588933113407,-1.2424667029577126,-0.7530305275534759
2.2977325873105436,-1.0496435701376696,1.9246985622850517,-0.4619442386813191,0.04905748787169423,-0.2992799517589547
2.3210770452591207,-0.7361244478059717,1.857255389212712,0.04170248387706809,-0.1211286775188155,0.06425174779133418
2.4206438334494194,-1.0795848482387607,2.0274849764981053,-0.3396823833390998,-1.1731794094864074,-0.8956775379167653
2.5522579465821424,-1.3048127731075578,2.1054787278765255,-0.3217720025888427,-1.1910216044651074,-0.8536496625830868
2.5190860095702203,-1.200926330548808,2.066275728648832,-0.3598135006880812,-1.2284137252306253,-0.8628007427937762
2.412778826202413,-1.1339276902594209,2.097780025615196,-0.2830062933836561,-1.2586885881593244,-0.8409555368001528
2.458758944297983,-0.3552758545622182,1.971284016525866,0.1355542677033632,0.4962329654720077,0.6747733922347291
2.2724650340748496,-0.7344319204143127,1.7277401643012145,-0.02123869479032525,-0.17842797872251293,0.15794927672029282
2.13101611561082,-1.2458172914188819,1.7574938402692577,-0.41082803238617643,-1.3795541598362848,-0.6826315876656801
2.1439398932333047,-1.2712634667116582,1.6916007044588177,-0.16071847199178282,-1.0001739665141494,-0.21632355984804186
2.180646704065682,-0.9496438806957606,1.6365410480599845,-0.3455259625525524,-0.5383898946262846,-0.2818356396034717
2.1741408153691357,-0.9519480226993274,1.5748510157560354,0.03801625528287406,-0.6573167230680724,0.17871286704550693
2.29251219938069,-0.6986792623526852,1.6444188003935094,0.24206450185529102,-0.4450151400256264,0.7877615683918808
2.3067959708916965,-0.27428284585791946,1.6445361020229154,-0.22625354526844227,0.268706588937687,0.11506929172635763
2.7553071399874853,-0.3370208522946982,2.1017770669748583,-0.3523072271660177,-1.3067019762840648,-0.9112216965950818
2.5933494369810126,-0.10332865627288453,1.9487908608184328,0.12779121448493544,-0.6323998110783932,-0.05231504234125523
3.1704003174722466,0.6071637160207822,2.170520684730215,-0.6058029087712138,-0.43508145867023895,2.8689592438071148
2.471632980991768,-0.07045603584228043,1.923883199199426,-0.5572408392313896,-1.2799300547255197,-0.977554357306427
2.477976558517128,0.3565954682787789,1.5630238945831834,0.18727062921278556,-0.3621553943460215,0.48401406003402186
2.5368176090764756,0.10849537341098969,1.6377383997576287,-0.4687078816080812,-1.2125754778886269,-1.0329610255185018
2.731131820749356,0.581226545468512,1.576471556292788,0.23940348660254354,-0.33561357861257496,0.4310830593322446
2.45850229966854,0.3709061779732051,1.6152624886371008,-0.6091240605116748,-0.740134062763047,-1.0395570524387934
2.4424949903601587,0.09864985587500003,1.5888192047147485,-0.39725345636130543,-1.2176700184191798,-1.0201460677265541
2.5017143289989017,0.38729329149247105,1.4916563163931509,0.21263434973836404,-0.5309847637893446,-0.13498197191996772
2.6132965402229567,0.28783140292830467,1.5664456968538454,-0.3604124892746235,-0.9920000215685527,-0.396904889003729
2.588552171229281,0.3770239989151394,1.5228998287934332,0.2186111867629717,-0.5247645457805657,-0.13937756114435743
2.3523895278508653,0.34444041057289865,1.4166772309013742,-0.07667697243395344,-0.6930232527333912,0.05164840051625486
2.1144483744321665,-0.09054751445933733,1.2480447840870135,-0.21697405280031198,-0.7477045352204603,0.2034118525103612
2.0255166925090426,0.21411653293433866,1.1357419646922313,-0.11138482947954577,-0.5502674993138003,0.8349804544538157
2.204541437768743,0.2159724831682458,1.1333244910100262,-0.41418727636340963,-0.932107116006188,0.3243717075847465
2.1818951778669513,0.36945137696130137,1.161567292377184,-0.281007411787547,-0.1000078059988741,0.8055791975755643
2.130378702308063,-0.10239268881110432,1.275947060272717,0.14416500623874226,-0.42293017142498324,0.7142288052886981
2.2613605860307646,0.09222752983609363,1.3237862973815275,-0.04276604309085654,0.0072693257215027405,0.6992253702224757
2.4232442078646006,0.6231236440568402,1.5496228501185927,-0.13399156926386466,-0.017040427156546554,0.7025292952676214
2.4402423733534673,1.1092035242857639,1.50474892514619,0.07338860641004173,0.7759961256467885,1.0515909595233734
2.686041906914035,0.9115416685706235,1.5487528341760453,-0.05303494990595831,0.5836960473606659,0.3964479211034192
2.577476930564406,0.11719227223935992,1.6687630005124081,0.074072389461087,-0.46483965445121117,-0.11855908121616797
2.767865182410335,0.14983783328527536,1.7633418783973762,0.30513126178569167,0.03396111358165542,1.1176422611574466
2.6598734379437476,0.12478662813708137,1.7596054181112115,0.3532227755598225,-0.005565281511086205,1.1419239262266925
2.496945660377002,0.33512346330967935,1.7826164404685882,-0.212720725859067,0.5301778260141989,0.7555939694932979
2.595379265007158,0.46814104433951764,1.771163372808876,0.134604254489596,0.8512699047765571,1.164280272029675
2.643682877440859,0.5878222752475988,1.9594362308032482,0.19683889373628785,0.8004523606624846,1.2312202774457526
2.430497404344893,0.07174797344742669,1.9940250536970123,0.5122946423887811,-0.3138051320300048,0.6234336950962042
2.4216200322084296,0.1178296610827609,2.000411475223689,0.5209953187182114,-0.28893620790259705,0.5966447948934112
2.4623228938234423,0.6204609263766837,1.9121190048942498,0.480378184047813,0.41528010845698027,1.1388305019101654
2.4502382671526863,0.6608826234288683,1.9153661653745722,0.19418074354960976,0.8759852057355695,1.1776122163722411
2.435032904866032,0.4025086510357996,1.7956524086963528,0.5128898184956568,-0.08643122877964443,1.1797105342513976
2.2380321576736093,0.10591646702412023,1.676080739617826,0.5881873702202921,-0.1165415879578008,1.280152461221903
2.034276482201902,-0.2696340214927074,1.649155320930828,0.41118146435162906,-0.39798315895322894,0.798756141737982
2.072858412132284,-0.28788050339267274,1.5924638066838324,0.31179967641204637,-0.6329111473696178,0.15010720477118508
2.1125101588454807,-0.2906182837263617,1.602653631278364,0.356304068607707,-0.635099749767973,0.14531541954308164
2.0409951205944363,-0.3020410111565863,1.60252911509326,0.3741463537198553,-0.6288554718669118,0.14431950884138897
1.9956276716530184,-0.38618460725690756,1.6606418803274217,0.35427166943631044,-0.5519720512411453,0.1419019608840976
2.177989434375161,0.44192812025688366,1.5763217493611952,0.28406859195402695,0.7817325032389059,1.2895907155446464
2.5582856307525215,0.48139562043761697,1.9216381699718863,0.42660726413709604,0.43438365114904975,1.1674254566622018
2.4674041963353996,-0.30107902601835057,2.0944848513657557,-0.2451371667096592,-1.1263219748631668,-0.9432055588437752
2.331337724838793,0.14055148902587541,2.0181890600508448,0.27690075330752845,-0.38691871724786103,0.7565012829865412
2.3608739525846536,0.2932022263565869,1.9700224230191428,0.614279103586471,-0.05279306055018833,1.1784112735691916
2.495733736421899,0.26668155198607546,1.9848685399680492,0.5494634688320787,-0.06609781528025198,1.1983155371791607
2.5213079228053448,0.4342130944945988,1.9586519716104824,0.3937732360192396,0.3919793160623892,1.1997987361446565
2.5138819555494853,-0.2360929566345151,2.054953716685287,0.031977098558472,-0.7948570517313687,-0.49020313150042605
2.4421409821637603,-0.36589045252577374,2.116755660248835,0.07493076071173986,-0.7499733323613419,-0.47728676253736857
2.523909475069333,-0.24663123879922663,1.9651259666702119,0.3530280489234458,-0.5178775366616063,0.003831237038725145
2.531007588788503,0.06875476738566424,1.9958215923435438,0.5916574433420312,0.01405405639996561,1.1928024880216623
2.5394217121773854,0.05479219126832217,1.9560091526341312,0.49535399804843816,-0.0005368519698448619,1.2097341913389343
2.569118608355466,0.45209052916164055,1.972767228559849,0.2761488559679653,0.9012978483494145,1.2074084841244574
2.4922871207652895,-0.27667140929348083,2.0772984755354607,0.3541378682770831,-0.46583853880663045,0.012094941056882118
2.516547695853936,-0.40828040513442515,1.9799870512630757,0.44022243919447657,-0.4940551389433237,0.04774255181071579
2.155578769967443,-1.2941322633775398,1.8939146401926836,-0.2025350650762303,-1.2325904256189513,-0.6081480687419875
2.1978372691219077,-1.1540052259100242,1.880159069372728,-0.07525377592641512,-1.0415736104506343,0.02079903606442017
1.973818564488808,-1.585524584893956,1.8572960040821043,-0.3484461488906761,-1.20107872013429,-0.5974336943267559
1.890499475587886,-1.881046207358289,1.8882907290145965,-0.3448435364466421,-1.1175537785728085,-0.5474553329764703
1.9736222370938548,-1.6863252316491038,1.897482917148159,-0.5295783114083047,-0.6765176962166823,-0.5359014868583024
1.9673822043613771,-1.6904072092386904,1.862482355185401,-0.05287256650643755,-0.763028680743918,-0.1264554078758989
2.464301671356826,-1.3239836309799247,2.2231245640933857,0.3246146662429096,-0.2221060995474626,0.13952647797215026
2.3207226792926154,-1.7303439506908762,2.221816673286051,-0.34762550571758166,-0.8783782229231559,-0.7701146713037597
2.472069164379554,-1.8457948757069693,2.2458745562810685,-0.3873383428054211,-0.941152857845012,-0.7213157051944126
2.347957723582937,-1.7747221130604558,2.283124481608356,-0.13134411924079026,-0.8506404490641791,-0.05438456972975814
2.310412185896712,-2.301637078606192,2.400931176986002,-0.27529618905987807,-1.0217118895898212,-0.5987995671523609
2.1508862510300024,-2.413202719556991,2.2938937598963953,-0.35774344018193044,-1.0221769132911351,-0.6129582723411389
2.022702320642339,-1.4708328309789802,2.0869298119303608,0.019339785509572403,-0.38644462327540474,0.3054632974643699
2.224542240536473,-1.8988248988974192,2.1880018524146654,-0.39378995798451777,-0.9811730081858535,-0.7109376758424836
2.3067402101129946,-1.9432818941793137,2.2460465475397533,-0.4717052144814029,-0.5614885380152248,-0.6714003946065105
2.114931479926894,-2.2642994262381677,2.122296173102621,-0.4831271289171001,-1.0130729900547193,-0.6542548766405594
2.0575695374268888,-1.4908368442797708,2.0525489983598475,0.04383136813226795,-0.3940253439811394,0.3182065288247901
2.303159251102249,-0.9571735192138531,2.0139501517401066,0.2265942532364139,-0.36158329765870073,0.06585332819613408
2.3567138484243437,-1.2138498859187408,2.1829585522156916,-0.30968879799346644,-1.091581249653523,-0.7806404135151546
2.150256507691215,-1.713681047652913,2.1533484397510385,-0.34418623101742574,-1.0261248062721378,-0.6477433985419115
1.8643956190647801,-1.923149159913064,1.8529835790058022,-0.3099002835639959,-1.1091822918084722,-0.5554690427126362
1.9915863873472237,-1.9050277298657925,1.7932653788305557,-0.4500140233486133,-0.6935625178134895,-0.5432658595013481
2.0703915603839906,-1.817651214665937,1.8030068000779678,0.2074532162236975,-0.39176323465097596,0.31857781376816474
1.9287791850204814,-1.596582906334041,1.830900519220679,-0.5804734820613516,-0.5885761762483634,-0.6253337990607212
1.9579165574014346,-0.9706145137168689,1.3989900544373828,-0.05657133101960485,0.020406489492361225,0.23245213088432234
1.976911304144824,-1.458840403156932,1.5996161277808023,-0.501689139149162,-1.1944248127856139,-0.642700286109078
2.48989412151381,-1.0054226392346888,1.8744526794907395,-0.3592726095377053,-1.10945766534544,-0.8928588543041588
2.622083612860605,-0.7909904739774043,2.0478361191597063,-0.033762537316720326,-0.7916333680561437,-0.4565246201575482
3.088472953848725,-0.3994802634462345,2.3844125108753236,-0.5251565765222858,-0.20560850185713025,2.9587464457964754
2.6405177500066395,-1.027823155190962,2.27071691427827,-0.31306450162454236,-1.1061337962289572,-0.8702883734607672
2.557002380803272,-1.1730093047462042,2.3071356747805565,-0.24600644854256581,-1.121362633271703,-0.8299638594576684
2.521007596535537,-0.8188731398385458,2.096094622142988,0.3771334214432009,-0.43258113636913786,0.012836056292016647
2.362596073084778,-1.167501186531409,2.32602692128858,-0.006705243470104574,-1.0760495535530192,-0.9084998448443532
3.901222220434279,0.8609633737678054,4.084373901579628,1.3601800307061336,0.3084379319941973,0.43787677998181773
3.8757001314765986,1.0984239748787843,4.049959972053747,1.0311057663081604,0.7969646916395421,0.42765408419838435
3.935758229316173,0.9879886846674316,3.927878235559507,0.5090164107470645,0.7009512036168666,-0.7367641311665135
4.128851204633111,1.0108662115264349,4.033340426358253,1.048653285703684,0.2568240497190898,0.45060038421092585
4.002437100193385,0.9543079226864993,3.9500369571722946,0.7895551178805196,0.47910928545493,-0.13593624668596327
4.057031745377827,0.8788396852097714,3.715798473253624,0.9630443390736316,0.33899356067541625,0.44660701369363986
3.6277818037812515,0.3760088034404616,3.6846462941439935,0.44791553697673314,-0.41080814803719645,-0.2948078694405695
3.3247940359059447,0.10596283527850461,3.488094330970211,0.9044370422134448,-0.23478933468674143,-0.5081347574334047
3.2912808158684035,-0.060230434773594944,3.5981568120691465,0.889610011866656,-0.25789037654511826,-0.44666756438629684
3.9756630477071373,0.34461529450921574,-1.8748516343286183,0.07723657180486132,4.499258121693462,4.309381984515672
2.0990683905270764,-1.2276874350793372,1.9146562514782062,0.04245478992606993,0.4408224993633354,0.23604285479930748
1.9046781432019284,-1.8365311367688566,1.920271965430123,-0.6570362583745211,-0.7298184530216602,-0.6182672608788171
1.9140024212743907,-1.833440806853058,1.7917551369182612,0.06714221900456727,-0.44840101756258927,0.1995119647950917
2.132026095690314,-1.780428349742299,2.074860205891826,-0.22365590765253557,-0.6622758903096997,-0.3604277692070542
2.238675549831994,-1.529806293318855,2.2167329919328655,0.07722832909359281,-0.329766243566799,0.04856550532778018
2.3612113748537995,-1.603992035489372,2.391174394479101,-0.0938692899372078,-0.7310011584460723,-0.33781407528051977
2.393086030650262,-1.766232871126737,2.439019657590479,-0.35172007916395176,-1.0516301494404698,-0.7893590260391796
2.3710885358347764,-1.5004838066725033,2.337752721582237,0.2613702416008982,-0.4097490337730956,0.12820946022014976
2.2982971252732716,-1.7612759426667135,2.429510361302597,-0.28700815760092213,-1.08203959026451,-0.7638037971538091
2.2910574024277355,-1.801835089633527,2.419773255650292,-0.3114960038873176,-1.1294737520850464,-0.7352405232126022
2.313891604698887,-1.8531215707824344,2.4179693493805985,-0.27491675097128737,-1.0926585219128016,-0.7675623077215062
2.296683629063356,-2.2003929307004206,2.4061584195604673,-0.2856964314862138,-0.999848339369063,-0.7155843221989774
2.3425964047092105,-1.6253252639354872,2.2974009788798773,0.1471357833691321,-0.5479274099989448,0.29103218355418276
2.2185188122762267,-1.5060417962707011,2.2206372426355974,-0.3847423699388042,0.15647000070167225,-0.3500891555315129
2.1789148726829763,-1.9416113054648232,2.30500389158813,-0.5499690830645604,-0.6043332523522627,-0.761932303274159
2.0035920228304493,-2.3688135661430856,2.4473339132841985,-0.4824963623824824,-0.4897640674626492,-0.704389176299299
1.8322008695936582,-2.5224414147927154,2.1494624039455945,-0.43314495961187516,-1.0923651536118948,-0.6118606122446145
1.7781838049416294,-2.3520498219159154,1.947552831976767,-0.28137596970854606,-0.3479858208157361,-0.09357282400397868
1.475358485517596,-2.4233671871092475,2.0208807943047304,-0.46336409777994725,-0.19372930968186258,-0.5525500835630621
1.458931521000997,-2.7305078437907073,1.9572321365959444,-0.23508737283430223,-1.0232967241094044,-0.5850179926959809
1.7241014185094858,-2.549378284401394,2.021648880994475,-0.502467627425302,-0.5432558665896431,-0.59164545274202
1.8173140974870525,-2.3488122613743045,1.973376727816239,-0.47415563846635445,-0.31865916044081305,0.026165185544151662
1.7119374080056464,-2.2150272347158815,1.9225509447596165,0.12001880332250552,-0.18109639677339212,1.0812794015087157
1.9155487149169181,-2.1140982868565037,2.1950663214978516,-0.2416615413247673,-0.9896091931475269,-0.805056970196154
1.8795143987993184,-2.329401841813074,2.2984247780550864,-0.40858072433906917,-0.5399502908399711,-0.6905804731248254
1.843274983191501,-2.6412894388928243,2.420039309969716,-0.31322308642495106,-0.9404463362615337,-0.7010274220458286
1.8471741523355136,-1.9550003424689881,2.29359795031082,-0.18239309372303628,0.49897173959401675,0.36173892487335524
1.9425639760730453,-2.358804421105838,2.340922316212253,-0.4611672517533706,-0.4214783555198598,-0.7238932298457977
1.999021643636938,-2.089899160256968,2.2979610616239645,0.0708032982075492,0.23180508782466003,0.1533550547162165
2.182988387004321,-1.8302915084097768,2.110380366453671,0.10056349366337247,-0.3838563642087447,0.09659423369203211
2.2010704492749005,-2.0065247205139203,2.263893736419473,0.051932935664933795,0.16964387723451282,0.13534427656966458
1.9903922444957822,-2.211060249498709,2.4159514731298715,-0.36838879980039757,-0.26822333572943685,-0.10002951600732429
1.8597335025115973,-2.6137405057161787,2.4038572034407064,-0.3181459677445399,-0.9531614378602421,-0.7016408931673928
2.0153630783761676,-2.6663815704625855,2.4816766789420313,-0.27688077661696603,-0.9411034579851837,-0.7051213888862882
2.04953189923134,-2.6350277631482544,2.3586175926286903,-0.32309220150952656,-0.9369577734845583,-0.6853897371220106
2.0810424912155643,-2.5479420497154246,2.3354764781435455,-0.3044715845973218,-0.9840999475135784,-0.7220587448903367
2.0874988350498747,-2.7433939145474193,2.336057361918301,-0.4833930124320093,-0.4629338000861808,-0.622824395673606
1.7945762977808115,-2.9619724440018915,2.0640825858848797,-0.2684982941268322,-0.8164761845977325,0.11355707563750726
1.5798439313771617,-2.969101991977456,2.0177783850473876,-0.4164231840263221,-0.6183094839468277,-0.48122421064730875
1.5632289007104256,-3.0822045672316216,2.08214786869588,-0.22278266825052903,-1.035419691539737,-0.5164470454230342
1.4071540459438052,-3.132006382636661,1.9542374638636189,-0.15486200437720127,-1.0478663099494212,-0.5000064410236489
1.3530204743476821,-2.9998439529606267,2.0589631729466578,-0.11245183262411297,-1.0405188800404344,-0.5457865166316911
1.3540953795660267,-2.942791154164309,2.020867683957107,-0.19305387452490513,-0.6432702022488221,-0.4936828067092813
1.5398348729566418,-2.6516647227859194,2.102797128610798,-0.5310346818222472,-0.6274586632092876,-0.7387493768761623
1.7503104476026017,-2.857075208599667,2.375983200378208,-0.46677077052848537,-0.9673475967285975,-0.7858975661658402
1.8561561476231478,-2.5172261308065775,2.2373696408739816,-0.1928712938118917,-0.7087945689796137,-0.3697666197744895
1.7788000851172934,-2.85669212231614,2.271392573172264,-0.7276961272741709,-0.42975841095596123,-0.7652109280951582
1.7504004146410084,-3.0435879707232516,2.383428304729853,-0.4364665070537321,-0.9020235125435992,-0.7817914364957349
1.7557299323533189,-2.8695100043046082,2.387778889995919,-0.6209993820372108,-0.48132687402048546,-0.7523533262929382
1.6833293766465998,-3.113856882891907,2.3772580854404533,-0.3917252099817428,-0.9742962985405327,-0.7149951856148963
1.6990195011013816,-2.808167933358148,2.240277590862787,-0.41531007504604406,-0.29142506298119736,-0.10464363263757076
1.7828265147962579,-2.3856174539525936,2.0913201397091843,-0.09474657493631686,0.7474161534811764,0.9420433610568604
1.7028616183333405,-3.0295795592853034,2.286341856344194,-0.352993812781458,-0.8385368240430172,-0.8061414440962302
2.185629202480285,-2.514093836492322,3.1439881124352786,-0.3117024632743889,-0.21582617496638262,-1.1565286380052127
3.6085974334986903,-1.7775658042056788,4.278995499296382,0.33881942424734013,-0.48021002395378,-1.5412145866780478
3.5251710654957726,-1.3706159795289607,3.997638933406239,0.9428960673378136,0.07858647364188001,-0.684644683169905
3.6462379798694813,-1.4572216260133322,3.920257440853221,-0.23731615550497215,0.3428940459457712,-1.475455520809353
3.141352851442681,-1.8426890068324115,3.638115578118423,0.49485894475256637,-0.44257974096264496,-0.7968089280741595
2.9278392414581194,-1.9807390093192212,3.6179690105953988,0.24329121368552709,-0.8099301392697299,-1.2120097660195286
2.449663904758807,-2.509428459532325,3.4204561255097516,-0.20692443706924318,-0.28378731528296813,-1.2054837853520306
2.6921281236326307,-2.0200244502657925,3.5132631655236053,0.2315696191795561,-0.27538788454771485,-1.2086003955663158
2.8861440930259974,-2.0205055488406987,3.613924464744713,0.4146897628471106,-0.8096830439678674,-1.250580862261071
2.350059848510036,-2.50505925940902,3.465736002455576,0.4302325480513547,-0.3733939954561312,-0.8209520487814876
3.2345138489979166,-1.931518155485349,3.5620575285149902,-0.043405537483439054,-0.13962983410266483,-1.3010176303680092
3.650231771708872,-1.5368136445854848,3.779174944785523,0.413632292784466,-0.27170998369688515,-1.0767571831938072
3.545650665568196,-1.7634043479846164,3.9050375188802864,0.14774711913256944,-0.50265224702186,-1.5398599216833069
3.506082058015179,-1.5067813869440296,3.8105036493203985,0.2087127809419522,-0.6400381670368932,-1.5515188289122288
3.524771841550445,-1.6769236527408078,4.1573247766010715,0.24279348711704096,-0.6075914383657421,-1.5138113613967585
3.814027863528826,-1.1989417426242184,4.114314831208417,-0.012124820132570855,-0.28291469234242383,-1.5330551689101124
3.521520363691999,-1.7333977976356487,4.1002689890233315,0.14581323146873784,-0.6664131948566591,-1.440641419613488
3.7837123614343997,-1.5517349911227718,4.154579433095358,0.1940017426275586,-0.6409764528527037,-1.5720122832811056
3.6575148994991857,-1.7150593156582925,4.137002159803636,0.19480812090619282,-0.568228897066178,-1.5358150735180585
3.637760098504715,-1.4364246683277382,4.031546886340145,0.04219506616554695,-0.20918693398833224,-1.5381304416411483
3.5706254796113495,-1.7068899909085542,4.176434641968438,0.2612573934973468,-0.6290514164699647,-1.4618944638684472
3.35633840011489,-1.3495381650939862,3.9086151462171745,0.5607626907565423,-0.329771996376475,-1.0930445165670564
3.80771713511014,-0.7017541834798305,3.9141340569138205,0.7814517325433399,0.368388295788656,-0.7317856299310501
3.5947687858900124,-0.9656187097085053,3.7883490545952054,0.5897228751459611,0.36344575666913514,-0.49839958325171363
3.3495108735759147,-1.3500692015639577,3.741602350693418,0.6631514504649161,-0.4135882108480604,-1.0275584127452897
3.1054368618748662,-1.6249026404196325,3.5480638702216156,0.2504002675202062,-0.844425078278587,-1.3028590159744047
2.9345816347576283,-1.7367271440882086,3.6023227426376256,0.07578038800471827,-0.3489594460499205,-1.2082840171345628
3.0198679307300575,-1.9718736839724156,3.6402802836984907,0.3052674637130839,-0.7728118446720932,-1.25937720092931
2.4314187902362043,-2.151233971836318,3.3228381834720895,0.28665184186425446,-0.4970563616428042,-0.8154892712670736
3.096115276754814,-2.059057557501497,3.5319354503031324,0.22324648561056784,-0.7847028588223935,-1.229237224040106
2.6201801188116125,-2.287722923998787,3.402083900330841,-0.17325651290185526,-0.9027762789604211,-1.2182924685154366
3.5087558592840473,-1.6478813288658634,3.97383854792085,0.3074544319537572,-0.43351530736560095,-0.8261070141663147
3.7783883363368984,-1.7086220451700207,4.1897460852091175,0.1755010390139329,-0.5731945305343517,-1.5386568361134285
3.939232874666946,-1.464046365354005,4.1109333405921005,0.2632990281583041,-0.6800323530252563,-1.5743950084424072
3.658542008093779,-1.4169721481587323,4.054257913950931,0.1783712830347411,-0.6868484877528933,-1.5345688868059757
3.8075765141753593,-1.0518085051731754,4.083222088952682,0.013408519008711175,0.19724445034854446,-1.5725098522165792
3.6690259911585668,-1.7311000957473286,4.124594174237365,0.22690979753874352,-0.622786192602543,-1.4887694124970563
3.7347588458556342,-1.5443650386697472,4.122419382412301,0.24409076737864555,-0.609432568186633,-1.5225140018155592
3.783149627726043,-1.4212485397952106,4.173536882665607,0.36710339875911197,-0.40385916754066453,-0.9454680422632926
3.856299333044738,-1.4134976224504927,4.207869104251477,0.6207479423711472,-0.32359189563605156,-1.097324321186766
3.877102852785358,-1.790384726511298,4.270698329253356,0.3104874143123217,-0.6660997406413064,-1.485645356736079
3.6746111556533307,-1.8431172908175721,4.2007346466809015,0.22685913097267035,-0.7038100195601,-1.4328399696402316
3.8636606419513524,-1.7861834390603917,4.201666891612388,0.15556464879804432,-0.6569955841020813,-1.4787169183400068
3.937206546646568,-0.9618064877965973,3.9833179116583595,0.11772302812794627,0.5195895905325909,-1.083546077260843
4.104804334724369,-0.5911746491797236,4.022568276042191,0.5344529244683194,1.0481362178071865,-0.021410784036552187
3.860361742257218,-1.1184514225212259,3.9820190076511253,0.10414634263336128,-0.2498657665623845,-1.5611451586715424
3.2928427871975425,-1.8125709849632636,3.6209783606976718,0.032480931222801074,-0.4189110526051585,-1.161339275325735
3.2221262366862327,-1.4766855267382692,3.5734992970796378,0.058867469059661635,-0.20274769705255535,-0.5905895395200083
3.1850311110430254,-1.8342167004763517,3.538579931947571,0.03498955082864526,-0.8642923128351995,-1.190036544117414
3.269869313039598,-1.929529857091853,3.659987364618902,0.14414515877098213,-0.8005274906553425,-1.2059922395213116
3.2903001877805393,-1.8241111231971698,3.639897077681101,0.4546767047561935,-0.5054237836846974,-0.7351074629280202
3.1938986961060816,-1.8395017867874315,3.5778657343392593,0.17495950436353874,-0.8415815161080465,-1.2167472872807663
3.2787603356570476,-1.6643916831536083,3.567190072460308,-0.10605132896227394,-0.32818201429793264,-1.2601292035449059
3.520599221854005,-1.3267264597331447,3.9068737238544147,-0.19816045447951952,0.24127756154355082,-1.449184610456912
3.8244058867005095,-0.7418198089610742,3.976974617384261,0.21291769090018803,0.7458022295020054,-0.46723797079263346
3.7911741527273315,-1.0126145239865116,4.107577747170811,0.5270560206356237,-0.31781471913754084,-1.1610464634616973
3.9815654216308194,-0.6249134211977743,4.154178104655199,-0.1038477785718554,0.41707948074140894,-0.9499556843201042
4.0142478794359,-0.9586067793705538,4.120976548607148,0.17832321530640763,-0.7077066832615375,-1.6019678849564232
4.067734380510687,-0.7568391643490042,4.127312929858183,0.00962518514370779,-0.23767112770658308,-1.6242588558779032
3.8991477951608458,-0.685070490469831,4.151848249091414,0.34901722010764114,-0.45351272597126074,-1.0451715969679978
3.9345257589415263,-0.5984953036616534,4.0789574344067345,0.5203568524729186,-0.42478966399508244,-1.1968707833297083
3.858063385929336,-0.3778191333134253,4.04563910524695,0.8003079140705046,0.06725474341572545,0.050551809812934896
3.930881040087286,-0.4428777743091053,3.9815224459659597,0.722177629045787,-0.2660525631245747,-1.178600880352367
3.844414236470752,-0.3848037973727206,3.9345051243860585,0.9214629144571882,-0.06829215782509325,-0.7517738621321753
4.22516672913713,-0.3294674602302561,4.13921334049756,0.4835594621603243,-0.4356220911637466,-1.0484227857007429
4.235615106832739,0.00601031568998641,4.156465373740593,0.4906582803519433,-0.4881371801133026,-1.0824007735655585
4.397303089264184,0.2788325318618903,3.984327544233319,1.0104840302508813,-0.1189210950728994,-0.812564849084031
3.6576094085329505,-0.3008901746880677,3.543748974426342,0.5609084864423262,-0.5799554488762616,-0.969842078186244
3.575165119956152,-0.09593531797082987,3.477650775481151,0.8443346576164357,0.3673417780714177,0.20950836844609486
3.449715986148249,-0.3757879227566997,3.4903946283286373,0.5136480801864838,-0.48936345195405956,-0.08377191290312985
3.5922232730698904,-0.3170642962088475,3.4327396841596296,0.44153577566447083,-0.5720467146908743,-0.9485528130875645
3.567006888836001,-0.24785731560271512,3.4893627062106134,0.031466524786095615,-0.4336602260228759,-1.395464076130984
3.432165382412353,-0.33743694087420945,3.317786180814851,0.24016791174397206,-0.7017447107573905,-0.7436697600021217
4.013049720438475,0.5934569705776699,3.770646194926431,0.9993904409359066,0.7436754997381448,0.5556386624597013
4.308681706804712,0.4961806819270409,3.932049952706361,0.9172815242554789,-0.17366461011200474,-0.8229152330250445
4.212159946065272,0.6425931063059974,3.880456090172389,1.0513057001153814,0.03172804112983009,-0.19632859294868063
4.110383840049953,0.8604662102662014,3.8562784420074747,0.9671071667516912,0.5056359368344087,-0.21884868649944322
4.134450085580135,1.170406679587313,3.673876209608457,0.9298196671842522,1.211467492215921,0.40463209247537096
4.059397186173299,0.8005554827679109,3.7560481824838483,1.1890510357337463,0.2655857991974578,0.4343546194326973
4.073510764916176,1.2553028240514346,3.7557983520691036,0.8054808337550721,1.233935520003515,0.3716377865343035
4.065067260276927,1.2082834715078647,3.7433780580966007,0.7447490965443981,1.1552230782022301,0.4254817940460059
3.921037531588692,1.22944009919936,3.645865238855649,0.8620733116086424,1.2212123197966773,0.42873233346879486
3.914093618115306,1.5510193694014733,3.6642455966211225,0.9095544515173793,1.1811717299619036,0.36152239847397044
3.77583481967172,1.4004025691345323,3.7218402694573145,0.9714284406851892,0.9889963903721483,-0.28426167759811405
3.7429858889347383,1.4510950971627488,3.7085110578260028,1.176160697585155,0.8070726790307935,0.3015061247179917
3.8969228146463393,1.345486793845426,3.776476388182062,1.1510577752000826,0.8439486534372588,0.3125977003234986
3.755324787778172,1.193905432685609,3.476875789973885,1.1114666128853978,0.11159305420756058,-0.28558429696034465
3.3554164641789503,1.231027063929949,3.2340054608255593,1.0236767388350823,0.6789458422401295,0.5066066444465471
3.1951959835248323,0.9513083350378478,3.065395156122244,1.0243874698032918,0.16092092341196007,0.5860543569326053
3.243881805896517,1.0140663192108175,2.9938217839162222,0.6566251454124541,-0.19426325572317418,0.10471747869198658
3.2433740357591896,1.5461510972919867,2.9442112316572007,0.6827125792078416,1.08193932142965,0.5260434124444636
3.232911967443674,1.0576591402743578,3.0304072718257573,0.6942517932936688,1.1682621872987649,0.607251382977194
3.3965763087398333,0.6410946127479697,3.217773782957623,0.45090643219682686,0.6050261434175515,-0.5714766138124789
3.616848280607002,0.713711800138809,3.3126585501011796,0.9746620829121597,0.1846517264397527,0.5887658609711549
4.111643745885916,1.373780637494251,3.7035208532941595,1.0721164484801997,0.2578954309709489,0.3210689529253353
4.038297891508362,1.0438518037678266,3.6941845592202966,0.9527166304973457,0.7630355382745709,0.429141832451479
4.066961760789938,0.4360859619806112,3.826862691993648,0.8876726420362405,-0.18079074505493428,-0.7486780597387889
4.16393696347343,0.8226065800601486,3.740748951052129,1.2489951801205006,0.3231766345783829,0.4007048171830873
4.136157519718307,0.5339039877493718,3.65836226704824,-0.02913991542983518,0.21508258672899902,-1.7103580756740886
4.342456177957307,0.9064689279297905,3.9933672004213814,1.239174113508657,0.31436196331084615,0.35643443319920337
4.168926386153703,1.2329083375051122,3.834540510123349,0.8699266016924077,1.2036868327886072,0.39542066186052366
3.9073875307857087,0.18864202557708712,3.8275771536301457,0.3150836899436597,-0.8345063535338221,-1.6371176236760312
3.978842708971789,0.47212263880508654,3.81422578617359,0.5807831821788965,-0.4862762116669011,-1.2431179934295882
4.086914029372807,0.5162375890306693,3.9386327239111703,0.6868661874880869,-0.5281321615183724,-1.2496653761825025
3.90950535173236,0.5304243806872354,4.015054762526517,0.7038342645405846,-0.548027275301273,-1.214869919906175
3.877907115443519,0.27279005097815734,4.069348233238384,0.43836232939173503,-0.8693810928725808,-1.6424538890548546
4.069270307586175,0.490041126320926,4.118646062218045,0.8909339332065191,-0.5174127142718988,-1.194412145666066
3.9725897248277127,0.7287807327433988,3.9007331643380563,1.0195677191030519,-0.24360175007494078,-0.8196450962479253
3.7281704829617186,0.8304141358033358,3.529682733665616,1.0265891835156138,-0.057920681757062484,-0.08729237956565315
3.8054121895877526,1.0799623103816307,3.6679591640281353,-0.12146575571908272,0.10071115941365676,3.596833484807366
3.4223140405540002,0.5024268256348062,3.414176861308384,0.24595506661119343,-0.8146999285695152,-0.8729526710907807
3.3271211701223575,0.3793464437138614,3.233033060594596,0.01919326552836625,-0.9216981432976699,-1.5073865717209545
3.424090333934069,0.5306187247671283,3.3033978055999804,0.3793628589463716,-0.6641378160659612,-1.024942385616391
3.341703716096059,1.0498946372635996,3.331199476546999,1.014564338797709,0.0829876249438211,0.6379497538212726
3.356689023368197,1.0768150833907755,3.2693680828204643,0.6031154355779824,0.32977258459182446,0.024456864098829665
3.9536040293614216,1.8961962157789876,3.754024579148564,0.24433422338252023,0.3649358863545149,-0.6118463589788603
3.9819702839660094,1.636865081349955,3.7451034305637108,1.087247684289194,-0.09152863485693057,-0.34050504572327767
3.9586436463748957,1.1542527899332589,3.8725865041341834,0.49586214640357484,-0.6047735629611153,-1.3528591134782668
3.9785355249882994,1.8101794269101759,3.6699290074460076,0.6984229099599385,-0.20883609104709855,-0.19495666412251103
4.1386399840634365,2.387472859635286,3.6154535634305605,0.6597056848152697,1.0661095339480045,0.22106803918426815
4.1548394189715365,2.171557345302664,3.71652661396487,0.04489159184221521,0.4564825773919214,-0.7079797377350528
3.95427674829485,1.9688047927255559,3.4198237501997175,0.5128615480414799,-0.061466899695877535,-0.285975557810688
4.0265226726782295,2.548023527808096,3.459572511557704,0.4960959580035217,1.0846815893033028,0.19912288039472625
3.906641648045387,1.8280277859536778,3.701684330571698,0.13428220186673934,-0.678885493860959,-1.3294184692210844
3.979911298802015,2.2767418711728378,3.6227596786603082,0.9472463967085131,0.16363826069786253,0.1943754924563782
4.00840849794625,2.418387934705597,3.5716511289007364,0.2222309016832182,0.47677026548628193,-0.8836943034861551
3.9333781072030223,1.9088895308422513,3.5536186668983296,-0.10509809522837227,-0.5168588422318566,-1.9304246281690487
3.923362832179996,2.560040092231373,3.468774141310836,0.6070333981541756,1.0792214310299726,0.195965063032303
3.6478600305554414,2.0054905233618423,3.3361150373748343,-0.005301963197396435,0.36166472777560793,-0.5413483985994763
3.22606387656419,1.7808848373425727,2.960993874933537,0.09015939733246614,0.517946570040763,0.1397569687862432
3.3598647099860783,1.635751507037837,3.0221462310754506,0.4914505625654313,-0.364917474394426,0.14669664693291282
3.420117883566615,1.8983546477591884,3.0387388929411263,-0.041085351355595046,0.2287396918163669,-0.32682640300897076
3.168314042156686,1.7549935300837929,2.7862726932527053,-0.04676729317488071,0.37867434979431713,-0.5234846394401482
3.3028831218216674,2.120878803575705,2.8791596723841204,0.4864663848108764,0.9520684354922228,0.508020212964143
3.4056854109989403,2.0176175757087145,3.0691962333730376,0.4030077470296693,0.760713412267762,-0.16811638593007494
3.9409618765039482,2.7600543291843023,3.6040763745429087,0.5893745324480133,1.11742755801763,0.12899977210702718
4.140883389918801,2.5422013653349653,3.6152447546593542,-0.05657471549698583,0.444376529794033,-0.8033794229759142
4.08310658492303,2.1171098232755328,3.4488736050815816,0.7961901998379679,1.0337781175017924,0.36053964276411676
4.284717124562672,2.2429214651023592,3.646104539540703,0.7918301123259782,1.0861264859968767,0.28395428537631723
3.9758627691071733,2.0371142469022,3.5814055469515775,0.7921322450073647,1.078788881264473,0.36473680718167595
4.004408165506458,2.0924326086872216,3.64278973463625,0.9089548812904985,1.1287908060196947,0.3266265134097838
4.087171079404716,1.9752042899640072,3.5910708678150436,1.0626602521019473,0.6049010243437418,0.32369457470681834
3.8693047444321422,1.968247799934597,3.546322191703856,0.9340669047333129,0.4071401111105707,-0.2830282767991876
3.7591237068425802,1.6760529203126984,3.5265726128387436,0.8484803207458618,0.1853240996136509,-0.8449503965077422
3.7272453637506393,2.2987555998490476,3.502834771658075,0.8498509677778578,0.988224283922173,0.35639219056477794
3.3713414939462347,1.8195962103050531,3.470115655441505,0.3407835754331529,-0.13957011374878714,-0.45463225061993634
3.551197143924666,1.9896231572908643,3.515640617068166,0.6227439424631502,0.01656031941485243,-0.7328435738928399
3.72116218488212,2.1549519331919593,3.5459048881459587,1.2959553022477728,0.1926713195326121,0.2748163339991564
3.7071254222958676,1.7480079936128419,3.2575050002393247,1.0180135254218103,-0.028009251377924736,-0.23185094344153737
3.1983281434941766,1.298054458557724,2.9899601456785505,0.6418067643520453,-0.46050958172231854,-0.4887885053427492
3.196281438237931,1.5295136404083784,3.007212820312204,0.28714359512217547,-0.1827713963328046,-0.29963626359190537
2.949659434497477,1.7635249504708213,2.856570136659817,0.9520474092627077,-0.18351865819362304,-0.0768130133351156
3.052338485877074,1.7191059079455304,2.920783134926387,0.3815330380702701,-0.6267548179735847,-0.3730728924261452
2.974892643447404,2.297197718969368,2.732998685348547,0.6703885932661425,0.9919089448825119,0.510647826275115
3.0879243539153407,2.0195175658117006,2.892205525049804,0.6761188278026793,0.33106938953359527,-0.11873746958429225
3.68764448114918,2.9115925541630094,3.266487186049492,0.1224219033652646,0.18841730635620937,-0.6555027461981413
3.645688858674115,2.967593229963683,3.229418981557958,0.12051297966906127,0.17937425410330357,-1.4965993471366728
3.597945358367484,3.0471302555729602,3.3421578099498883,0.5036080486456771,0.7402054147945037,-0.2876522796005072
3.6713314217656485,2.68660139875815,3.3324981296585996,0.46224073593646864,0.5844082367269543,-0.9924287363850183
3.763639038011371,2.4466395648702366,3.412778571741766,0.25975509123209256,-0.6802398040869336,-1.3712191390676658
3.7974875958454497,2.757040476006716,3.272681133838532,-0.24597228341508107,1.561743046223689e-05,-2.02186896787895
3.775619620042091,2.886111836731272,3.1877121339629864,0.19670426536142321,-0.11605922744893422,-1.6184429605356532
3.438873529099751,2.8557831900546566,3.017836059129599,-0.3574440632761651,-0.0016511463465328025,-2.0194642886581264
3.5185311573029256,2.7204125007584614,3.1883900967629977,0.2275022412599426,-0.7244886227179486,-1.4310200651416844
3.555108859548469,3.092210965343923,3.1622490632632134,-0.10971363501352786,0.1906502315096892,-1.4362045018963685
3.688487682701043,3.228792347921302,3.1962497608965017,0.42362829385218354,0.6031902174040408,-1.1525751454785185
3.813822488934963,2.6157004904889343,3.262667931012825,1.0231815222662453,0.5020760107447052,0.2582835345628671
3.633278007894038,2.31294343062236,3.154915114461192,0.016621254298411374,0.10099868311797304,-1.2059675463368962
3.2518847154252515,2.4110343833893233,2.7104849919923715,0.574299525650669,1.0036931040709087,0.43861147467438866
3.0876008575772156,1.9148088413772713,2.6809412143850895,0.7235601550122095,-0.21044680115983605,-0.09482654811606289
3.0341819306644338,2.1691786438009406,2.921850446232497,0.29303939108270943,0.647485546565361,0.028035957538315844
3.1151163471573025,2.3234524493488524,2.9197234546603528,0.7558160242490233,0.9398971253235667,0.5090933086933075
3.2478705798862015,2.123385296437367,2.9208063565237343,0.5624583478755674,0.7211125534778586,-0.14303174725262763
3.1327861676657567,2.402936037659975,2.8837360086128516,0.7261632298695769,1.0004719503615465,0.4603337467167413
3.418411653568346,2.4964528516178937,2.9231638433615914,0.4648891165053835,0.7267908026542482,-0.10394040544286481
3.8861937509762656,2.648133621579792,3.400618143372617,0.6973751613892322,0.2754343321968992,-0.3020109096263657
3.935157668849799,2.8056795761787545,3.404586069469413,0.7588398355661693,1.1285250383300693,0.17733570349997899
3.7731478253906063,2.6034596647742543,3.469304058631036,0.9176339008404006,1.2196140084439446,0.1848018004947834
3.863501733596982,2.884462972124483,3.416528910280902,0.9779605107412577,1.2080832235632304,0.10999308568172755
3.6781345714420546,2.232155611732181,3.3424313988535097,0.8649821634105528,-0.33357858004804525,-1.0115887452276604
3.721687534199565,2.7256695543753606,3.1709476815205995,0.3467387069137295,0.4000233225446553,-0.8267450655097918
3.7483842978757598,2.9484957012680915,3.345236347261216,0.16295212102655243,0.2650385883327441,-0.7246022556642074
3.627202420497792,2.937362920778409,3.2832165943306,0.09239421897553807,0.2658121548501369,-0.7010308188120365
3.8666877518984246,2.9916606394375744,3.300453550176722,0.5141939926146648,0.6038631207772799,-1.1316026027140782
4.089975139397408,3.5009173496058374,3.223296677491951,0.6131665948742145,1.017070168554275,0.07187944510087856
4.1478972622627905,2.881006516501343,3.3379176695022794,-0.17074525786684538,-0.05912370727667817,-2.0716064586656415
4.031165307170819,3.0387838245611327,3.209165244098714,-0.005066972861469938,0.37834423101322273,-0.7690712088460785
3.9230759226435095,3.086756799825246,3.2220033405573694,0.34767756011411777,0.6169795277119616,-0.27415370262392774
3.2989738454282316,2.9566568939863624,2.862482810572806,0.3610442394404177,0.4911031628747811,-0.06814304443048817
2.7415843379275957,2.263438321673142,2.6914078526860314,0.41901361100829215,0.4717512148042919,-0.6663759839716785
2.7681837417075026,2.18852586695781,2.740871647877533,0.19175708098867555,-0.18629674738765958,-0.3433862459672414
2.6578026282984166,2.075123728078858,2.598172577435391,0.20905982827333833,-0.3586586359167303,-1.0953576818153745
2.7323089070218587,2.23840907725522,2.53378277076582,-0.12782233702854426,-0.728153809160574,-1.5969370290794729
2.769500355250482,2.0815998989556204,2.704747108663866,-0.007155175854152063,-0.34638298596494194,-0.9688542449030647
3.1392855528805375,2.4636085914739985,2.8658801817955,-0.24084485471868908,-0.09487954811851837,-1.7419848846499184
3.54570055115819,3.460026830845243,2.922843288756573,0.6887915497428909,0.9942853529065843,0.21077763838495608
3.3538853115262413,2.8570792838952843,3.0500068941485763,0.4000129182216325,-0.1507240069721724,-1.5050118141260647
3.526206413294921,2.5236474088136376,3.144413361747366,0.4526492181243689,-0.6930102901342194,-1.3887534864492697
3.438988785122541,3.028312622058619,3.1128197836823888,-0.07968819293828076,0.03028380959456533,-1.2360950724337219
3.4709600313433264,3.0565382371388004,3.1303270993653207,0.23482752468194396,-0.2097303507479048,-0.6095868601141977
3.3965698091548595,3.0784724064254205,3.0929739735576605,0.10361572475850012,0.15619937390320995,-1.3125898776622482
3.300137344084055,2.520157940266613,3.0779250229267068,0.21893689660655094,-0.952502501608069,-1.9033228175740338
3.4241592835336134,3.201821007347154,3.020616395179218,0.6419987950332272,0.2693077262139961,-0.2688100251439276
3.336405102066817,3.083538684359327,3.09605606464703,0.11025222609584173,0.15978277323266568,-1.3361892602253127
3.25994222100258,2.9012446166910806,3.0851018719937895,-0.10168706288702699,-0.07663892844694599,-1.9047203000299264
3.2704505941366295,2.958888711037463,3.0922447620181783,-0.12712603136371278,-0.04313373101268216,-1.9298972803480638
3.251006963567132,3.045403328068345,2.9865284376120043,0.0591106972246373,0.21842335051821007,-1.3790295399499035
3.234687225327473,2.902090594509535,2.9747955673928046,-0.1540881588178202,0.14177203590240853,-1.1972230421543903
3.1456538031240093,2.4468644213223256,2.6498523226921264,0.328301716494457,-0.5178736615308831,-0.6296815193051104
3.0340426282814805,2.874146103034406,2.5724235754657734,-0.10707440732612754,0.2727021185466917,-0.4086404849711517
2.9863679668488734,2.794637921549279,2.6781748622472707,-0.07861619560281934,0.33272888358881914,-0.39889198075146876
2.8682943805405388,2.534519110526799,2.5802183554851554,-0.09832914848966205,-0.4118393301073019,-1.0057313271246664
2.876060037657014,2.878745194096715,2.5527936975088967,-0.10281292893489251,0.24579572260970914,-0.3873928717575513
2.9655053744264848,3.087957606701683,2.9602076305933265,0.18491362882412027,2.778256046393685,-1.5012502958877951
3.5556527719552005,3.2315220688749196,3.6339745884830466,0.06039398772429284,2.8985033631059083,-2.290644124727856
3.4381043078161837,3.2675084182944,3.652286663058841,0.28496525791453303,3.1897261717803618,-1.6841216937875894
3.6697699326734927,2.882494222483335,3.254316935968994,-0.08952790354765887,0.2878251252220708,-1.2782996199504095
3.8919291915625815,2.855188714183906,3.73429121317391,0.4355149055840165,2.589689291802401,-2.4979725757167612
3.8480327640761,2.98356070191672,3.7955629369642607,0.06758852813683071,2.715083136744066,-2.858837191007064
3.6104384295887684,2.950765633609241,3.6751355145085762,0.8400514087393741,2.8459567952934557,-1.944809115337309
3.653108499305562,2.9168839913486004,3.896167017528128,0.3370879053177009,2.600339068787283,-2.838609974242339
3.7189313486356617,3.22261573931503,3.839585121772726,0.5662223421356463,3.0509538937046057,-1.6402666439437856
3.500974763609685,2.5239580877536896,3.8155099715599605,0.6024222499234495,1.7277665137884872,-2.796027683144566
3.5571772394296755,2.930569109218567,3.7504270540622016,0.30809726627321227,2.707390122535215,-2.8551846734898674
3.8084650167707577,3.280485799092862,3.7435287785892712,0.3726184747089555,2.9671658504597525,-2.302590927558759
3.830477092488646,3.5988336456577197,3.6850793459476328,1.0871834739950716,3.856381806646809,-0.7722867015629503
3.789588726333757,3.4368627817076822,3.655477037226999,0.9974069737826269,3.8450405646285604,-0.7032308746868351
3.2972591245347047,2.9279545142800956,3.4420532711545486,0.8760855386055986,3.4034359091578827,-0.3497338009167869
2.7887669662576626,2.505804667759094,3.1740947843626,0.4921904128532077,2.9197783445361747,-0.6537258747956906
2.9093006599088347,2.322314711301549,3.2098842917999875,0.8276976695044214,3.023431839190556,-0.7415556305860102
2.8225725341184114,2.0898791580510583,3.319946597953087,0.3592525181345621,2.6074019483354243,-0.9900249674162824
2.8990105622971987,2.140761749873438,3.273883910003531,0.5490111105440474,2.953351534507155,-0.5871045946074253
3.179086814876012,2.1674729081000237,3.329400700461677,1.0883267927388545,2.87163286587311,-0.13162119476946735
3.5474664786305636,1.8268236419924297,3.7475139871257306,0.86898811559783,1.9776301528638038,-1.3395256837376224
3.7850079745774474,1.9822059290822882,4.14696587599435,1.1865536811236481,2.6070160096546036,-0.9259292183279247
4.012535019492972,1.9837605118952786,4.2189725534937095,1.6188343120175461,2.9278151379879844,-0.522784360937591
3.8045307823246626,2.053557435248105,4.114756096841626,0.8778719358527879,2.2510782515523813,-1.4124167778685057
3.898395560477768,2.1444672231349045,4.050487929239713,1.430930014628014,2.7259619379186506,-1.163894361441725
3.8860882931339886,1.9610727114550757,4.093168182316553,1.284753847135063,3.2257212802833197,-1.0957042735866074
3.9372921899223416,1.1507264529241972,4.292740811251354,1.435434289974302,2.846666611328401,-1.0315130076987524
3.922040262837274,1.524898791951351,4.2399754842104445,1.0975307552890734,3.7388446513217057,-1.0041797470807678
3.7446937747652447,1.1483717032330303,4.208451853780445,0.9517209720141392,2.2011133599968673,-2.0861638916439182
3.787752289369364,1.0204639701135039,4.331384082101908,0.9959166529128587,2.2502190538405893,-2.0867463437865545
4.103381492190001,1.401935492534985,4.388115901928144,0.6638376729274564,3.1297919892184316,-2.1270259948217065
3.9442094885465644,0.935353236354929,4.423722595781734,0.787312746597904,2.1419648402478026,-1.875911504094731
3.8735558968336803,1.69340527863528,4.237656121426692,1.3440215187827445,3.457542840957433,-0.39721243475796486
3.998505250272959,1.6195836292655514,4.290718403731576,1.448960072069682,3.5119779682906866,-0.3875084719742158
3.4992593844102116,1.1574691147866099,3.7850346218054995,1.2461157401842697,2.5564032936603467,-0.06845443471695285
3.2733660721059827,1.5134757766837186,3.456513777707599,0.8396963984893439,3.4341563741368577,-0.014727637157164252
3.2690452302062285,0.8445650219067696,3.5517154040051238,0.9352344422095729,2.1194123540757333,-1.2690468256708423
3.266904634932708,0.8505712360127565,3.573733768184512,0.9781068488120481,2.1166377179921745,-1.2769091212692667
3.2031576011924416,1.1958912030964943,3.51179115700373,1.0894949568778367,2.5112466327148204,-0.011841394497826282
3.2226858179947167,1.4235988391065908,3.5808749496070846,0.8488401039981504,3.3893614047699416,0.03710369882873421
3.541568290287764,1.6089200410810065,4.073197960627991,1.0899131415906331,3.8623149899254434,-0.2983137109633121
3.744004015861471,1.511423770167508,4.280562294038127,0.9831815241558768,3.067642985950748,-0.853591519132733
3.7709894340774506,1.898381733165572,4.201862554341564,1.2493560810191817,3.4136637470241387,-0.43062751120438664
4.066179407167313,1.6133092191154137,4.377890757852338,1.3499957356239929,3.4771690778492625,-0.4693136284881908
3.845672573688545,1.4895702770423118,4.26581098680635,1.4382805823781537,3.003941037602032,-0.40167440552551825
3.9910266576728124,1.6891012700197638,4.3351745495321135,1.132709051373587,3.860085257620186,-0.3954868590685746
4.059609238520932,1.668774836198074,4.2850226720466775,1.0599401691199823,3.8319583479814137,-0.3766181148776421
3.8033738534161206,0.9110872299281806,4.279219261423799,0.8188970905264935,2.1753852827786444,-2.023073038735961
3.8340988637412825,1.093918389020561,4.286252671747107,1.0754636602257717,2.6016550830653595,-0.7659648404580185
3.825309248323365,1.5358936872021314,4.3295619226553335,0.8752187541131774,3.537549264677871,-0.771488965922305
4.17078610501946,1.1600527788073658,4.409022564704853,1.3293451887917644,2.717090676498001,-0.9603443578599148
3.921134873207857,1.5936188096796629,4.374520411887392,1.318049006431888,3.3586379950057847,-0.2759314442323336
3.8044955162929965,2.0043863621184554,4.225298143353922,1.0569087912205963,3.7157796436021804,-0.29016008557234896
3.8283533709955,1.607324631538033,4.1232543084475735,0.8274656124875931,2.6734743586600427,-1.3500916732693933
3.3568210463716195,0.5160299304846988,3.957660286498205,0.5132882542032798,1.352257070214017,-2.0572330389144997
3.1918033996445714,0.8182956199667257,3.6224879962231817,1.1464972710535557,2.371982952981855,0.12499443458869827
3.3452631410961273,1.3802808636069404,3.4859087762504566,1.1774174011411878,2.4005999709013492,0.03295077333103761
3.3387224819162227,1.0623932371784084,3.635761170092499,1.2595616638669938,2.495269132843968,0.06314830617058063
3.4048329917275444,1.0043477311166307,3.6422519148690813,1.2322084081011164,2.412866265364024,0.1087055590669681
3.2422379352377626,1.1970515409708933,3.5553105201538484,0.6949193701512235,3.339042873390358,0.10888445020274662
4.026736933729127,1.602986620482364,4.197588231027556,0.9837127386451845,2.6272723025224263,-0.814122444927221
4.099333175648453,1.694809763179196,4.3191130892328236,0.22328052355857061,2.9716284099898806,-1.8763438242228483
4.176865464078913,1.4031466337956469,4.356751437297477,1.0569188469673143,2.4637568041830087,-1.4893005759727058
4.182875355608895,1.0303783999861067,4.347614051766031,0.7923545043512685,2.2622159341419126,-2.0431475856629544
4.080108673246565,1.0948467678621892,4.348445390282653,1.2340369294726792,2.7364956755612355,-0.9350025589050013
4.076584096810139,1.2146776361254084,4.324154754921918,1.4126272742161314,2.9231820231197174,-0.31130356598611664
4.140966491519967,1.3966502489828612,4.295472564182144,1.2193333141260851,3.3836008334107195,-0.3208374516305773
4.0448665064773595,1.7599480231049867,4.209425509857928,1.0424247732292302,3.843517373744671,-0.35473044641932777
4.090740207619019,1.5926917044694668,4.159585489759784,1.45535959262419,2.917222638678656,-0.3666704326103858
4.227795446601587,1.4961237658547692,4.298769267794007,1.3306761027327068,3.442644347564696,-0.32756627523682375
4.180518542655149,0.8343406412825115,4.433606344132185,0.6752421322486782,1.889118549897294,-2.4838390140930175
4.177081950868147,0.8999880616017156,4.378066603781891,1.0755128732955515,2.9832348763549184,-1.5583710708063996
4.284952525388926,1.5187217767534609,4.369054389772608,1.1920743638945173,3.842943375912886,-0.2697907403661406
4.186536485416349,0.7409511473684912,4.310814190935739,1.1435075139684632,2.488241819899219,-1.4634673885304903
3.3312776050949306,0.16547415387838724,3.900584690506737,0.466478492018023,1.5550794179274934,-1.36068608296306
3.233442488325573,0.4533020355559697,3.668559041867569,1.073880061501878,2.08787120450177,-0.45091669787560473
3.2297732215992374,0.130975408987103,3.712812364857995,0.6869928451747871,1.546566403932267,-1.507805702630135
3.2913951517903017,0.4859394568692401,3.674614937766199,1.137250071558081,2.113205821555101,-0.47463164129182034
3.2576103271296137,0.25141153502379343,3.783670223482199,0.5755514236546324,1.4965683828906873,-1.3852941201436533
3.488682383399894,0.363052179434214,3.945598388578659,0.9409462861523791,1.6450280394165424,-1.5781225905945069
4.121676269790699,0.9364321027978176,4.486235449753284,1.5160291631058158,2.6207649878011603,-0.8369433215393284
4.18781785194958,0.7611241708930053,4.44695702886821,1.3039625611313934,2.450411758089843,-1.4465719514738928
4.116146912776841,0.8932167874540654,4.405240461332001,1.5114585523045057,2.64404483387354,-0.8476568026129855
4.148824299692023,0.7449064286670295,4.51676468864504,1.2683604809656184,2.27804303690103,-1.2834606377790343
4.123693650114992,0.7059499132516632,4.581719734070849,1.51426438408286,2.62210892477581,-0.7649747748452289
4.0789013926628845,0.490205098773736,4.5454532389934,1.4504433188339387,2.4481396223419023,-1.4112211149674698
4.0519458551250525,0.6943225734016767,4.499182758922393,1.4598897645925732,2.716248035801212,-0.8752799262947527
4.219119839042177,0.7966102605159254,4.573315393079615,1.5266796278313273,2.7489865599483254,-0.8721116144116503
4.474487769170386,0.9699922845140924,4.498054727521274,1.4711394005795921,2.764316501326503,-0.9196232941974413
4.308541289540982,1.0071361919710942,4.521612984425542,1.2806730806556352,3.2452846078959796,-0.8667218561596368
4.228484826044651,0.6241220575249704,4.494968879749866,1.2731381711434782,2.611728046783811,-1.5504832604525833
4.305697466605916,0.4829074810549722,4.57354635982594,1.0552066705371856,2.2474077440790547,-1.9234253715250058
4.3126690824378695,1.0095000800984213,4.493603470028764,1.122001639698891,3.495913185179363,-1.5122833928521104
4.02292756836108,0.7307000866845373,4.339718508828767,0.619092316734588,3.1480317970444816,-1.9276109087036233
3.4451943132076437,0.8743677676675347,3.8111748173924975,0.9315740953780809,3.4559543689294308,0.09217936002451857
3.6291242033184616,0.5405255418719715,3.848115470813765,1.0245227167112418,2.5353526353738185,-1.1287595372685355
3.5996108101639033,0.6604159592055885,3.777305519708767,1.3055774839431653,2.5155322143253627,0.07399552009975015
3.590817494939118,0.5206665114547697,3.8150894781822453,1.1169325225173885,2.3178596981109383,-0.5074562988821079
3.49205328496318,0.3394496629453707,3.828649789255692,0.7741873187734316,1.9738648527795555,-0.985674175270575
3.8363265374023943,0.91600231270969,3.9539587389761577,1.0337111802493704,2.778912783441653,-0.648841648587447
4.116745953417956,0.9512741912417625,4.410584692907306,1.4478563950305872,3.001731362798307,-0.26397220936967203
4.154035380187424,1.2599072459984495,4.316922445831914,1.041075101510713,3.871275777913497,-0.2436366941961828
4.372921015225264,0.6692100119869054,4.55076446957643,1.2744972247315145,2.6326632991155714,-1.523298604079341
4.314805688366259,0.23042349778844748,4.726761268767637,0.7100778029874839,2.001231569549123,-2.3846086040063503
4.376653288231297,1.5522181663369325,4.385240626361652,1.046971613723984,3.690967351601444,-0.9638887105544179
4.064451549554052,1.9080530763845436,4.223996835972122,1.0072240577507876,3.925873527400573,-0.42737618381435444
4.260192632696204,1.7509906601989769,4.240105897336162,1.3359665023835547,3.0101296043010928,-0.4270417962061453
4.101295580981366,1.589367378747325,4.24527815984721,1.2943295085236945,3.0609740521891804,-0.45087510032014416
4.242363605196416,1.4836580536330073,4.386801513522341,1.4504804223943415,3.0304444442585177,-0.3616892835011729
4.31195936050855,0.9429511105644212,4.430261370687454,1.1215286349342755,2.545145788791075,-1.6384790939881158
4.484989146344159,0.9418731064397404,4.514211450995278,1.2386259580538734,2.6381545300691283,-1.6058579276786484
4.5098561748777115,1.0495554968482865,4.448670538321874,1.3738831727071679,2.8472698037558066,-0.9865097996852151
4.41830497762732,1.4200342900067364,4.328165165654466,1.3295952566873535,3.5152504404158686,-0.3621889369519278
3.923903705189605,0.4736063060362436,4.22885931694848,1.1485172304473517,2.3372205538546496,-1.3050404908728621
3.9087691714973927,0.460687218650023,3.999729464765675,1.1417246300472559,2.4036953775896457,-0.5397004156890017
3.7011991523596555,-0.3326352632712597,3.7368873322373943,0.2084638976327748,-0.90317449227394,-1.196877807991726
3.753436454924386,0.29855610965159274,3.5921571128885663,1.0406009398407274,0.2022716168525939,0.9103514982795635
3.8042997575946145,0.8291539145182502,3.5485733605228518,0.753441193261105,1.1048843002404007,0.887622153238803
4.058577663361733,0.2856160580049897,3.7468152610181136,0.32735836811050983,0.031084176523890866,0.056506336645361276
4.114270759252388,0.3266841685511513,4.081828072827672,1.1233179958486323,0.1410960308892003,0.10778893741645797
4.456782922357811,0.5633009586172906,4.2967920531558175,1.1652420899527618,0.7706294176584991,0.7183135171386079
4.602341248880286,0.5631494332592555,4.321081993703524,1.3702635055123404,0.33376596972830636,0.6389252775979738
4.876770893538969,0.41756645937777453,4.395493034283609,0.39317724362714873,-0.10717160660693681,-0.9089235422898386
4.959056891680757,0.8677682343542075,4.305635962856082,0.9411778109504422,0.48072818147725277,-0.1151264857632488
4.698221426762844,0.5862038480975996,4.25356144839104,0.8458182447857262,-0.16332240920381336,-0.7792617366573665
4.9365157359862835,0.6608922253052483,4.34055411721202,1.0183167184693704,-0.13474027538404712,-0.7935553801267359
5.028676123025244,0.7194858010297407,4.2968222974360595,0.9985154094117225,0.055930317925200444,-0.20328780232613197
4.631896131579395,0.8794335347480451,4.274445110143813,1.0009833401140404,1.239891406849769,0.6279723436793706
4.873959586921719,0.38248559402194793,4.406889328687678,0.5340283889734335,-0.006858848096464548,-1.108796490359436
4.598250188241598,0.4066102163522897,4.291534504976771,0.9594535849292892,-0.10414311935223472,-0.6340577612029497
4.740691482175431,0.4759724149885351,4.252786125791016,0.8897871609633959,-0.17737323575986133,-0.6183486344363304
4.8933093452933045,0.8064734253753232,4.307293435473864,0.298034226435588,0.021109414092941474,-0.3364419679886698
4.939324107406399,1.0717838087295257,4.162963695847485,0.9130976613078662,0.7103814015825616,0.5557815881826463
4.399682104042428,0.5681048523443826,3.8414508388018427,0.9398977180646672,-0.0058265744426553535,0.08384386669463921
4.213132177387879,0.011033109126973549,3.785157738132108,0.5998663787310079,-0.24308056390108587,-0.30080458762208373
4.542849678161352,0.04816168505361509,3.7954914193137244,0.5505208457403648,-0.11189339043401886,-0.3909931120776919
4.441004750285138,-0.10716779868345962,3.7491417130746214,0.05883655892051605,-0.6835505176999035,-1.4217153797534015
4.903480432872517,0.4685859631344463,3.735550827836275,0.7895739620331556,0.16010439612851515,-0.025269403652896857
4.831368724494356,0.16755336643204635,3.7715011644877086,0.23356819621393443,-0.3741683297934177,-1.150594269454344
5.474106470703764,0.6422859006455532,4.278855212645115,0.4809781609390307,-0.1623264476624253,-1.39728209914928
5.694227701331485,1.1774771793482153,4.403944117016009,0.6612586079349092,0.9074235549238603,-0.5224605157257469
5.518521017272063,1.0346780659792583,4.376846204990435,0.6173498457275237,0.2964999199582895,-0.2983192415441997
5.44955851758321,0.8276848364559952,4.356735857392329,0.5245027070241884,-0.0014671574715208497,-0.7516460399525253
5.513472799015218,0.9296217035772169,4.284066252024758,0.9611787222362763,0.5251723060979826,0.30468305189541617
5.445999263606209,0.8541815479987536,4.403666078297688,0.887237139844045,0.6289225397573424,0.23956903259885554
5.586097903387286,0.4104610616887187,4.37095700511306,0.21250666247010971,-0.42186526004718145,-1.9097378206294464
5.5071794749682805,0.860067032819843,4.3979086900595386,1.1404397942817395,0.6426664628425913,0.2573823246173766
5.595307806925961,0.4873227959401762,4.415049007917646,0.6025942898291875,-0.17392902499977178,-1.423548813138938
5.346486354179326,0.5811804244757032,4.350295000906471,0.6046297590227268,0.6533574340858965,-0.9936754959251349
5.653049370440358,0.9986430811852328,4.367111449728395,1.0981666240345886,0.5788192020758496,0.24412580636239875
5.53823198534724,0.9567490806796525,4.559461196738302,0.7065892585736638,1.372841732564832,-0.3574289339404277
5.470668880282481,0.7179001884656985,4.346345872070724,0.884617903390013,0.2703942334324619,-0.309341743670798
5.5503989325601895,0.22613922617235802,4.457359310929065,0.8562586634119587,0.2153533322313129,-0.9199655759797501
4.836713962080472,-0.262413060196387,4.052556407424629,0.47873161476355325,0.6462115199474636,-0.643286908163478
4.673591384921134,0.1095518877267949,3.7517819285696987,0.6833507037502756,0.946300606134452,0.6444453842370222
4.686981795616901,-0.07112127645583059,3.8637282485599447,0.5654094429787165,0.7201710996973406,0.015381435224246101
4.740005658767664,-0.20317069196037607,3.9130468707761334,0.7530974760885454,0.2842865257151532,-0.0035125833809789273
4.928665174530657,0.20906696416701318,3.9946957589415857,0.9905400686592444,0.5079973150395455,0.5952102550868436
4.808982885706709,-0.7130605577901646,4.139764742992048,-0.009326813393064298,-0.5113242926865099,-1.5110283085510365
5.535603347731786,0.5819775370990706,4.648550563994153,0.2980115961191975,0.8192921141731516,-1.418513744336563
5.670571573095255,0.21503349243715472,4.693357862557136,0.5261779306894204,-0.03063902848607215,-1.4925920170378968
5.792019061679382,0.713197230492024,4.65018677990251,1.135595533959094,0.6835028208791839,0.23963050596376723
5.78267799960427,0.22593039492574493,4.66093988748819,0.6671274910951005,0.7922444381340242,-0.9220973470100589
5.791720592786413,0.21026697407126557,4.685649346732859,0.8951801939405469,0.2556332395556611,-0.9448021050057119
5.724794103206287,0.21619272430052536,4.70315372969373,0.6418034621109735,-0.11163270827177105,-1.4140015079236645
5.7614939139322745,0.8017764736972661,4.669990884915583,0.30942919064487034,1.0059769786025448,-0.7793105176223162
5.667088778715707,0.4625470492626223,4.664634935831679,0.4410658917911085,0.07682817255152459,-0.7142061471993636
5.802315324584228,0.3245271738058243,4.740285365591476,1.1893930912192103,0.8154460712657379,0.28500787015607154
5.637764224052288,0.0797845530963338,4.703498457532141,0.33246796037607346,-0.4197009471882618,-1.851880240077921
5.744609050680425,0.7471805653283747,4.631463051232121,1.3127518646582121,0.6717534335163194,0.23482919364758467
5.582489427567644,0.11703162459485082,4.736538203401782,0.34889613553775717,-0.3966007854343217,-1.8812070528296494
5.678775686327571,0.404134447368202,4.677664095537167,0.9819550865282026,0.2723402741304181,-0.9992321166392183
5.399261822289527,0.9417225328374798,4.3395307243206345,0.6609007624647997,1.5395202597554265,0.284577983650049
5.064563041679506,0.4732973882650024,3.9453308031239125,0.9882909379218081,0.548317182645044,0.5317125846269387
4.929402299927424,-0.3427922261754105,4.141564679236172,0.40820146106647326,-0.18869232014572318,-1.0617779194519699
4.972424180318941,-0.08176040851607715,4.039509028937122,0.4184635887564572,-0.2819804283995738,-1.1069483776656666
4.891468414539193,-0.1755133184117452,4.036818868487311,0.10177156262895326,-0.5883312304951696,-1.5481526291453505
4.833464899943286,-0.21186510065389827,3.9565678520013794,0.07558160455382301,-0.5756144420827098,-1.5486881705059152
4.922313174111437,0.20312016056643242,3.9925027578278627,0.7328919027089457,0.2886016069243191,-0.11469182956633886
5.851792691908532,0.9586469578893623,4.6470512718666965,0.9981056079644749,1.1192081233625975,0.2402430062429245
5.571773542338914,0.47342706683111496,4.641189075250295,0.47791284193390215,0.0197424769940104,-0.6421050346864835
5.71674190072254,0.43888483646209736,4.600600131216077,0.4830658006331699,-0.08312110312874246,-1.4671541973293736
5.387229025637126,0.07616521066796465,4.556951896293006,0.1025120173540893,-0.38869519374191847,-1.9012913735740633
5.691994647759336,0.46226488506824653,4.679038456607204,0.5941687552403507,-0.04318897454442139,-1.551252904086877
5.701132099181637,0.8152690993334217,4.507357274277117,0.6165311523759079,0.10186415023516142,-0.963590308993275
5.619232568852943,1.1394788738000654,4.416399428245047,0.7905298089037439,1.1027070574257987,0.15780493109729554
5.733990961067385,0.5399454598516091,4.558692657137871,0.06826980099668392,-0.4628338283125882,-2.003536014668187
5.611648530149681,1.14829305854132,4.3064704087294166,0.6756689462023397,1.171815221613408,0.15440231153676198
5.5919401836416744,1.4267597606988378,4.428557301691642,0.29242226884744044,1.1878667544008343,-0.32873079452330767
5.60174692964859,1.266070985201833,4.487675895534323,0.10905546798266189,0.42554303838677005,-0.886153791225773
5.476432011212785,1.3930704274175991,4.333314787800206,0.7017968768584835,0.6504937225717016,0.06886238487156095
5.560143049702327,1.0794239927674707,4.337329088889235,0.6179861108427247,0.26113543263247285,-1.1842246919886072
5.5540670815137645,1.0539721874342396,4.321154390099931,0.8474168726281907,0.495084334344951,-0.5433912467658442
5.231535894912188,0.5978897620934378,3.8535968641316374,0.5853313138040416,0.4307556638628194,-0.2898834789411874
4.913633281781711,0.7176761737422257,3.467112222568104,0.707107022964726,0.5321093235736105,0.4035111863092311
4.807884934516571,0.2526816863071719,3.591851118071752,0.1406922617350844,-0.2605958603392894,-1.2449818650782591
4.6690298702480275,0.16698121683511583,3.3104399447471358,0.049384863876099694,-0.24732431234066662,-1.1660842490813343
4.598732357462749,0.8645584106267452,3.152164046557718,0.2635650327334859,1.433037060479953,0.5157157419833189
4.585013903901911,0.16430309077173935,3.204108015232544,0.05756587389254528,-0.03621128753139617,-0.5118645347502156
5.360600604463943,0.7788214457479683,3.812022331304958,0.48693723510904247,0.4799229916732479,-0.41157827994539736
5.4400280487060275,1.0554609271787592,3.8480388327609005,0.5865389788592142,0.7254945298637329,0.16545042840370128
5.537909802136527,1.5320624559964142,4.061644747570312,0.42447104632725985,1.6512403161954343,0.08184033661257206
5.419003357315803,1.1054217281857195,3.8991317373791854,0.7177041616044884,0.7878736374868656,0.10001346050936497
5.443508723735473,0.7437544075430524,3.8778722717046,0.3562811642778269,0.335409359701438,-1.0863684043619704
5.353784358113309,0.80485896783851,3.877560490780299,0.13396600085511637,0.20760023212140957,-0.9081657574845636
5.221822771450327,1.021787740499106,3.866569867177923,-0.1634917950162081,0.5607738386490186,-0.7507792922866198
5.3354054720388175,1.6397861526372985,3.6979989277173595,0.2555152211109682,1.7393538745216968,0.05226481181157786
5.441057147793245,1.299354921830163,3.6797552070735953,0.5673237701955988,0.9112135206987985,-0.0032325950024775355
5.399569855359194,1.0009378871826282,3.7727895504026874,0.009918596776438884,0.2551963597444427,-0.9000955835673704
5.326711434848352,0.725040190702545,4.076567495443928,-0.165492434259265,-0.2842741101120256,-2.0858885926693747
5.4144888705984995,1.347669124618413,4.083658802037144,0.6593507896936174,0.6955849496786272,0.07122980612910666
5.492303399823956,1.6448066345929504,3.9564768016124194,0.42297383481508305,1.1011595816400999,0.038161526616820804
5.289150388360335,1.7566701550418045,3.992507337778196,0.4649791881022353,0.7778503428811696,-0.5921008866685517
4.863569015334949,1.3994170948732665,3.7927196066758473,-0.10548096693836505,0.2603495666058689,-0.6427255271684896
4.655552277386745,1.0877145259295995,3.4807099825069234,0.4000898784055539,-0.10657028516483408,-0.879361263474885
4.672810856872112,0.6720401282572971,3.6782701762040655,-0.0947332428227549,-0.3706939233449972,-1.1680743023834304
4.5284330868156495,0.5500236415628804,3.3722850117093266,-0.12891948984772278,-0.11890483400228274,-0.4566585633219741
4.795101376187781,0.8345010386984053,3.5644652746402876,0.612516888911238,0.5062045986470566,0.39780363685279485
4.978681652150798,1.0094578305257291,3.827928070173078,0.6676858603802389,0.5564628728136042,0.26544820037280065
5.601784063846235,1.9397162507977357,4.301892692224244,0.1327371716177154,1.257438438515513,-0.44357699796610256
5.777046768774917,2.2544434982755512,4.15549213742345,0.2871236752701197,1.4962648747862846,-0.09490353442334877
5.492531342664676,1.9849554424615952,4.157543636875098,0.11554521739794014,1.1127879991371161,-1.2949798350694905
5.412246970393496,2.2764796231566216,3.7733681828399,0.35821779721728064,1.5616502180178657,0.06285249711679816
5.443517018561651,1.9901585877757766,4.0078974484094525,0.3635579274309416,1.6141290327887765,0.08583354817796672
5.429404606689271,1.9469400037315947,4.010776820328067,0.7813179246042735,0.5784358827784821,0.038064569099011326
5.339892558023269,1.712878170979129,4.210931520851385,0.06527221721255508,0.40541586140288705,-0.8275053945693285
5.494693966408524,2.23307780771819,4.121475823833312,0.5292143792934517,1.4555107973582466,-0.030932634333972357
5.416935424279136,1.3952754465406236,4.33435530675095,0.5045042186604172,0.32955444612099344,-0.38005801511375625
5.301996384182434,1.630509385221189,4.263894407671638,-0.17170528052724346,0.3516392614587577,-0.8339819871363041
5.404286870319718,2.097928690721776,4.198717364955027,0.4163481704994602,1.508616925592622,0.01846669676636379
5.458721114569909,2.0048772641856556,4.207358238176825,-0.2222761570226304,0.8137888004931474,-0.9136122981107622
5.5078480373390075,1.6566538197637388,4.2314274451819855,-0.03335997713672899,-0.08605417105948973,-0.9219195296626996
5.445105478488022,2.2079101343476037,3.9972630250376606,-0.39765522604613285,0.8299194420863781,-0.9363433542563032
4.903361216627491,1.9965025379701176,3.536305161118256,-0.4854347699568415,0.6826527850600564,-0.6978092473583833
4.597010337150451,1.957426819987512,3.2759120580224756,-0.4798241788951592,0.5976296823615441,-0.5136840425940369
4.542611112578711,1.79966945425175,3.320505499005865,-0.7148923287287657,0.32573451282210497,-1.0905589041719368
4.638800678516341,2.045196459159537,3.288618204072248,-0.23257641877703808,0.8395992004028701,-0.02695373981245966
4.654833251489191,1.953146511770909,3.307077007835937,-0.5298509317465087,0.5731579959943848,-0.5244772832766056
4.510537726485287,1.9255019313247832,3.1890960889140287,-0.47901857122488717,0.642274036000967,-0.5130420017338228
5.198012480153506,2.2004085813114385,3.9325582829961263,-0.34384998685491447,0.7244530517329639,-0.786010738194544
5.010313816730834,1.5240747182907735,4.075819170233889,-0.10449643163427268,-0.6881501291325168,-1.99331240143008
5.020721317155426,1.8933228175004992,4.048263633645699,-0.48590474056283045,0.16481767013467685,-1.966709551021122
5.116842273070293,2.3067160669278524,3.9388501209703506,0.24696666944340168,1.0634300747567822,-0.4862628958759673
4.992993038882715,1.8146398397780292,3.870745751107198,-0.5650610763765196,0.22820199744963937,-1.979382444466814
5.3630818408416365,1.915237043746439,4.149560589612841,0.07235633906516549,-0.21431845697922958,-0.8490227787729867
5.214600111494162,2.3585265483442135,3.9826006522282276,0.3415640840829837,1.156865941503865,-0.5778355153279103
5.169964904282321,2.1246349239397047,4.036487675552011,-0.14819761283069713,0.6479153766083909,-1.6293490309193899
5.233451423599182,2.6899673406479763,3.9152312728210124,0.31331309693957593,1.3530401776229148,0.03189470957662207
5.072832133736185,2.906407127289091,3.798817064262238,0.27411711623211044,1.328245172802051,0.0563413544178296
5.159710576495531,2.450489866731004,3.961954604678017,-0.2417561438329946,0.5053480079783363,-1.615446092696742
5.081707381658821,2.1488745780080625,4.00355363713745,-0.3891899249777161,-0.27053903811970625,-2.060574822977184
5.053380321805824,2.5468132024961414,3.9725413108815464,-0.37004214129297053,0.46232682403316033,-1.4901298095637465
4.972027495000114,2.3461724708362057,3.835856978043677,-0.6365519089929437,0.25991195716304033,-2.0782676686790644
4.369282274539276,2.399135030545241,3.209972663771462,-0.329767040231724,0.7053750093478754,-0.7513453777653427
4.353882662349671,2.3451026735259384,3.1558200881677267,-0.18695316972053963,0.7728833843750604,-0.8682724200520305
4.306237273470425,1.9097675101705884,3.265907002459354,-0.7085713925693086,-0.3216370381960213,-1.7710397980770578
4.362033523085694,2.3591416009392385,3.2037572161415184,-0.41558701927400665,0.6273691469022884,-0.6711863163812851
4.340064502891162,2.6838905842265035,3.143048165700748,-0.237461405580052,1.3666499788471431,-0.2373816174358838
4.713433599230935,2.9251155434287743,3.2833869626259466,-0.26959979569429277,0.8024943150360445,-1.0797575952636171
5.378779223820131,3.4144422698338177,3.6710583369149083,-0.6798380934250896,0.43864683110622166,-1.6738103312038983
5.325850705869964,3.7038147068894447,3.504159634994543,-0.5659784588228767,0.6306495236295109,-1.9513465674330452
5.074896945858441,3.5611038365497767,3.4521379191572925,-0.9267448466024193,0.3046347934344557,-2.342245655186559
5.021408645811132,3.884450909397491,3.386228624024547,-0.2563204486256023,0.9607987043037486,-1.4510023323354142
4.852300709550389,3.8652004914047997,3.3704966410453605,-0.22624128075728073,0.8686114002634011,-1.3854436673485673
4.85073286923112,3.9476050619782637,3.375313368464885,-0.07456306710966912,0.8414476994129183,-1.3011534298418157
4.847193160441596,3.5714680362046747,3.4041056878858282,-0.209035384865772,0.08097517351716481,-1.761540418316773
4.8604753719814395,3.571664053525388,3.4793949845799315,-0.5583857057013685,0.2755623643490603,-2.2283495109275244
5.012673323039916,4.072378171074946,3.304441105324214,-0.023210825391327315,0.8745166814676053,-1.3997881925842965
5.0493229829670465,3.9792994491652185,3.183019410292227,-0.5439700095660241,0.5016391189490889,-1.931630246054204
5.1709485633481,3.529681981807275,3.531458425667305,-0.5322997305233855,-0.26571770714037735,-2.4323515055974405
5.145582193035535,3.2543448305659832,3.7046834432821414,-0.5141879099911473,-0.2150941697384741,-2.358062390560838
5.656392668924324,4.148819134899635,3.099586484233615,0.4284765977761057,1.6338472391418237,5.747459940472336
4.783386060281193,3.1378219296798293,3.297307990693239,0.008466407879340967,1.0324563103065743,-0.538422556427208
4.258722972362692,2.9889954071645453,2.9192390308255294,0.08084475391809708,1.2002542442673951,0.2802073720566054
4.348479484148136,2.7136476193935226,3.1105865228443275,0.1490201390338442,1.267559613661517,0.2704189534976924
4.241307182597224,2.8085760086147444,2.916781119004807,-0.2770371387392676,0.5688889724017309,-0.7797856290225107
4.413835537138585,2.4916416083785258,3.0265130591257137,-0.6818264940042793,0.09188823557602373,-1.9090809052906426
4.421814369123749,2.8703371423599036,3.0556673503432146,-0.11196266006978463,0.9181507888796636,-0.2449365139871755
4.845876630499621,3.2969569453055394,3.2534394556386474,0.012234488528984256,1.0737755039696202,-0.5903221895677692
5.053480699374246,3.5621609577467193,3.4254124725708013,0.07842713542200681,1.3082390620529423,-0.04479021517014582
5.025866226638063,3.002716458842772,3.5827389303503114,-0.5019735346767539,0.3858563476390605,-1.6491115318966063
5.058347453995764,3.3829917754197756,3.576080374193305,-0.2789607312720255,0.8521962152924032,-0.4073683435376033
4.8723124285251265,2.7570729709735042,3.6247307179679833,-0.6987019450451412,0.12667228680654075,-2.0763407648881547
5.111355686647631,3.1213296346470214,3.598729599865579,-0.10771811682938416,0.8848457012235498,-1.2745892166836446
5.246439245500296,3.358331591668891,3.5514683299850396,-0.4441856115572294,0.6046886506706866,-1.8217335105169556
5.212531354980018,3.510592688809478,3.5236362231265552,-0.11982518595530382,0.9029838693615051,-1.3586430993761942
5.444322740192661,3.1759053532530706,3.8237899202095726,-0.5660735528610317,0.17534234161592896,-2.321819750315765
5.183848316477045,3.179576954163891,3.6682790452575627,-0.44242187739729405,0.48922903745613094,-1.8803791060377406
5.21113113374438,3.324438131973452,3.628251576626331,-0.4869595650199784,0.5342420912099989,-1.9471588073312631
5.218706004002188,3.5920112953538657,3.373112940944611,-0.13454317716472702,0.4008661214557256,-1.5562844285274007
5.401511987614772,3.9444394312173428,3.3640319765667646,-0.23852869216261907,0.7913801685987781,-1.5753456545118905
5.317034040906989,3.6386280056508085,3.399273879459682,-0.2197166509205295,-0.5328491576450924,-2.025241879636575
4.832167339360661,3.9039751799720444,2.9543067475048566,-0.24691514587189536,1.0674412407271427,-0.7923169554734718
4.287522263140655,3.3992651862857515,2.5317666622032298,-0.6583466571114783,0.37161792429402857,-1.5872219872452868
4.033130016222766,3.1481805195578723,2.3839431476618964,-1.065971295693333,0.023010246306811557,-2.016746932513084
4.1049097257678255,3.4320614551302864,2.4244184902575947,-0.4691160778188228,0.6785604269450244,-1.1531580482812027
4.187576320590003,3.3420426072396876,2.4429070136638056,-0.5561442089485317,0.7162501814870185,-1.1715106022157653
4.140184704492296,3.1411153807321233,2.399388132135199,-0.7354746848004974,-0.11020091653163448,-1.5755484806030948
4.571006960434443,3.6430318966071984,2.6965007073710376,-0.7077947343281141,0.4408852728967287,-1.7714155753724372
5.23857189124239,4.313624477522333,3.1402061665755143,-0.31548103507112013,0.7584154761662332,-1.5492443649970318
5.261818258220314,4.350173479082353,3.144510269390643,-0.30783458549776355,0.7961165325748603,-1.6000929620672282
5.24033320861595,4.186896282474797,3.1564915751031952,-0.1231990440982577,0.4237558193695216,-1.6367746076095313
5.26334044943588,4.354689679937017,3.1563192975196634,-0.3060744682555877,0.8175091134166348,-1.611387025243815
5.0729137547717125,4.013873009584917,3.004143279669889,-0.5503257255865223,0.06593098841639335,-2.0271836856184104
5.297047378107082,4.314002186181835,3.1809866034711205,-0.1756009097979391,0.9706371026254235,-0.9193595987869995
5.250364500327102,3.465098420239208,3.436978644827824,-0.44457062038565004,0.6124853359818893,-1.1600451788207529
5.317863055354838,3.774443504593168,3.4179459584885006,-0.37782770802356097,0.8641854609107753,-0.6123995850666328
5.461570313601449,3.405921680646072,3.4339291898340467,-0.5878526878648037,0.5131252979525124,-1.9174758927231017
5.359395443496781,3.5561345524323467,3.3193596869544817,-0.04400522642216977,1.0651327560857407,-0.8560983496394379
5.187900817148282,3.310737570762342,3.471101823808736,-0.168846776412764,0.8844950022406444,-1.389259128414744
5.119042485924597,3.2010284481425146,3.441113959588712,-0.8628071985814719,0.053696160619737275,-2.2589245213051896
5.115889206060956,3.337130632461294,3.262565294796322,-0.5720132047537352,0.42551632387301414,-1.8202909805293608
4.907243399034232,3.5633285233315455,2.864473456337763,-0.29749650808061845,1.0202846758197759,-0.7026226463274635
4.270301238778375,3.034125565689363,2.443368615777159,-0.8508659678846207,0.3601514393002689,-1.5691020377538987
4.097794402389309,2.9770869970533744,2.4507968523010906,-1.1454608382231894,0.004807820229746319,-1.977432615001228
3.9870800913387345,2.976169813438357,2.2026665835107644,-1.1970038202525046,-0.0105051731751088,-1.9451905023218132
3.9947174834187815,2.942120312528713,2.041981422190915,-1.1897888911738763,0.08518292276918903,-1.978556064002304
3.9796613457911616,3.2315369468450372,1.8515224489953896,-1.248671081569475,-0.009257011275221683,-2.027885671041887
4.394479839229892,3.4023128002738012,2.1345228503269285,-1.175299845648797,0.07590949765708256,-2.15269491236672
4.862739153893517,3.839245482160272,2.4951340382863125,-0.3269582912726254,0.4166083513877387,-1.5163814598430256
4.84838077624879,3.944652717883755,2.5239970180343256,-0.7502023988871726,0.5364736252806478,-1.946337324170522
4.873504086833,3.998768230373776,2.8090491829891016,-0.619872615371422,0.4688847972816352,-1.9568202919779587
4.783314355274261,3.9296208024040333,2.7087340137032374,-0.5423165075422752,0.5872948437641784,-1.2352309339862277
4.837592478687594,3.5753414370045458,2.8300315902891855,-0.994011111320887,0.028404290869290548,-2.285839007304108
4.856625900586475,3.2390147994849254,3.0369490049720036,-0.618655159188312,0.4556901267186048,-1.7594032818584844
4.9944895968500775,2.9733536679764483,3.118237703528455,-0.8653225002947394,0.16463963337790918,-2.2202797582221434
5.124420253571002,2.93658109177655,3.2205489829256133,-0.7188033970843878,0.4362942941949482,-1.5940503668922725
5.27827676479622,2.606328559350947,3.346379398710642,-0.150288926879649,0.9417175671848302,-1.3030740750522831
4.970709543436018,3.0274628053316928,3.020548528696731,-0.4266507996363021,0.777801457524784,-1.1295234280025268
4.806381293788125,2.6518856465367024,2.890648154068432,-1.00509784758452,0.23284804597167816,-2.1508991249129394
5.15389233075889,3.0636411900213623,2.9344704718191257,-0.24640694514233594,0.8232601727567121,-1.354574991115866
5.195678399539815,3.041834294232548,2.7931289886579167,-0.598615364946831,0.7526824081630166,-1.186138866400164
4.850697449459401,3.021273972829036,2.5956295734609958,-0.8217021344597223,0.6227680829588301,-0.905932508235121
4.164469213242317,2.75615424956267,2.090367785491458,-0.8510735176288007,0.41416870060114047,-0.6462627663269351
4.185934963153057,2.7166685471661545,2.1644867725100725,-0.8520729292678262,0.3154434400021026,-0.631965299046615
4.182066084537666,2.334218328686973,2.205020560930375,-1.0877242661176483,-0.1054381327288314,-1.8500612560908465
4.179964153104001,2.4863092507726288,2.152378624120261,-0.8807281182808386,0.09443168122592492,-1.2347660053266125
4.239216355904982,2.5201936458836283,2.139011869789427,-0.9710420573949966,0.13762890902905597,-1.2067227910412808
4.614627055531215,2.55628525116846,2.4641768028795386,-0.9947767502957048,0.06838859450596334,-1.9780425110749331
5.107906831145112,2.7184092900216807,2.8100675577052048,-0.38623225538457673,-0.2780186611919642,-0.9588065494406522
4.926721616746437,2.6822127859329985,2.7972846384051357,-0.996840994330215,0.12996204135699993,-2.12071057600594
5.10051562919472,2.9770589584906957,3.0837228734741813,-0.752128587917381,0.35309136643549527,-1.5863591598184725
5.068733727516039,3.1264326755519196,3.0715489417361344,0.1834311651908821,0.586772316339874,-0.7255232094534806
5.199946442690521,2.8109668644283734,3.0305600449578622,-0.8426477819309502,0.18401569272967774,-2.2649183209796098
5.143229793332599,3.0623688227598915,3.2448189986408367,-0.585402140226363,0.6069717154956258,-1.0262988827657538
5.339278280459326,3.047991956269098,3.1624908759258212,-0.6742738910781558,0.3909299293557434,-1.6684034887710584
5.0526313205206,3.1331186523853165,3.0815177731169308,-0.10409439533312823,0.8097826558268983,-1.3776166027538466
4.926438729174622,3.5176437795899553,2.9304498373606203,-0.3292094025384522,1.3675181409138932,-0.5802823419252013
4.994686203820414,3.135044191213226,3.07005901990046,-0.2179329466327287,0.7494667513561315,-1.3359918836600102
5.009601630884821,3.5553365193035478,3.0008084387515455,0.004038102145302994,1.2553443231932582,-0.11692783870852046
5.026122639514027,3.5151759461078145,3.0326281025940722,-0.12730075892008216,1.0175076305162711,-0.7462928799845998
5.036694098671431,3.236229762946021,3.1128775143307537,-0.4565924515415922,0.5234097378132355,-1.8345409129593542
4.782075209235133,3.436786916544618,2.791353766219856,-0.2855090241309872,0.8899398923793729,-0.5256861307269929
4.334921162836582,3.1894593897219163,2.5489358642773476,-0.7087970668557295,0.4084927209139763,-0.7629275981080271
4.02676101323838,3.066138514229484,2.2663767605101435,-1.0149643155945967,-0.15421348547874644,-1.9576798360674452
4.212323383860658,3.197638720722063,2.224910777643687,-0.8705686009424954,0.10835623766810283,-1.378796125667163
4.272777708541795,3.124421518096831,2.2172059876234806,-0.6889514810919155,0.22883648385951608,-1.5525303955208272
4.110269539837316,2.8165780645297613,2.2728206186810223,-1.0265374303748918,-0.04502153963262295,-1.9500034821285426
4.435449177941489,3.2163991623794224,2.3548040126568655,-0.8997840288816701,-0.07190238679640157,-2.113261127783021
5.035548990709772,3.7694563620869683,2.878684338148529,-0.6726745120333703,0.3547798297857595,-1.785192341723839
4.874161736894184,3.567713595419454,2.8573104614124287,-0.6761119747498053,0.15761190827482816,-2.4057107904771304
4.858887699737486,3.814807365388829,2.645089406577164,-0.2077264576576187,0.794240107438196,-1.4739929152243005
3.5361217688190982,3.3241130351239776,0.16704580135055214,-0.810058203357059,1.691693745107189,0.22455056440940893
3.004636293935339,2.193281696981775,-0.6206865439404918,-1.7888192428916345,0.46858384928995706,-1.0810190427162456
3.029120482348526,2.1358577641083647,-0.37901532887707173,-1.5012181882519908,-0.2377347093111964,-1.0449582366736263
2.915306955199625,1.978840526525748,-0.35365669125926935,-1.487527220175562,-0.17617608529275405,-1.0319955471759945
2.9913008191375035,2.403804350333386,-0.43881800894961487,-1.1233600655003093,0.8204152047425876,0.03323573763658254
2.9949280940961156,2.4452758157460903,-0.4293202913308026,-1.0059993513005399,0.8861537727555744,-0.01569823494293532
2.961493760195419,2.0321458876240897,-0.6472123145722946,-1.7183275479365283,0.3901034786472158,-1.7920589658271338
2.931319962386685,2.1686973813645802,-0.4332810200430569,-1.3774804817771051,0.4838448590890119,-1.250236158891359
2.873396213889065,2.593659200504178,-0.5688480194437461,-1.146965640786626,0.7497297720387672,-0.8509833573232215
3.001662036089699,2.7341243713814207,-0.6890974532407927,-0.7936852486931356,0.6720609600650029,0.4036801868428877
2.750893029382165,2.202767480504241,-0.6500480205693298,-1.4085501872157467,0.4206692178531604,-0.3010815203299502
2.716216537016337,1.9684887640615316,-0.7633066263776709,-1.58878044336002,0.26406986676429206,-0.9243916167398682
2.7047092500670327,2.203686501817002,-0.8563413756728929,-1.5661509576956074,0.49313446029399916,-0.3048632404244058
2.7146900115202532,1.9211761171183277,-0.717206796491368,-1.770716634595367,0.08729156594306604,-1.5544982853793654
2.6625146446791423,2.166008846098438,-0.8478281814799107,-1.697155690089078,0.2211973283594789,-0.9330458624304494
2.5474928204046927,2.3667107126950513,-0.8812634121873936,-1.5682663292303964,0.4482032611935349,-0.2998372963349572
2.6630793236617407,2.6459245436958563,-0.9224947494224363,-0.8681797733245361,1.1069340152153404,0.5396233759235898
3.0161285986616373,2.744901147340216,-0.8149260816143995,-1.2052072150895214,0.8019347798121756,-0.8896846742090893
3.049286212055875,3.0837855908910043,-0.9646896153526422,-1.208646113670031,0.9128608896743299,-1.0412417104320573
2.9620625647692234,3.0794147342500935,-0.7851074080597157,-1.1407201117543029,0.7048175240848206,-0.9607376036855789
2.8695079845732927,2.8399241068223016,-0.7052681696008545,-1.8043202935276292,0.04816934614977819,-1.8493982364844888
2.8714466780302805,2.937947025234238,-0.7483838321140528,-1.5169687307241224,0.35297113497188765,-1.3857960090223143
2.822824741945552,2.7313262325751326,-0.9147655664146854,-1.899356395876104,0.039717312271238425,-1.7935169221392677
2.771511074412487,2.9033138369836844,-0.998066557800529,-1.6088790591711748,0.43502276489971586,-1.3454658468012184
2.7006507892858296,3.030853528576416,-1.0678367387292202,-1.2481511456604137,0.76286128489553,-0.9118145066800428
2.8168563121781367,3.026943844483836,-0.8876663027802636,-1.885320938842092,0.039892476810312494,-1.8670182843445178
2.4634264072998238,2.8609473980354756,-1.0999484008094271,-1.6039908604206017,0.3041225174938904,-1.2271501951392172
2.152649309835395,2.968013307706327,-1.3914308399135973,-1.2076598109031047,0.6102828467561715,-0.63929935379199
2.158238664471996,2.948215528786141,-1.2602901194304668,-1.719753867789077,0.12784015579354208,-1.6409972109703959
2.5326193597314615,4.307272020521406,0.44099058094036314,-0.5756451441401893,0.505440855434222,-0.25839884849397016
2.5557790673813088,4.007586603898807,0.5233530399467949,-0.5770335206123005,-0.1538829957138309,-0.8676141905166659
2.558547947644272,4.241131477784875,0.4173584785897332,-1.0004559608099746,-0.13675870296722537,-1.3260161528349586
2.6937791227959305,4.265911812596357,0.45486951303901013,-0.49024591615973984,-0.22962200299172164,-0.9110936140780971
2.7507677118638307,3.4124573753952605,0.753881412196114,-0.8623842713454745,-0.18072441232932046,-1.0242941600937205
3.135275213788536,3.4770213859578,1.1113291933817526,-0.8526099174647075,-0.32458941541688807,-1.817866442229056
3.5913733069820526,3.738378788551527,1.4325529242193333,-0.7864248809826602,-0.045871040738862945,-1.4075872199591846
3.633776201046268,3.719386647204623,1.4846718638164556,-0.6014143683717578,0.07855821672913527,-1.600507667342002
3.5377209024957454,3.0893595701430767,0.4553157852350269,-1.262042563983452,0.07326376718791566,-2.037531279076516
2.898244475419235,2.0405312555896664,-0.671228920152019,-1.3571455226801474,-0.6869152484978978,-1.8466554042851273
2.974491437043959,2.4388008233010474,-0.9511833422403938,-1.6430768361557002,0.08558353703195526,-1.81925870707786
3.1024186955161186,2.8568113842534566,-1.1104974997137336,-1.154043863775328,0.8666933269217475,-0.14114730371302467
2.8660844343197547,2.7595900850280795,-1.1654466495222975,-1.0423144562795565,0.719112316558182,-0.872361153894524
3.0580030100683304,2.475662072058645,-0.87220705628447,-1.0867328813063657,-0.5249376347170988,-0.5387821993120443
3.0633658789068505,2.8752910692947893,-1.079576860422187,-0.7350939123745109,1.0562063428900546,0.39257825461403784
3.061126545968091,2.7293783355334424,-0.9954308894873317,-1.0235909296953425,0.6621597216527914,-0.028709185962288938
2.709335383859856,2.0014637907473416,-1.2599666458726013,-0.4946665728894977,0.05456107226112585,0.6185479653743398
2.572834835268334,2.268360094418581,-1.3035954803800367,-0.7903901380503406,0.9788927635918878,0.6643605673117521
2.596840704850156,2.206537501672811,-1.418748397103869,-1.5481525147575061,-0.015138496122338972,-0.9020572253047673
2.4218081863770604,2.1653766407867834,-1.4014840581692576,-1.0960219413287753,0.08149856293805126,0.1800633200147894
2.659859705919676,2.6289572510141928,-1.5275745480365197,-0.8053274654117729,0.8615597025592167,0.5968136762985002
2.445246539591968,1.8880522742246244,-1.434535489983689,-1.1888622080597337,-0.8706325580506624,-0.8966982593581647
2.631558762241299,2.3166529197542767,-1.4964394382369361,-0.4824888368829037,-0.010480981526054032,0.5793350067676653
2.69347256279242,2.4914966971584183,-1.3358324453379518,-1.457640346755094,0.21738943558091645,-0.3116317382661228
3.0100853997805683,2.530095298750011,-1.2011055359592913,-1.0987935844673864,0.6577854104821582,-0.8431922403663238
2.9176414165698703,2.6924970924839533,-1.200447972195206,-1.5101245306197542,0.3914145786192625,-0.5023022590518462
2.8906256106460013,2.7420515242869605,-1.1611241126712177,-1.4328569821242605,0.39968476527366953,-0.5116259382497744
2.9457348232824345,2.500061768355944,-1.156201676412393,-1.4939909843131836,-0.32081190233166956,-1.1612701125183136
2.9734533526342366,3.0023580179249323,-1.333808687686166,-1.5903885445046984,0.32659685867639227,-0.5554788156571173
2.8271291703431136,2.5207781619456413,-1.2827666855826885,-1.2712177363186241,0.10416354366695652,-0.6879873952315844
2.9522767412562967,2.6128681820319626,-1.1361564281014054,-1.61775148401998,0.18361558275478335,-1.1259864644245852
2.9100146882207585,3.2350841946815363,-1.2743785991304621,-0.9164444830630118,0.5827652063706564,-0.21198607575623193
2.575446134296768,2.9338824801233248,-1.46796280119188,-1.2705716139594136,0.27701803383678675,-0.5662256940046179
2.580780062597885,2.7770405371170552,-1.4168976304431848,-1.429147877597509,-0.5464638572165283,-1.0611561353122314
2.5211091186524626,2.5998849312112213,-1.4280399274912865,-1.452724819617295,0.10442280179152569,-1.1517090659589313
2.4448365228298905,2.543668174487057,-1.4753992283584918,-1.1724457076240828,0.4025968260317548,-0.6212790521389571
2.2603346918815377,2.779281680746768,-1.5078966340822946,-1.5104496458633552,0.13706681038472984,-0.2698337011524713
2.1539426800849486,2.40831382586607,-1.5913650106402026,-1.8035766017010777,-0.28869517931442795,-1.467861320368405
2.3053406601863053,3.011540741307599,-1.7714532681325532,-1.79933516232813,-0.3831678956022826,-1.6156315235162884
2.350174247188285,3.4872433926657975,-1.8185752351308935,-1.0411424334057415,0.7453238123637059,0.5467120756691962
2.2675878995136953,3.1538442601975034,-1.863080547826313,-1.1015723062422818,0.5480982089041965,-0.03960355501005171
2.477542387436622,2.949742355945059,-1.4973975899342362,-1.5162149070096287,0.08578195572910174,-1.215691289743633
2.7927144733398075,2.9242877115617327,-1.298192471152784,-1.3191597524073815,-0.26748125401245143,-1.350840661496811
2.755072201718349,3.1691331461981296,-1.2159342867579952,-1.9312495380134833,0.17020866927043576,-1.758321866442199
2.943126218397347,3.4688665170168553,-1.2431972377810845,-1.6431717102856191,-0.06403851936281858,-1.207026315525046
2.784185573483074,3.1964895887495155,-1.0667467187316935,-1.5821050717618743,-0.7678139596127711,-1.8127763124585343
2.8272221464469065,3.4167871390141658,-1.1551767509465467,-1.7477600921509437,-0.24974954731790347,-1.844639244163302
2.8017331455976446,3.379877410687741,-1.0854093260512174,-1.6912082663779886,-0.3064799505168332,-1.8267318381163955
2.554686517090352,3.176822801107412,-1.1904190704267252,-1.2236848313048507,0.3002047936712878,-0.636858020705273
2.4109071122356633,2.745524966254467,-1.285727765713541,-1.19484348029083,-0.4284754130698147,-1.184337992037051
2.236332028399808,2.708685099935383,-1.4029898208721452,-1.7743485369219587,-0.27974038859553024,-1.657963257693428
2.3289707486917015,2.791835220876632,-1.3973528217858227,-1.4361592063029511,0.13399512480239167,-1.1728699219232275
2.4041365103261603,3.129982340341884,-1.5914988384075575,-1.198570564422215,0.33669671587846456,-0.7304126559455241
2.483158808038349,3.1269481707156603,-1.569671789442638,-1.2231177625037446,0.3574351960609769,-0.7568635787652408
2.4371153723116583,2.9830598234260792,-1.60827325342549,-1.7876732620635034,-0.3943780144647475,-1.6471235061556166
2.519863676115964,3.20677426600465,-1.5855101779065552,-1.344961782559059,-0.5122813843701319,-0.40611838022310304
2.5132845383233993,3.128321118487822,-1.5500421605625905,-1.602482911564013,-0.2635198949395978,-0.998980952753576
2.2843831669407955,2.392862625109164,-1.437659672598095,-1.522397456904954,-1.337692266147588,-1.6172508666031802
2.842371492668155,3.347779424957067,-1.0925289045085111,-1.6813965766660202,-0.3034515878662052,-1.8344798817387795
2.831933693101005,3.5196490908650926,-1.2372809392328052,-0.9998001375514612,0.7163186958954996,-0.31374411822423776
2.8457768689581924,3.576476174900168,-1.365946327240225,-1.106441677197368,0.4486838340735705,-0.9835470585768371
2.823401275390061,3.5017910313574148,-1.2948635076762687,-1.6165959721302179,0.001355373493623898,-1.2528522847892163
2.689028031941529,3.2594668996140896,-1.467606924349498,-1.8342586776104826,-0.2082510445703948,-1.8445691924776526
2.670961905559795,3.6207233358124955,-1.517153873697995,-1.4599635582250035,0.1496399860891436,-1.4235900183055932
2.784643903637398,3.1324447534513835,-1.2582827675457784,-0.724708415862228,1.0004391614621408,0.3547547005077428
2.7515446652383124,2.346363200289936,-1.3685482968334244,-0.6632011658049848,0.8151436743216885,0.6707544774574807
2.631399266020964,1.861731602911786,-1.0963321103765749,-0.6214922825009133,0.9605817947546951,0.7497179826633313
4.0905324156553275,2.078069447643088,-5.148670450079087,-0.48535749032752856,3.3978836261015593,3.5578751900999177
1.8917654269941315,0.4949719303738829,-1.9518729329384836,-0.6365605451259455,-0.9027082982284909,0.01078514397169461
1.95271309303425,1.1280559803722614,-1.911538740086986,-0.6648185183920826,0.21313478360947105,0.6323381195674805
1.729677631300392,0.1509087702750324,-1.9569288661845647,-0.530032086301495,-0.8534590542304085,0.06813333710571877
1.7613383302236707,0.479880740387033,-1.966386318348937,-0.386838911954383,-0.42470841625947026,1.2953807366521954
1.7411250805824294,0.5256048709982224,-2.1803667258054023,-0.5269597790646079,-0.2793030709961702,1.2305515552705486
1.8730634765175436,0.6945811860438946,-2.1686952953090635,-0.7740396951726755,0.636625156333482,1.2608110461465938
1.5784949379677022,0.1426869448294834,-2.374786889540362,-0.8454326697359164,-0.6461852849217253,0.03427747112953283
1.9447816462562963,1.1700209976473102,-2.2041282535095545,-0.6634977679780668,0.27352349990577246,1.1454548021672768
1.9296377517130918,1.4311011132249856,-2.0369156409335827,-0.732040812089656,0.6700831783259797,1.1382196310695143
1.9323445474439112,1.2221499561259612,-2.076008102476815,-0.698106651448106,0.25208470033858404,1.1332307871462761
1.9830439170700924,1.3286302888236154,-2.1493728198178554,-0.8204981629920249,-0.07307210943736477,0.4922781385656618
2.1014484857208067,1.6847548493141968,-2.1892229157450855,-0.897914082884493,0.6157887664505934,1.0768904229072624
2.0172345780169936,1.3826195182757233,-2.247671412312861,-1.04650048689088,0.44624203911944244,0.5236402998891033
1.9787158919940335,1.1637677319853372,-2.0827760136187026,-1.5777593796749043,-0.2540549943780961,-0.3628490336434792
1.830643627040276,0.9913257246903496,-2.285586601115319,-0.4687586408997297,-0.3152523431105528,1.2444325120395325
1.8337137313264233,0.9763955572476918,-2.3917418863848616,-0.5060121763336747,-0.22225957190596454,1.190423359290254
1.7031355225546925,1.1987848034261903,-2.3728892998480555,-0.5713820104383724,0.18199281323375424,1.2284531272278378
1.8553095844297716,1.09508495243748,-2.1359504784721386,-0.3342606416715127,-0.3020145550095034,1.2250372031866092
2.0467933057515264,1.9828742549623888,-2.230784839882995,-0.6851587211070713,0.42939657417679505,1.0769337242504518
1.9396649946288016,1.2083408013292274,-2.060044183199197,-0.6928139018042216,-0.7352432574741926,0.6847390759665007
1.9995433790429873,1.2313360071276638,-1.9843978897185093,-0.3714515803487482,0.11513991377814788,1.1575987065482516
2.0491375541869785,1.1978279220120251,-1.9675602706815938,-0.39793854671765366,0.10405386586910788,1.1778814466264969
2.017906494677179,0.8213560771190702,-2.018260528450117,-0.6140946054344025,-0.6497421109512108,0.7227469212814616
1.9704073697167228,1.0173969109248946,-2.0940761068149145,-0.8898871953375168,-0.09383739199914651,0.6638510105588098
2.14704411113676,1.2206657619103634,-1.9853406810875345,-0.4133642767792734,-0.23926272954567762,1.037794814112311
2.0077420887143274,0.6228701008223845,-1.8997831053758618,-0.9423282385195547,-0.9299730606810165,-0.6049076373910854
2.165178919472942,1.320407257984682,-1.9073066035779493,-0.5171176323387111,0.31038240265698674,1.0220575675249841
2.129466501212109,1.3688406448170622,-1.887150942633631,-0.9785674058290682,0.4315891730416758,0.5808113308181924
2.1009209485183296,1.1394653860880504,-1.8829058679956174,-0.8846467905454447,0.2852971284524926,-0.1647292483226269
2.089417910113972,1.1384096679631512,-1.8753731480883937,-0.2918784775419139,-0.17618870287658253,1.0292554964204306
1.886874486818791,0.9128357239031921,-1.964487671395077,-0.6771200936168659,-0.21008745889367278,-0.11241625980657062
2.0125600856892882,0.8863673451872554,-2.2769902424416055,-0.466763675558809,-0.5040859789072889,0.5004938661173798
1.9440530224281876,0.9631475353652219,-2.0558223745119926,-0.3256469963589647,-0.3529114220657387,1.185190207669063
1.9126160251555733,0.7209215779205653,-1.987924042990833,-1.0219180701043387,-0.9858781407035139,0.28803007283807175
1.858329723865146,0.5948277244744199,-2.0246626000825403,-0.5760105031313024,-0.7645050064865837,-0.04848041415154423
1.9046439232957237,0.8366014617441311,-1.966661694985552,-0.3810051314294295,-0.5429356065665302,0.551933710745043
2.0153892705004113,1.0550932255044025,-1.9224648830743576,-0.24808310622193744,-0.34122195998988974,1.1730409923107565
2.0037965351926896,0.600769202549699,-1.8155972744706708,-1.0301060324057059,-1.2344733394288765,-0.3088240162168847
1.9273831589431425,0.9644109237572535,-2.0137181381248195,-0.46852006263983664,-0.5728106964444761,0.54452478038287
1.9410806632138577,0.6341232385097143,-2.0835512482508456,-0.6030708817462014,-0.7261176038461249,-0.051155480661107686
2.0217532868351586,1.0851611319033014,-1.8815917050978872,-0.9637752258226412,-1.054975498908702,-0.6687121367844368
2.095145004455474,1.0649385767941755,-1.879943068987159,-1.2169677910242047,-1.459375043629175,-1.150968947337687
2.1006838696017573,1.352138969978099,-1.9185089426560717,-0.5013001159231367,-0.5539942626988545,0.3963874613696334
2.218411809147341,1.7618510856195972,-2.070235059029933,-0.377876097615276,-0.47529914082926805,0.9962089300212535
2.2195555357000263,1.41397349299332,-2.0915525208504424,-0.6418002671469055,-0.8589729860107278,-0.23724590789764569
2.2971553710915824,1.7682825632507833,-1.9520072457676934,-0.7240657496171419,-0.7299633120785256,0.4932789681649772
2.2245341700756454,1.5495169298903733,-2.002286759654803,-0.6504378913678304,-0.831213336089625,-0.263245591767312
2.0496697501458323,1.9977797145587277,-2.25268659713383,-0.5314286415156202,-0.040883889233828796,1.078344602833682
2.026845448335083,1.7615645463538427,-2.2849210073380695,-0.3548779412623245,-0.561397817771253,1.118039790844457
1.9663764806219783,1.6339869830555156,-2.281453916429881,-0.4583518096866469,-0.7036130826141802,0.4525186395680587
1.9364669521233357,1.7301217173460868,-2.2735321539759745,-1.147277937118545,-0.6767143499173802,0.16960762502164983
2.0179576710026503,1.9189200556021488,-2.3738724215942417,-0.4784700379769143,-0.4762612571018451,1.0504155224458376
1.9998852515207375,2.4926748323962005,-2.314173869723249,-0.801669435246726,0.37631099638980464,1.0334868423949288
1.9475184176414655,2.2199252163733143,-2.2256864316716984,-1.3694893901818612,-0.3005655103899437,0.14163048072787762
1.9680891371635012,2.2847328244013467,-2.332918882928622,-0.5519301277076619,-0.03113865224332712,0.991686978397446
1.98154080296382,2.212344889954526,-2.3457983383357566,-0.40791481437539695,-0.6305381283051159,1.0319194399089415
2.1030467121928855,2.2538810203517667,-2.2959559153040185,-0.42768595711711827,-0.5682252216380296,0.9909590559209838
2.154652302503153,2.80042324026009,-2.129096696813352,-0.7811869088268814,0.4403634628214597,0.8960783891464602
2.146493616379963,2.3098900304428094,-2.0250141350643247,-0.4922599244070828,-0.42297509584848175,0.9255328549953458
2.1218680332355393,2.4528058692304167,-2.0807813552901795,-0.626956502487495,0.029467339391517636,0.9175971469181817
2.2259025483800534,2.453224419756265,-2.0987374709732753,-0.8050901207648248,-0.8340427185743509,0.4236353538577963
2.171513566434701,2.809939063578993,-2.161548004528316,-1.103005157140396,0.0668116550454888,0.41723597017601427
2.062955503399905,2.3086048197385467,-2.124908641165272,-0.7931670249050646,-0.7860104945505915,0.4564763868140346
2.1186860505893215,2.4560279391080226,-2.1383642814902477,-0.7425517170225536,-0.8661383153262247,0.4268406449053434
1.9350239476755557,2.7149918046655763,-2.3993153028645486,-0.7101663759952703,0.364687524121082,0.9704211619076848
1.87921827893551,2.3949889936633197,-2.356591461684429,-0.8337961531087957,-0.4383534124996752,0.5376211270944219
1.8676424715619635,2.2520931670296465,-2.291712248036365,-0.34601347633599516,-0.47020017619226945,0.9694717027499791
1.88669033820662,1.658262482398016,-2.4210817298623186,-1.1823623520052153,-1.3388382923157545,-0.4937924317432909
1.8989934415493255,1.8174102713722002,-2.444904884326056,-1.0802326268401217,-1.1059852657116194,0.10048560557416839
1.8410395502347618,1.9954458880442432,-2.500813292469727,-0.7595204839566354,-0.7553127097692611,0.5278938975435769
1.8222029415451526,2.0522631532851725,-2.6312407887582996,-0.805243970468467,-0.6950868068499249,0.5081315483935263
1.8637371442120636,2.2793526643304984,-2.5947861050143866,-0.5495100393662762,0.0003287676576803096,1.000259420928173
1.845997177613994,1.8805904983763455,-2.3558733723978267,-1.2981086229749745,-0.8964111200506772,-0.503107446672457
2.0239001331637207,2.4028754477943965,-2.2104100654039405,-1.3956046277075094,-0.09188321748716831,-0.01156000179650584
1.927491463535385,2.246650653900854,-2.193936580711462,-1.5422553257514662,-0.297050000201373,-0.6206349012527786
1.9585343834824334,2.189332178098116,-2.323417506031681,-1.7298042242659004,-0.5414226464483451,-1.2594795506834406
2.040397060306863,2.8335139258233624,-2.271962305056718,-0.8301241766058047,0.5042422463338784,0.8284686032677492
2.110400650444327,3.2375226369590204,-2.45864097836601,-0.9269446618613701,0.45721601453678484,0.7969682367515658
2.164740396401093,3.273502015598194,-2.286831548177718,-0.9044929858615705,0.4123485250827269,0.7914480112737757
2.0922035255264375,3.2525025037453874,-2.2906793640243674,-1.259701533633261,0.0856291978211303,0.3210687746948864
1.9977101506442145,2.8874061320013245,-2.3326043266919587,-1.060993406017844,-0.41206938725545467,0.3943656983272478
1.9149459070454238,2.7831727952987095,-2.485749234462029,-0.9253713765526503,0.3962522783851565,0.9849978243572131
1.8309219642303343,2.554359667888059,-2.451818276866699,-1.5470941952795696,-0.23735695273612434,0.07761548660397369
1.7763009380764234,2.519645476451769,-2.4383823633114807,-1.1174278496107757,0.17203382794738226,0.518245383392796
1.9166032934884976,2.6860895203040185,-2.4958626595545517,-1.1405053603473947,0.1253751183969324,0.48991345406430453
1.8792224819079864,2.840037571937414,-2.482795043132836,-0.8449018100598823,0.4344781171192393,0.9436202409720347
1.8439778262537292,2.7253783730862624,-2.5573914823990993,-1.6917445285287815,-0.8363373619916379,-1.2302595533032925
1.935336214556372,2.7843935663729726,-2.4819871824197453,-1.573339400306394,-0.6099412102147483,-0.6019759776563246
1.8917475278970222,2.8098274528700937,-2.447740732733769,-1.5776250184567742,-0.6172715874282739,-0.6087507739572738
1.8172170563845476,3.0461540373748943,-2.5202908610000136,-1.6397762172734065,-0.5262339682812531,-0.703626332872049
1.9610388610748644,3.5208803042275085,-2.5359149676404806,-1.4022931121843967,0.1728370877816365,0.2575481756988929
1.9907269886513217,3.4049331859734884,-2.5176149314354936,-1.0096247282928124,0.4836376744547922,0.7473057442250056
2.1374284315219225,2.3499044067234327,-1.9220662114085305,-0.394337148278638,-0.3765238855306491,0.8314880478075258
2.052942142647946,2.7303870355296977,-1.978001292715843,-0.6495283658997894,0.528539756232181,0.8495318172033306
2.0292359837689946,2.377943043235738,-2.056506649344467,-1.1310001577880815,-0.0030653781081447754,-0.21615522339616727
2.028138496351853,2.4526549805505424,-1.9473091135683906,-1.352342832460699,-0.1569119561428941,-0.03991712602625846
1.918471016402344,2.3394200547234707,-1.9126084000823234,-1.2018480496535633,-0.6060392606291767,-0.01762289393909688
2.0191698419932904,2.1262017260999735,-2.0604777628788407,-0.7442231917530838,-0.746613561013709,0.4739204082720291
1.8962114339689966,2.5262657651435934,-2.2623791855752056,-0.7613145339460248,0.36949959715571584,1.026478349782243
1.9184616828878855,1.8951763449468986,-2.1381155770248985,-1.0268639903161956,-1.1646305452985937,0.08068246661230291
1.816878537822479,1.8074930143553634,-2.220142568559655,-0.6590977715828357,-0.9595949604916456,-0.19938490681312257
1.8925855047103803,2.1598362309913997,-2.242934164456808,-0.40562851703636693,-0.5246483843302671,1.0151188802265045
1.951578470304405,1.9923601687633044,-2.1986729660470266,-0.7692175679531849,-0.9200766105854858,0.5918625268001164
1.8796472625899425,2.0568546475422984,-2.2105329529882654,-0.7743343017245922,-0.841680493618706,0.5670080850313751
1.936040837971349,2.384639191145512,-2.081548792987803,-1.3479213539914523,-0.2687803955845908,0.0567727941491769
2.0706424305962616,2.3131931050565693,-2.0948496712482214,-0.6804963245547723,-0.8904066429800905,0.45203120677006525
2.219943200942593,2.494280650961733,-2.129813309910148,-0.7169937738029687,-0.8810875772665684,0.3753882168696668
2.3481302261864236,3.0526531654344042,-2.0047525723236195,-1.390251062845259,-0.3167892768179309,-0.1772924622968232
2.2562504495223608,2.7211744292142765,-1.9921047699524996,-1.611033951372526,-0.7422231836942562,-1.397450335906379
2.233666420774042,2.5614144419551343,-1.9901388552884194,-1.2106499537180841,-1.3906721144930974,-0.804743105093153
2.214956692884192,2.7572193155266707,-2.070689839240701,-1.265295737360225,-1.3641349881883356,-0.8514883060927331
2.1508219570375617,2.767574262392353,-2.115725026095915,-1.4455711194989964,-1.1212657460472646,-1.467794350550975
2.1882913045770684,3.219775835080621,-2.2642550543065485,-1.003502463345064,0.10931694166886217,0.2488219535653103
1.9639483232801997,3.030421863674052,-2.3717115458559874,-1.4148452010310055,-0.2220628992378119,-0.14718258089349617
1.8564521223571415,2.649050569262573,-2.600883639362228,-1.2514011829921652,-0.07702391214563838,-0.20348698630761583
1.7904079618359292,2.4611953839259333,-2.637482431935647,-1.4527425356598858,-0.1922999423780158,0.03766890107999445
1.9018826511076241,2.68862109173021,-2.76478321370386,-0.6485751675841509,-0.03919573422655316,0.8974895567451899
1.7896812336487509,2.3031979581371176,-2.583694380997463,-1.5858855758049422,-0.39058313814522466,-0.5903820564461496
1.9942216670889634,2.877858593906406,-2.7727954265433548,-0.945486252648592,0.4033776177951228,0.9328860047194872
1.9205485105670006,2.61131723353041,-2.727747495062462,-1.5734453619387754,-0.25390451546514053,0.04040613210919636
1.8751736657080613,2.6389687566617392,-2.594128056734164,-1.2976416910829118,0.11207666131860788,0.5218244766420492
1.9410601400462146,3.175858070366686,-2.798678980964,-0.9156576758356663,0.35116627653091104,0.8808408023174401
1.9316217064832772,3.2175463467317194,-2.726554219805049,-0.9286074133476967,0.31219249247582714,0.9030228875449922
1.9131882766235995,3.439970944434813,-2.7208956270373728,-1.0009327683895983,0.39275222111971797,0.7967681509874032
1.844605419286349,2.841412390340362,-2.5327805666724315,-1.3825963950557476,-1.1433676041671956,-1.0039708989032643
1.886286559052611,2.94620322862177,-2.4420481895008916,-1.5032219655270072,-0.6925927075584931,-0.9981331315280598
2.028225057289649,2.8915121905884122,-2.2228492032922427,-1.5308622845484419,-1.3005441373122282,-0.8209351673377421
1.9607321397310904,3.3167970401733293,-2.4060836130849843,-0.7381773623332055,-0.39155526269984375,0.6683306399765045
1.8723882819852267,3.012108161103374,-2.332885298864407,-1.5032077643278983,-1.2731880301392127,-0.8560611892773756
1.8569312742254593,3.327291611926146,-2.4075747534872485,-1.6327876005731128,-0.283149037402606,-0.9931969951558426
2.0281991576660627,3.2755807373534123,-2.378249205492847,-1.98407849234997,-0.6972192936356527,-1.4484420799904727
2.1765434531839865,3.352820369282941,-2.6224769130964964,-1.0432634579998425,0.3719090765557723,0.7573919162101324
2.0686450777343164,2.018041222325706,-2.35837687829177,-1.1859819770389108,-1.1402002573525438,0.019703488575348444
2.121519607010375,2.189533731136597,-2.392969246808283,-1.2573486570607255,-0.663546115152024,-0.00349545599750787
2.090763982603146,2.206393850451111,-2.3987937401738426,-1.2651947734644953,-0.6694786908708577,0.008713285337895081
2.097328536672493,2.2424661283514364,-2.549336261550331,-0.5949971159690499,-0.505925572410763,0.9631997112747448
2.0692458971024643,1.8946996490614756,-2.494724287538301,-0.8873318696799006,-0.9468281345433162,-0.26002682276056216
2.084331447463972,2.1315916692795858,-2.4809061654655404,-0.9356917605727426,-0.8480689595725822,0.5066943899258711
2.0315208380622285,1.9614260817095033,-2.4665811108587956,-1.0004525084324951,-1.041341157783191,-0.1251168034235033
2.1513395118246303,2.4210160215402428,-2.6178760722055228,-0.5523779481582977,-0.5106596221678457,0.8840664345253677
2.2583223014027456,2.7520511811220985,-2.332470173380639,-1.6660962607778638,-0.4570273162156789,-0.7556920547871888
2.7447200524120103,2.6152984994298842,-2.3555341123169913,-0.15476897447379098,0.7363582561559513,6.838430008525201
2.2667150403548426,1.0912990453894198,-1.7335482263156425,-0.36217704804135237,-0.23411366205049625,1.0637649690632258
2.2381408947124766,1.1305781678873768,-1.9148438097440967,-0.6783827563268993,-0.04915997871414573,0.45058370877192844
2.235284581257325,0.9720861379804208,-1.535934332636478,-0.8222717440203636,-0.7851756626295432,-0.056205430296741306
2.3492044256712132,1.8486688741635218,-1.8335771799309795,-0.8793832398148352,0.2891249787041453,0.3579654410638461
2.376310374305807,1.4107521494267647,-1.7398259623401573,-1.0875822053181863,-1.3026486865559905,-0.5641784953334552
2.358814503349042,1.4395039756908898,-1.9123528794690605,-0.6477597258476657,-0.8517301811698644,-0.2761059507079852
1.963822238418139,0.5453484585126017,-2.0858904683946813,-1.3141268409707825,-1.4788476832185196,-0.9315829923793109
1.9906369457784177,1.2314542810808986,-2.161998566002075,-0.7705756994991284,0.5809698381042898,1.2089867503133072
1.9250262387719532,0.25824080388796367,-2.020022779743591,-1.3228930221637243,-1.3715980690864673,-0.9337369029117385
2.047512668216181,0.5784290540071139,-1.9875934012180176,-0.6549148863602791,-0.7108711610578662,-0.06820879941656004
1.9342958452914725,0.9336313988389788,-2.0288293340962724,-0.6609390647230814,-0.7712459694040578,-0.10945700726455826
1.9996646269443332,1.7616917187011203,-2.1180225502620136,-0.7331975595564321,0.5330527482664057,1.0939531153135922
2.1770878821418584,1.468378243132866,-2.0052941445680013,-0.5547795301956061,-0.6712166905521247,0.43855291211556013
2.1887796767516163,1.8322853321346193,-2.0212785321105957,-0.5884084753712888,-0.030682371838761376,1.0694534157947369
2.1186020756733352,1.716873570808471,-1.9688270900001004,-0.3842907873223801,-0.4328861077779374,1.0496490154567857
2.4021234820538617,1.974471963163236,-1.9043686376087656,-0.9179637347992219,-0.22536755525755092,0.45360261587259254
2.450490300557003,1.7634254929774809,-1.991807878363766,-0.8803675079294747,-0.6247553239774049,0.43770927167107
2.330298481377811,1.8975165610773692,-2.07532296373925,-1.0325874734493234,-0.15845960754945765,0.4351066179444968
2.303711841140468,1.9079562012998814,-2.0764660204401064,-1.0264495233613011,-0.15356991990386804,0.43103325106683826
2.0856658852819745,1.275245847071002,-2.074740582905681,-1.2926258463342817,-1.075023255423564,-0.5810776597882361
2.0626162502173933,1.0816868594606146,-1.9928766710748798,-1.3159440395577755,-1.3549810489305043,-1.1924763007303913
2.047689934729701,1.0275254206397118,-2.00921027066207,-1.3044939580858617,-1.3966759481045836,-1.1554756989029993
2.0609476941695037,0.7185920748041259,-1.9700562466994207,-1.3336790081149106,-1.3720444448707627,-1.0306142555563524
2.089970516262723,1.3625342058635495,-2.1376729829305616,-0.7445240152347578,0.642863616298226,1.1557052689897904
2.0577292492805705,0.8041783151687896,-2.137256990998024,-1.0193039888438662,-1.080789050920342,-0.5680120948428634
2.0578515041206225,1.1730774023434138,-2.1388144503133133,-1.1752782859161317,-0.5374071737584711,0.21216064835007795
1.9548574179706675,0.6051358146492121,-1.9786690694143074,-1.3896020766928114,-0.8894640472336153,-0.9483136656589128
2.1098945383948915,1.310040363219581,-2.065040554953746,-0.3620891371006425,-0.3863730965232712,1.1181232053420926
1.9571812840372282,1.1485501869658512,-1.8447477796973306,-1.0027983712186104,-0.9831945832663697,0.18798807599057707
2.0244307633986964,1.431437437871434,-1.9520582094425032,-0.4362256858898819,-0.38270423217937444,1.1343045418944568
1.9644069853344577,1.9287729439142047,-2.0286677040927965,-0.7678424859497253,0.5126008979596215,1.1017092083078286
2.1499060772020395,2.076344255788817,-2.121772341707608,-0.8517275458894625,0.5443609186844726,0.9973923593227179
2.1776278403401528,2.1670037304136893,-2.0130436295264706,-1.1717188520434951,0.2547308197709012,0.48269545596683483
2.2202737539674544,2.160008592982618,-1.91253655679619,-0.6478813108380179,0.09591863366062586,0.9362167124447867
2.2834518604916534,2.3191409917050256,-2.0636577241426814,-0.8418742048181304,0.6256545028422537,0.9010098165323795
2.158232254625639,2.1363837951899427,-2.1428985604182653,-0.7146184272434498,0.17747280684752448,0.9245273880453598
2.385676893635488,1.992844401644305,-1.9995831728956122,-0.5035320080680254,-0.2500831619589276,0.8445934425447909
2.2973309900213765,1.97866845141574,-2.062403096779485,-0.5176299287000643,-0.2539675623205118,0.8540045624432588
2.2672116220689595,2.3774108617718253,-2.0629284612721763,-0.8553360181081592,0.6319178842696914,0.8578568159773767
2.1713441559953006,1.7669670818685108,-2.1585155862872267,-0.8041172793778064,-0.6926966101401343,0.4995470871061134
1.9976975908048393,1.4236302556031895,-2.065406992269117,-0.8678291935848913,-0.9496513005986462,-0.015432939967465031
1.8412807175537338,1.629325534449104,-2.2186562305974955,-1.5714125951837377,-0.39096561905512867,-0.4011389518444987
1.9163005588620527,1.733351068250835,-2.293802348157775,-0.47108621759456676,-0.376371353609836,1.092193762669457
1.929691408602996,2.047193323830868,-2.3910648028043884,-0.9022974882989309,0.2766486306683692,0.46166501315973707
1.966975085251578,2.0717667383087095,-2.39495736746593,-0.6085773217253752,0.04612735750988062,1.0668584576880145
2.006164813607033,2.250353079274778,-2.365863132921397,-0.830058435969839,0.4854472535049886,1.0511811561724322
1.9962952714118738,1.9446193102805693,-2.2820202649645758,-1.0441509337389705,-0.310356015356993,0.6159748090023587
1.9802421133523584,2.214883550251615,-2.4321694559675215,-0.9261375939296701,0.4846398590169139,1.0719044742665174
2.1847130303509874,2.4390941484364093,-2.1998436694671737,-0.8723197924357767,0.6511924292578096,0.9537253085116719
2.100558748727716,2.4180024704702574,-2.118432146523658,-1.549228040380256,-0.04757994908743213,-0.03639766292653971
2.1690006198276524,2.6808200071008343,-2.3146017615814474,-1.4005534056080622,-0.0032000016852031386,-0.30417366934785983
2.0356609105303174,2.6888458940081787,-2.290796274129922,-1.323484580655984,0.21732759678342378,0.368314956550222
2.0947416090387145,2.4932900788084167,-2.185468174031196,-1.5599174290321287,-0.13627377526300843,-0.06234454452547429
2.081395024162167,1.9594470870408278,-2.019901120158956,-1.3369729438277516,-1.2873332820407797,-0.6800023176773008
2.2030392805107795,2.09270195959132,-1.9751236498707314,-0.6539730348917011,-0.5793463780543255,0.23042487627530428
2.1328476603998854,1.3932219622763704,-2.042003572102554,-1.3529487146491792,-1.509181424689969,-1.1584244115926972
2.0771934603410944,1.4843943054379816,-2.195085859853504,-0.7221021632059295,-0.9110048147137567,-0.15320465236397768
2.1109489122726144,1.736814575932918,-2.4026665603702404,-0.4990260105839724,-0.4592438986091223,1.0592335127583499
2.078804859882298,1.3918808809015506,-2.4010666862139267,-1.2949202957700048,-0.7334009798824386,-0.628804110045043
2.003145230089281,1.2697989610116671,-2.389112242156949,-1.309596045609818,-1.2837685166696227,-0.4418631086536358
2.088834070153767,1.5948243898594137,-2.435211758878844,-0.8835395747011392,-0.7210794698230063,0.582333575523491
2.143446426692607,1.6366998720563606,-2.3710184962169256,-0.8107527606033984,-0.7373815543686059,0.5790962177722707
2.1371346299906695,1.5764965217947513,-2.367370141806151,-0.5950581973290725,-0.6686899969845767,0.44491088223807995
2.129984112206594,1.4574342062985612,-2.294134930171978,-1.1037968432312486,-1.1247613375040493,0.16481568151488146
2.201138028468267,1.8749401201712763,-2.183273959567633,-0.5120120674322277,-0.41175576294986455,0.9876374864672639
2.100559049520065,2.044159318962486,-2.0401119815986526,-1.2480361622795575,0.07429280974344826,-0.1504674006529366
2.0721101973833753,1.7312040870471443,-2.0155482434207963,-0.7115779642394698,-0.7218227580196136,-0.2702615192058243
1.9307848793932443,1.9782539047066612,-2.0192759811463827,-1.596265066291869,-0.953036057456415,-1.2111602191057629
1.7811663671818867,2.346413661434614,-2.1805997451509604,-1.731937285847662,-0.2884007280719378,-0.5275703987954168
1.8074437617627785,2.8385332406012704,-2.2965392525011157,-1.0185419564721663,0.6277710522522632,0.9479879555887787
1.958442799833057,2.868540386487609,-2.3384406815679144,-1.104962594859655,0.39303971094676426,0.256869629946991
1.758341807337225,2.4193148148534793,-2.3199996898479176,-1.8513274082819131,-0.47245173630675247,-1.200333180313967
1.6467922686695806,2.650445894648128,-2.3905959263229546,-1.2665815166659553,0.27151246679911023,0.5425070404431692
1.6767103328353112,2.5311259526747567,-2.4712420814228544,-1.5806453084461365,-0.24368242317995065,0.11660763554821908
1.5348836723340613,2.2243669429639965,-2.464275907021482,-1.469816137521438,-0.6113472211093391,0.16114781958590252
1.6280494562087162,2.7155641585717736,-2.5590175068408128,-1.593006640308762,-0.27214078440816963,0.11042241496635137
1.536013718434812,3.121034256538505,-2.8752520973167783,-1.0757485328886147,0.4020631202481887,0.9531934196711472
1.4343331339586254,2.75914169135216,-2.8066414799205845,-1.4137788741091746,-1.2059158757878388,0.03272298362740239
1.483939813328238,3.486401564656119,-2.90539986299475,-1.1824682397829127,0.38208370291306915,0.9111856968375316
1.4698710463644438,3.517915261988954,-2.927583111983971,-1.1890269034829541,0.42943250895720875,0.8809872058075436
1.552144118635675,3.134353425578168,-2.862887330128266,-1.6085892587143094,-0.13476336146203952,-0.14932396957750993
1.6719097507781413,2.923651997090983,-2.6959032520728496,-1.9297769474010016,-0.40963315388791116,-0.598024807056263
1.7070062550993839,3.4864732747874494,-2.660468607298917,-1.3698351115451166,0.3180562844770366,0.18523332780392013
1.7127562129147742,3.4484415129536323,-2.66051958232143,-1.537161596269153,0.22004525553807283,0.3453225161975559
1.7115505967605105,3.6045850868263014,-2.5941194116208157,-1.4054010757926552,0.07948813958892907,0.3445044129473328
1.7205613473971864,3.6897195129892078,-2.5459917510938164,-1.1938185995231283,0.2295116708788882,0.14249667110033393
1.7706836018028622,3.3351493600663717,-2.502707185043818,-1.6175598187114815,-0.33556420813553156,-0.8846368288329456
1.7629462208329019,3.5434645640464795,-2.4829249856373576,-1.8525051287666214,-0.47387486972307385,-0.7464512481632456
1.7696625104903034,3.3841729189651217,-2.744967434499005,-2.07923517674436,-0.674730905461644,-1.378071663307936
1.7353829141634745,3.6394448264533437,-2.91407842293333,-1.5475983146988712,-0.18553821758643566,-0.2767060719366317
1.602381654690948,3.199222179508261,-3.001409286686372,-1.3601856114311481,-0.06684792168641764,-0.35601587144174907
1.5389075811001496,3.246015316541185,-2.9526410023179066,-1.6672610685100993,-0.42425557385051477,-0.820361628724253
1.7461303663759338,2.474789730502925,-2.6053693712215673,-1.456683871601119,-0.31416336064605765,0.1398405511990777
1.668786373159653,2.452787654933433,-2.6084527843854546,-1.5672222120014192,-0.5487557203598226,-0.5017422464673634
1.7027742219150146,2.253675731287826,-2.458340602941968,-1.178312402433749,-1.2258144239190738,0.12416738184004712
1.7329567683048444,2.3183252825394205,-2.4732800715832646,-1.1667715151727454,-1.2802514880200342,0.09960510223375575
1.7178685287382138,2.37258417519088,-2.5572197524616787,-1.269907454453011,-1.2410355086026437,0.11513653156817334
1.6173715588258974,2.8963442457945443,-2.625533511705207,-1.5544041992722253,-0.31442601439744045,0.06560765279694579
1.8489524705141385,3.3591524333099834,-2.6676612022738144,-1.562210335746418,-0.26233208712345846,-0.09474402472831857
1.7487416018181008,3.572888910165356,-2.6100140360008917,-1.7405386611159994,-0.4540518337935132,-0.8004856412737866
1.6825210699446413,3.6982193270647152,-2.6276068248353153,-1.2222702363812818,-0.04086473818831828,-0.5007833074599564
1.7399801115794036,4.221153372900025,-2.7201158680231576,-1.0463896048741104,0.3313262337832372,0.7280230329372077
1.7101629262173386,4.060092395405234,-2.735771548313313,-1.267025416914559,0.14120327502163318,0.09843452798119223
2.1138543309975377,3.0243429302060085,-2.5823989113114605,-0.6996367758412205,0.8792751160734446,4.542576367636394
1.8988372256807473,1.7556735277643556,-1.9899542703983244,-0.7282150758127793,0.6471917466561945,1.1136301541659126
1.870689424248503,1.8976024902928512,-2.0216739539128965,-0.6949102604490699,0.6296005610286544,1.0991109876735947
1.8177386834071791,1.1181904763978572,-2.0438415318783862,-0.4644522629809941,-0.5826328340045486,0.5970903284892934
1.711321597364185,0.6880945879656672,-2.0750550490254867,-0.889098314968896,-1.2020835889379613,-0.3982057775113933
1.6523363852242319,0.6147925823966794,-2.0294754744200336,-0.8161876378725952,-0.2614342357370193,0.09590271120710367
1.7670821769631515,1.1737990477797435,-2.228102564494528,-0.4021129164381677,-0.3771369825394618,1.2417437044935726
1.80549631723391,1.5235437345401004,-2.2429885977504123,-0.6903950640962875,0.5176115283036801,1.208572180921069
1.5691756021294216,1.4228386546499043,-2.188677892237337,-0.7938622637044993,0.27025169831774404,0.6536046549464727
1.6169622195068283,1.722526228392043,-2.1196352989387863,-0.6034790683733848,0.46999759998975316,1.2543091803675688
1.556800148906622,1.5566191730263341,-2.016046784588092,-1.2591242700514529,-0.16979318225990872,0.33824052728581533
1.6084033482844253,1.8999078405914511,-2.071143939424982,-0.7583963954914857,0.43362209384685185,1.1940195622438259
1.7284092074181079,1.9903393358839034,-2.0898230993037927,-1.6620819065355965,-0.702325655038791,-1.0618411585709957
1.767916358355609,2.637656315816922,-2.2234169589499344,-1.1656538787041277,0.14230557191261153,0.5230651430287253
1.8200567156499008,2.4599926161089973,-2.2978474367511432,-1.1893059574417866,0.18661820137114807,0.5344767825116723
1.7730628225597336,1.6201541926164473,-2.037455298537304,-0.8699202226944949,0.026403027343136102,0.42568403219480716
1.8798602972869838,1.6929184311668073,-1.9699785084903776,-0.7930853484149338,0.03700859833872189,0.420749847675492
1.8355093604555655,1.683977499772227,-1.8935382113736408,-1.2281937907112113,0.0771069825519774,0.008840531889457943
1.8633775916703397,1.4218476246402505,-1.823219945910599,-0.4868146286526723,0.17994121306916078,1.1282802036138233
1.8878088809723137,1.45230151794088,-1.8721319529127738,-0.6716590359434337,0.6557767884695586,1.1673411366939688
1.648096479131645,0.8473406462083826,-1.8320973487367127,-0.7536024818310595,-0.10038039966384148,0.7987290783312533
1.6532668591863453,1.096882010102659,-2.014312124020752,-0.30378973249140295,-0.30395633074458744,1.207855469144478
1.6362673905051548,1.1845585123378712,-1.9939313912269439,-0.35139509831496846,-0.35046778654448374,1.204900533322947
1.705813158509134,1.2086597253030635,-2.023076033980095,-0.32071366479750824,-0.31478468673077115,1.182812049608313
1.6356970410528282,0.8037460428000757,-1.834459111438243,-0.8372808308628635,-0.9321880803514421,0.3046745423905375
1.632367323539538,0.8772487255023232,-1.993155602871696,-0.5223699524318511,0.015843393751112964,0.5791672277112832
1.7216347982848095,1.0564171124327029,-1.9771081143386817,-0.5853338008744343,0.663252932644228,1.2551534839558307
1.6375396337028718,0.6830121326741113,-1.9773448725993303,-0.3056386877027635,-0.23109824409407762,1.2605207208211462
1.6087811438730435,0.5514690157026688,-1.875292632500028,-0.3604569381893039,-0.21844366315956376,1.3156286577472098
1.7336260336798301,0.20334611082785825,-1.7760363853073646,-1.059537657875116,-0.7083365612548344,-0.5261350776189435
2.20074635258943,1.4699757482553835,-1.3094282908455332,-0.5061949773448703,0.38617811098971394,0.21854460043311263
2.6088725194174573,2.1891923030398304,-0.16811271135829028,-0.10823153929860166,0.2577312940786868,0.7925112639989182
2.6388275830917203,2.374104593282597,-0.17823017326851562,-0.27168306933905123,0.7036122139748799,0.7957505572314281
2.7187875813312745,1.954438187451443,-0.1563173993964805,-0.05256350028856294,0.25516225327484765,0.8210326274324459
2.531975922498514,2.0472996285342924,-0.1731461554492219,-0.2171402897836677,0.8157869310460161,0.8069541469959783
2.6347803878930414,1.3310450948070494,0.05721519737128581,0.15870850213264037,-0.04986533977761056,0.8781112709832114
2.5066531739306845,1.6335859158595218,-0.0005381217700757479,-0.14149989609191785,0.7691281619891762,0.9547443086292923
2.458790178154074,1.503367226252516,0.04684431428141648,0.006799112853612364,0.2836053406645128,0.9846049707974182
2.2747751349052523,1.4990638072614577,0.014685992503315018,0.049051904012652185,0.2826227149761803,1.0357538081753384
2.1670787537348084,1.0473282826768935,0.04131315525659555,-0.06331491284958583,-0.4856149271231861,0.6258210106399096
2.349152202662107,1.2294209156292577,-0.14375705986951803,0.0723480933886801,-0.40226874661520345,0.38969037727866185
2.356068421754737,1.2932611753570684,-0.1890868794632984,0.043660223294911614,0.37201578309893485,1.0380510963351572
2.3379353407449917,1.5115344420446264,-0.2906799063431237,0.08392001337081985,0.29568545831387727,0.9766942894429389
2.3154650404002792,1.0047047993392606,-0.1192697046949802,0.042729545473059176,-0.39815586117731333,0.43319410554423593
2.133878661147052,0.7519108698318483,-0.004159450056948392,0.11553435648252539,-0.40367431221887845,0.5193970521366393
2.246967011376456,1.0418038150043243,-0.05581621733420674,-0.11127022949701297,0.018485491223457155,0.4578030329367336
2.100036415445501,0.867513324153555,-0.016274381691995708,-0.22808591625322974,-0.8003462267489777,0.0463328953876387
2.255098588418329,0.7114395721938936,0.05203721977613566,-0.2246605224886972,-0.8234629142729212,0.056747753293278816
2.0943310957728203,0.7445176471720453,0.08320316331334207,-0.1824530548289895,-0.1984773162796232,-0.07452630641620114
2.113869541448828,0.9707059750815178,0.12733530859909153,0.2996572530354036,-0.2395341541596703,1.158247225504816
2.1900729716350846,1.2796797588009872,0.050442826037614776,0.12505323746235802,0.16215291684987024,1.1474337819589477
2.3310444661434992,0.8802570459373156,0.15797508677866373,0.09170951895810135,-0.6999030883852875,-0.18081184631250818
2.13567654469278,0.44210130188777075,0.23266110588578387,0.07441100089036022,-0.565267651325376,-0.13705551544223812
2.2966088247207725,0.6990400939244305,0.25212504562778426,-0.12045174835740831,-0.7459353005424572,0.02321654875442745
2.2097836554400305,0.6458154980998708,0.27618989383647174,0.15061743450358794,-0.6389385716562542,-0.14980487643498075
2.254826961620385,0.670924287346957,0.27514132234646327,0.12500562408271224,-0.5933853903703996,-0.19966070837001154
2.232777700869841,0.6627829364434573,0.22107073011629358,0.09973020600957314,-0.5599088379764503,-0.20224629571599573
2.1822608761326494,0.9996036005209694,0.2116730011702455,0.3162689213337393,-0.18370800974015164,1.083321927641329
2.12911838740365,0.4803578729283624,0.29752705978803573,0.00257851557557547,-0.5617405492263237,-0.14339080313172423
2.1858178968266517,0.6817956739273622,0.30866450785448396,0.16449704748341765,-0.3348486845959739,0.4542321183022523
2.1670124561986843,0.45441488953575426,0.3253450241363982,0.12057377266687665,-0.5454399775730269,-0.15066009984292666
2.302698839584624,0.718893253588174,0.2882144364687693,-0.03998189611741351,-0.49844667118363883,0.6491329938594059
2.2086193097252322,0.29599777514163933,0.3516888586282876,0.03329276698453696,-0.5812495093980024,-0.07821725385466138
2.131257877697816,0.23690932693654382,0.2951238942132107,0.015860125716905052,-0.5733030896588712,-0.07488095039768494
1.958696117417458,-0.03872946836423509,0.3096803972040666,-0.5831672006792378,-1.023890322556229,-0.3482207260555782
2.08382501462176,0.5324400887889036,0.17734792987103254,-0.1744455150778091,0.1201484491593227,0.48861781991559144
1.9919560575262778,0.5289080576026873,0.12620679403986368,0.13914963132812228,-0.09189420684438687,1.127863369506125
1.9208863879479046,0.01150410645449367,0.135906884763968,-0.08027456401336677,-0.4767687030267846,-0.10706933807205088
1.9709339899826814,-0.45606131515182763,0.32308126715413626,-0.7184103695233772,-1.1197474920788075,-0.9796732346641558
1.9328989463096302,0.053222895036237575,0.07113399489094704,-0.06729928933878739,-0.30537918707476064,0.5076529925553641
1.9568572303684217,-0.08822058850761745,0.29934821903433245,-0.7869924520278461,-0.4605539973671551,-0.358952489966413
2.1306517799726925,1.3653539741953273,0.15273476619212606,-0.11259058384105246,0.047473637600327016,0.4626345764207623
2.1288717746595656,0.873228673038074,0.3559107999182176,-0.559799638683452,-1.3332186786496727,-1.0600332471243066
2.382107311078986,0.8035416578556345,0.3819498931474882,0.21867612399512398,-0.40787687477164836,0.5002433309634119
2.2274554140662155,0.5141593374081657,0.3892850441657717,0.13552965774382236,-0.712113426774128,-0.0638779076861058
2.192676017959845,0.4222915220294184,0.40567999789006937,0.28190504224862245,-0.38230830746920474,0.547152563223228
2.069380986131392,0.06095803275153734,0.4919430220059873,0.09058066187564427,-0.5534747018642477,-0.019407934615446234
2.0783260030446655,-0.12569072494320976,0.457567323875011,0.07164195833495202,-0.44697746173805225,-0.03441575136916456
1.828629318265631,-0.6476294924928593,0.4806469727345928,-0.6616420391303746,-1.0858652051356303,-0.9322296742252497
1.8682296659375994,0.07233258392020582,0.23690699480339364,-0.29208519618104145,-0.5213773847483775,0.03953551230736312
2.158181626105489,0.49314984206782375,0.49838768438865577,-0.2100259453520897,-0.7336385684881558,0.20471955509719095
2.170427499905221,0.7210763906803537,0.4377573499397519,0.41393901389630006,-0.11816477810872598,1.1278709367588067
2.245317692566436,1.0506308451222106,0.40126595930660636,0.24264084331836064,0.30599797993362865,1.1113186271072413
1.9551011721786296,1.4858697269075458,0.3090118558742966,-0.34895112307795173,-0.8151250337743936,0.04635954993299159
1.8561863524356252,1.254600533818292,0.29981094749777704,-0.45530288941063557,-1.0390650384482765,-0.5069900384224172
2.048425482897629,2.0003496575768454,0.22081062486361575,-0.07189140549186877,0.6712586971922103,0.9927837443584276
1.9232452663883177,1.2123317393361333,0.29577044211763537,-0.14667306714797487,-0.8907423393940715,-0.008884433585268886
2.271887297825923,1.204108594842767,0.4020321073611197,-0.03728435440265742,-0.6636995653757364,0.5850051306471238
2.217502032631924,1.1701280953705044,0.2825961474237181,0.08512938242793222,0.16367395257382336,1.1497095830964716
2.244147099338154,0.6002655647159666,0.266870575394867,-0.030511131307607818,-0.6760531346530911,-0.12005974504424341
1.9813686645858533,0.4351505615895375,0.21165253232111236,-0.30236384372802194,-1.009287099630341,-0.49737755682480195
2.0197862050359263,0.5783662632023657,0.24792713838896804,0.18982827749846753,-0.4144283758172407,0.5818036276569383
2.3084985994304317,0.6873296730494513,0.29514653470832664,0.2892536716090982,-0.4612924272859423,0.4695195739980475
2.259060740007184,0.051877098160372545,0.5930327360198128,0.1878281615880296,-0.48655471085053087,-0.10185941731453373
2.4222214604629797,0.048629192501183235,0.6299881030446239,0.19707803581788522,-0.48821010926021197,-0.11525999985635656
2.361860156358364,0.2905735618840587,0.5515251767233941,-0.11025295004590491,0.04229437913942564,0.6277326841400505
2.2839287458781454,0.334669940208596,0.34741357565538933,0.2194950634510726,-0.040479532063737576,1.0534615932086806
2.2035959836213737,-0.19346442423200555,0.43032113304196684,0.004582275168322065,-0.47048258045623176,-0.16162698711620205
2.3334684094302625,0.01373169101392928,0.4693637226135746,0.08132313777666066,-0.23298730814529556,0.41640683371260256
2.2062287006008328,-0.506046400742862,0.6081439527770334,-0.2839479652695484,-0.8244407809294219,-0.5548918511015739
2.3018095522817954,-0.5362685619049808,0.6296942298368777,-0.3185661143039733,-0.8240749109782324,-0.5546420127255438
2.407742541198276,-0.39754848601009746,0.6201376096710743,-0.08624278515814138,-0.43436176667847026,-0.15116320237994588
2.5595583980927357,0.1084423586794249,0.5399048494175903,0.03435377042009805,0.4259554279104795,1.0774037238476177
2.5309894423032557,-0.5140181487890945,0.7041338783155379,-0.03581617026649936,-0.42702850236047946,-0.1499335815031443
2.400516089003903,-0.4411062559815752,0.6003398581837766,-0.05215298392686612,-0.24770732670928608,0.46506312815868067
2.5221530767880838,-0.6883967201285188,0.7210512291508616,-0.251871186899244,-0.4739972552607678,0.052193919048627184
2.185910739768708,-1.135408007206429,0.6609593698639474,-0.47184451569514646,-0.6417900521447591,-0.549289528840504
2.0368040462025663,-1.3363888005551092,0.6479336823629553,-0.7939466933404836,-0.996553375261709,-0.9440099693345113
2.0359981389062503,-1.74894194444107,0.8334944377934966,-0.7508206045863318,-0.965994248257969,-0.8796102408419636
1.855516265443795,-1.794406908879537,0.7416364595279279,-0.7763454916470148,-0.9995375911758001,-0.8010660096827704
1.7999969833692857,-1.8846885019324882,0.6637199442628272,-0.8004131509749548,-1.023799084338481,-0.7683751331058927
1.7889816528534872,-0.9655727149645721,0.5915410914584199,-0.8013465776088373,-0.059399510105859483,0.3701721699659616
2.0424468653159504,-0.6424889973711028,0.37831070452854854,-0.3174138071387903,-0.4552928087522327,-0.07722360729549406
2.090299664641497,-0.9747675180095324,0.466003965541273,-0.9067606400422756,-1.172760796724902,-0.9598177218726947
2.0939202504060472,-0.9143790495019796,0.5104745857323094,-0.8892932202046641,-1.1268379000834294,-0.9775008187538652
1.9536292082571127,-1.1625162657994312,0.5277029818829911,-0.17497295688970854,-0.3409481133366625,0.08102601344159474
1.8517236556402898,-1.0560360655952763,0.535628444977952,-0.5749453118902038,0.5777209779589354,0.08342686043584178
1.9557203557970497,-1.7665900982404266,0.6799988179361801,-0.7844215967289604,-1.009942934898773,-0.8183031459765822
1.9671814115261708,-1.7705819298945038,0.7392759624158111,-0.7670192949283765,-1.0283769673346648,-0.8117603393459417
1.9090378799933667,-1.7831088624688574,0.7117899940102363,-0.7983704386735428,-1.0461459242054483,-0.7673168553304056
1.9529863138794394,-1.5302410853229829,0.6582131465847675,-0.1344731002502161,-0.39148856167455154,0.1313377310011846
1.7614043022212766,-1.6457909642518949,0.6114126944662418,-0.8321923182714619,-0.5999384345699482,-0.7260300649724769
1.5295202222645952,-2.4244651394174905,0.7748508716844236,-0.7461612941011166,-0.8754767062022274,-0.6039514723268593
1.5026627395853098,-2.5532572689102806,0.7643534967334855,-0.7850069047428612,-0.8785487474098085,-0.5693036289288268
1.368096906746741,-2.5881460057805876,0.7228686419157739,-0.7985258477692125,-0.8957485700544178,-0.5183128609144287
1.539816387958195,-2.5537770087806657,0.7250567698028434,-0.6734671598296971,-0.8594889949028969,-0.5217395792152495
1.4174648412177924,-2.654791192701227,0.6846760021411772,-0.7322567198293216,-0.8781286543801686,-0.5468110102283129
1.6293495890760321,-2.5481879110114143,0.7359244650141497,-0.5392892720251845,-0.6947441165789027,0.044039596103887156
1.471647612426656,-1.9275613498512472,0.6128511463071127,0.1415177511248956,0.2338978702381053,1.5541718384292023
1.5005878710751108,-1.1202611078052227,0.40551362880405556,-0.36785518235812464,0.15760561183845895,0.10733692200537452
1.8134963660381718,-0.6614062429263188,0.5774600931951553,-0.25905407320521107,0.8183153801299159,0.7255670471888709
1.8322069452812464,-0.46608366939416185,0.6188344651606262,-0.0911985969627154,1.0169691856264533,1.3347965800923025
1.8243823875842138,-1.228073005204224,0.6876711187490108,0.004490511381486059,-0.30839709782457836,0.10567378431175807
1.9125094368854259,-1.5446551033879015,0.8551605170065919,-0.6122565173157909,-1.0259107312708364,-0.7592145990639425
1.8244806335919077,-1.586121698595531,0.797159871495073,-0.5364106269469234,-1.0363790807340492,-0.742056516444167
1.9475353354329088,-1.0318280339876247,0.592030585914064,0.29829330699486256,0.0961817876240717,1.343903784630073
1.9827167105471557,-1.6754817004684481,0.7192351283971449,-0.5372860625777934,-0.9936579216975238,-0.753278644390251
1.5111351722771227,-2.490627839449871,0.8780345392602257,-0.6344305627965366,-0.842522461949282,-0.6543983727736576
1.6474037550798273,-2.3775755018231166,0.9076841099648993,-0.3292744705420629,-0.5454130216951915,-0.1747546546742398
1.6110524204800356,-2.486699998950715,0.9379545192192595,-0.30933560437818264,-0.6154584195849282,-0.1321649326582272
1.443708828495118,-2.37087994618255,0.8633781512042816,-0.9115406364955944,-0.059781223755579524,-0.5177914159485154
1.439440843892811,-2.3976123568070102,0.8418116120860555,-0.3776363283882527,-0.13264996401570148,-0.07785230054575984
1.4238123725389225,-2.5230889176522857,0.9250859988580231,-0.525000572575947,-0.9163536470778654,-0.5625789667491893
1.5492121939301646,-1.6737731817026613,0.8213467238189446,0.1590112797372758,0.2918671811462344,1.4388667137478963
1.7430102554668607,-1.1292251216286993,0.674276937542424,-0.5507819617811062,-0.5749424785422729,-0.46741864949303746
2.1980448699123976,-0.38057639966845197,0.5041504106480121,-0.04764219183992402,-0.3771014475470096,-0.1338603239136549
2.0166166433624673,-0.690288523314249,0.5155161301316504,0.15027887127711723,-0.22082244662566702,0.632920675980551
1.8761854655419317,-1.2903230295125687,0.7642904044180613,-0.30824123080896476,-0.6577755192835747,-0.37651982038751614
1.8035006724232465,-1.4500874490004418,0.7163982939389657,-0.36512743003412595,-0.6813829574975254,-0.37141873832108546
1.8050200387019812,-1.5490435775434055,0.780368527086131,-0.6725513997138799,-1.0421497482487612,-0.7457743748841922
1.6472700136333591,-1.572761158968439,0.6969815854754393,-0.6460671093812521,-1.0609159023390566,-0.7052248818025124
1.6965211470454953,-1.345686893459393,0.6356085204307856,0.012720184340229252,-0.3879504248416449,0.1748297954317925
1.7130228267588363,-1.6079007966869316,0.7249684170698013,-0.6036965678696451,-1.0539633917330542,-0.7222702463122264
1.8004708501487212,-1.5779924587200185,0.6801781826270051,-0.3849797717559319,-0.7071616052974177,-0.3506277915534471
1.8239303445878494,-1.8305919891564757,0.717938084719966,-0.7227874256288599,-1.0317452732627512,-0.7461966001430314
1.5276415214966406,-1.772591648188571,0.7512611889087477,-0.11263206149216269,-0.24600710417699553,0.16821172980600324
1.751998128554809,-1.6324370176772636,0.7286223024516482,-0.7489682694667541,-1.047310695376773,-0.7972899481341673
1.624652223863508,-1.7718141427913146,0.8068196624089905,-0.3227289074074118,-0.43398650491379087,0.3733218345079633
1.6398175250647553,-2.4029793944770295,1.0190203388484051,-0.6885353915465523,-0.909169566586573,-0.6448564953988868
1.551379517292118,-2.024196191196164,0.8492456380222959,-0.6931426958825049,0.2509830285495697,-0.11970731086696931
1.419190645144738,-2.5935459105059255,0.8579299041754869,-0.6113516803208378,-1.0064988947563536,-0.5183213766488632
1.7363655758900158,-2.2390784028712245,0.832449127844018,-0.03577347038061818,-0.22369748472853665,0.2561970781934211
1.4553708559221108,-2.670081029042996,0.8225339426138283,-0.8651130200936931,-0.8677895470201628,-0.7343515197582475
1.7735217634379132,-2.5792354424891832,0.9314263938657432,-0.6586111713225958,-0.8745360174806888,-0.6576463203227142
1.4674053201958033,-2.781175791376862,0.7940915944358028,-0.8727961103726114,-0.9492142168056582,-0.6664997881222783
1.4684709894695467,-2.8863476557172323,0.8404065464154155,-0.8448704790421767,-0.9465257002234383,-0.6410185180283909
1.2651900632770368,-3.2751167497308935,0.8949816218187332,-0.5532637088695681,-0.5388291714278076,-0.04609235390640447
1.3918390836676897,-2.09879831701019,0.6138747609580787,-0.5888582536095348,0.7082729629117465,1.08271957833012
1.286231272620495,-3.0321134259119815,0.9124725608704776,-0.3507175193806958,-0.29275675141134455,0.48526572342899815
1.2994323948494637,-2.8638225619514213,0.8742956284895332,-0.6328620733568497,-0.7032080998744186,0.016169146036646858
1.4280201694957935,-2.9374643221443666,0.9193591871818751,-0.7452933411813539,-0.29394122689561886,0.08146659482655179
1.6656467517923979,-1.6928227482777427,0.7658045847870888,-0.3554928532145152,0.7797299526822637,1.0416459002510483
1.719390965824817,-2.238574759324584,0.8564322957115548,-0.6989821417819208,-0.8733007197796949,-0.7237182527352797
1.6565544625401034,-2.3253613821446324,0.9680576411792231,-0.6873599932874256,-0.8147121848540725,-0.6841736878461236
1.6014527567908168,-2.027600340906846,0.9154801775403647,-0.7132985482247862,-0.20760681370552994,-0.01528529026041756
1.254572893812352,-2.6247408038014646,0.7669977712871588,-0.8766251743397832,-0.9164070978906097,-0.6568485064348648
1.4843887937191007,-2.5424663868986963,0.9176427181551353,-0.5690989670835467,-0.9642525991834016,-0.5722643741192855
1.7001948454139504,-2.0662513793219754,1.008298806786253,-0.43694376027534493,-0.10497957143048156,0.6135408049158287
1.5771250537943173,-1.7642657223013796,0.9178438086679498,0.152837802846018,0.5133848076001938,1.5602104431505324
1.5331601446123546,-2.4083596083543832,1.0189899611250792,-0.22605113476383693,-0.6734281287963267,-0.13462130708442382
1.5289371075299618,-2.200614669465961,0.9731070997421674,-0.05117723975914402,-0.3183317139312994,0.3047584705330591
1.4236520497227,-2.3333601485407334,0.9208135696507619,-0.7254205227806778,-0.9788013679695277,-0.6039879252108012
1.3461508204523933,-2.577789844936268,0.8939305325016119,-0.5918228618263597,-1.0146203897081918,-0.5403729835792901
1.0219193573198204,-2.7074424355993174,0.7783103380365317,-0.8130153690111077,-1.03116806574417,-0.5943918546387429
1.3509108439606745,-2.4405763134883256,0.8425655450172597,-0.2869326440661781,-0.6987161618919865,-0.0765291794721327
1.3892231813087397,-2.534362574361926,0.9368248607777102,-0.58281797430048,-0.9918348141794918,-0.5590914042003152
1.4408237830493087,-2.3191098482635,0.9284844769454041,-0.700360475623821,-0.5237937550534668,-0.5786956585635507
1.4046047043336978,-2.5397769674330775,0.8526505545796736,-0.5428040252730325,-0.9655649939192784,-0.5795070370507814
1.3522712287685952,-2.4821800210447034,0.7723963106979296,-0.2168549303919765,-0.6453392225190447,-0.12460006531470166
1.4652504157229471,-2.6270964695608168,0.7413159866216353,-0.5680631302320162,-0.9510783752172681,-0.5694284509459203
1.3780388375990738,-2.434454576383433,0.8266936496094046,-0.6559209213853288,-0.533362356653111,-0.5689988169607887
1.4929990626481433,-2.5990779438410048,0.8104266252071947,-0.5518689094898667,-0.9169116689894553,-0.5967732179172482
1.190509517520586,-2.757274958512839,0.7065699815579848,-0.7643280527991547,-0.9352381428579776,-0.6461670128372508
1.1806486696988223,-2.7821346046572373,0.721551574141415,-0.780626910158712,-0.9745401325042539,-0.6245682984968174
1.5629494429039985,-2.4752172477237813,0.8882395507979969,-0.27901338272702786,-0.17279009974148926,-0.12152066210329546
1.6344818504719254,-3.3376218269335514,1.1391346959430957,-0.40351638367221787,-0.8951195500742263,-0.4524907006121188
1.7872616460914932,-2.487598579208233,0.9595910211695627,-0.34262720648252604,-0.7527730827517782,-0.005555980900122967
1.3417792040718883,-2.128404240762564,0.6275245350518097,-0.33255887272023216,-0.22893117804682936,0.1133206031481857
1.487654864410292,-2.382772895241161,0.8637685662584536,-0.7080638790834298,-0.8219308967112114,-0.6831786469252448
1.5968772879748594,-2.3992560970285943,0.9020903659245688,-0.7511350655710025,-0.820094101370218,-0.7068720115401305
1.6178567520820906,-2.4282188113290384,0.8765093766920933,-0.704889378121187,-0.8295063833715816,-0.6909109439782959
1.227545020221914,-2.6132879197996504,0.7271005798216607,-0.8322034547471306,-0.7977261208753806,-0.760292504558026
1.3332791766545977,-2.570973150798745,0.7418936652218159,-0.8347005524635506,-0.7979223253540771,-0.7612606593358002
1.3485296625486112,-2.3652464041966645,0.6582673323871748,-0.3400345927332391,-0.3067888956177634,0.3264057112681483
1.3769276049901686,-2.665717036213708,0.7806929658069015,-0.7963412755355354,-0.8698877723396866,-0.714874236443691
1.4492635129991733,-2.622000837660089,0.7975708194284811,-0.8517594925134102,-0.8727121513904549,-0.7422247650256139
1.3763161804789268,-2.658705926109789,0.8319556361240297,-0.841921194483173,-0.963620205633375,-0.687128715718597
1.4190473961521242,-2.475877846348126,0.8259974505580518,-0.6580117166314791,-0.8628501725010881,-0.6438475348152902
1.411976626731815,-2.162688792011082,0.714650190450439,-0.08557073944936583,-0.18659767145698244,0.2481022905928669
1.4620878009298943,-1.53487081050783,0.4728388677830572,-0.30141250461394486,0.17089717873252336,0.18274845759474326
1.5385933603570419,-1.895758943067021,0.5348113462315244,-0.6855700273260397,-1.019529963781965,-0.7139692799022992
1.5185736619728827,-1.198179216274565,0.4457100076428796,-0.0098474167906394,0.5853819221600016,1.4002518820490302
1.5296238948732788,-1.1376234061979753,0.37877760603787514,-0.11949521373951162,0.26329067741207224,0.773723435751128
1.4608451506828923,-1.715340211019457,0.5050126188098679,-0.6653798359358132,-1.0310300081404413,-0.753680578666128
1.5247818879704116,-1.783056401062423,0.5012225843800844,-0.3537051723217873,-0.6810216714247688,-0.29200529571697514
1.4255552160262481,-1.9379313551253372,0.6187284440596823,-0.5972799594437075,-0.9251107569345525,-0.761212096394442
1.6301977658617401,-1.7320320543244732,0.6644388508788551,-0.36079473895743125,-0.5131483599078309,0.4722076288882309
1.4419205320096329,-1.9087935389887176,0.6355284209084909,-0.36384713936532603,-0.43886783071551777,0.5195078127873745
1.4903596687337224,-2.026778003837348,0.667089012143811,0.04778064277565383,-0.24817753255481353,0.1833003601898094
1.262054400257749,-2.399458467949674,0.7393004890320833,-0.6296675546007242,-0.8040060140657885,-0.6755077050978869
1.2970396727044107,-1.4874714251954135,0.5647566665821895,-0.14168064846693781,1.1303158685876136,1.493106515710994
1.3275032941944043,-2.0688733752137125,0.750192408882404,-0.972301549337613,0.0938420517607178,-0.6738867220513373
1.3993429058759812,-2.3817901637626955,0.8557965454350912,-0.6348903086038908,-0.7822488951580661,-0.7046060012965909
1.2763615065117042,-1.931955471359714,0.6049334850725635,-0.27430823031587903,0.5352536290079255,0.7046610381049374
1.661511391919195,-1.6445565532005992,0.4767903121143628,-0.33810304784929157,-0.6309244627779522,-0.3932516649923446
1.717080414370099,-1.5239082497156966,0.6135581663718401,-0.8258829258653964,-0.5214218414121926,-0.84270609226447
1.3263605386634398,-2.006051413559292,0.514330194058752,-0.8925850112177679,-0.9947462690682937,-0.8506731773091728
1.3856065875598653,-1.8999186627786435,0.4916547906506042,-0.9989067257051001,-1.0060020380576349,-0.8806835319255765
1.3196145516791635,-1.8124801848840495,0.34419777930531587,-1.0871091727074362,-0.676133709978386,-0.7732793014765441
1.1125773138496122,-2.6697587098368123,0.31010912355176035,-0.8712597816283594,-1.1207575272281363,-0.5479025771506647
0.9243389967951159,-2.6714531219761875,0.29831862400695314,-0.900610088658825,-0.7196343646617555,-0.4426001027901553
0.9499949507613583,-2.8779146620839158,0.2947999893335074,-0.7278929541831692,-1.16711949786919,-0.44575506939883996
0.8740146134130717,-2.859789502062582,0.2521429439183374,-0.7418871461291333,-1.1131466492980913,-0.4688296275040968
0.8486880032732195,-2.90734867092902,0.17017720594179422,-0.7718946832585557,-1.12401985077259,-0.45431399859764415
0.8077803555439905,-2.7773511190469113,0.22023519857215593,-0.8383321486804023,-1.0953437577797493,-0.4667025816715173
1.0377248620769637,-2.087295844202959,-1.3097373317923677,-0.5705351030257879,1.17656025861883,1.6193031056701572
0.8059357819632272,-3.07057909978547,-1.40205404487638,-0.920891263346981,-0.4165255704270949,0.84598996426522
0.724903302420579,-3.371790699841449,-1.1374457000889695,-1.0477599412046479,-0.9455380722947649,-0.36775509954468094
0.7278059237871062,-3.1832543499191597,-1.16027095598496,-1.0433280723838916,-1.045992689163326,-0.3598794717264029
0.6923760557691686,-3.234137583079214,-1.2067862661456272,-1.0657568711511227,-1.0992887526224797,-0.3152359044065898
0.700629766979871,-3.0292401897602867,-1.2310464705439101,-0.7647706065841209,-0.6770383185001873,0.0576348224467901
0.7782203308793549,-2.438955313940866,-1.4540387488000415,-0.8277317656247134,-0.7639898043947907,-0.05423124037501175
0.8000458278993794,-2.4160075341737963,-1.4338959320440676,-0.8154593982837783,-0.7530914135484288,-0.07035376833159948
0.780741840593512,-2.5630643806590965,-1.491174998295164,-1.179598413777228,-1.0706491342978812,-0.5023221852921654
0.8214554770117927,-2.3364062579325418,-1.431534592487145,-1.3541125065576172,-0.6424991804701071,-0.5268496210897168
0.8642858791293755,-2.490367177048977,-1.3348524181446346,-1.126448045409974,-1.1135207090618144,-0.5290405955692706
0.7880179913293672,-2.510523161355399,-1.3372739502329236,-1.1207233331170896,-1.128437206545229,-0.4921716732232451
0.8862361418783261,-2.7104761923893195,-1.3333679103913108,-0.7673487199845918,-0.7872667433864101,0.02501907220139621
0.9755717062413258,-2.551810620091386,-1.1375322046746987,-0.8111827225519765,-0.3447142276333177,0.48453706551568604
0.9797010934176322,-2.001106585590111,-1.1054976892278727,-0.6485357482629315,1.1655757917814413,1.5527036339812716
0.8782936477673544,-2.6110103987448663,-0.9854356950790308,-1.0027639200047993,-0.3924246937412582,0.6710289102227432
1.0943645283164936,-2.206996996821099,-1.228212833579358,-0.46016762652178855,-0.23812936997025055,0.31459457675591285
1.1126506802753127,-2.2497049801593403,-1.118290995039364,-0.7924111230425418,-0.4863922898815089,0.6949660881958398
0.9463048398721812,-1.8800596887803829,-1.1112128139565602,-0.4459378462928174,1.140313789894753,1.6635161293004808
1.039795524568268,-2.1059203577898926,-1.1926856079061077,-1.0119486914256044,0.29993358581569196,-0.06605701284762952
0.8973177813460722,-2.062923596570922,-1.384349652750297,-0.2154298410700024,-0.14422209907946085,1.0249449891828417
0.9077972464019142,-2.370602386709195,-1.3763137062273951,-0.32399390753500523,-0.34316817114465004,0.46368823618117916
0.8591319137724317,-2.074605498691019,-1.3717994967985487,-0.31355297107806857,-0.35409798718560387,0.3856708404905262
0.7945906805734123,-2.1674311693348325,-1.298375921043428,-0.5614676435118752,-0.506352952117446,0.6176846067610263
0.6582079594435178,-2.342936578494075,-1.3120264975276188,-0.6897333913711209,-0.7937803442111758,0.07792806489374128
0.8746928961093857,-1.84790671359813,-1.220813323082817,-0.6956725794250996,-0.17222363855775868,0.636000791847668
0.9655509699877097,-1.8793019165155682,-1.3068580247371637,-0.40024669233281135,0.25406060211648157,1.0698359989127384
1.1068632205892677,-2.0286948051097795,-1.4990082142876877,-0.5332596908548958,-0.1764460882879355,0.2940016559967031
1.1194556281579078,-1.1253669287553598,-1.4710566754810217,-0.5055435932371124,0.9432286053863332,1.5673110382584614
1.1851872644939547,-1.520283358116326,-1.2860914578671407,-0.3760814036524385,-0.01386075618410143,0.8369810503709872
1.2584014784996043,-0.9546745718527471,-1.4449029091737928,-0.4685020670892061,0.31581902055526795,0.7658624048398728
1.3126261600171922,-0.9001254051523492,-1.3527495668738665,-0.6658254046588407,0.5100865606463993,0.15881831222355794
1.4265082304816783,-0.718189353485996,-1.2086248445048076,-0.8703461681503747,0.28110340891228397,0.49955704347848834
1.216613635288989,-1.33349072467629,-1.227648972084821,-0.1582408528999566,-0.08609055556741543,0.790449585050077
1.2524230700064638,-0.9960740168787122,-1.3042366567196078,-0.49407858041668606,1.1035057464356834,1.4376194579363244
1.2596120007394187,-1.853703106765194,-1.2163242635105673,-1.016900103959031,-0.9232900297238056,-0.7009071681806257
1.0355354121320521,-2.1601187834465194,-1.199086708292712,-0.9660515125877993,-0.8945450693351279,-0.6039157408570851
0.8060528564318208,-2.276149062600328,-1.3004073562606753,-0.8473902790358182,-1.0036504238986066,-0.5325731274665452
0.8494873672590544,-2.3517445867286537,-1.30111146509033,-0.8385900906119232,-1.0661923682870091,-0.5117691788103585
0.8838644167357212,-1.9120455146626087,-1.3415487250372686,-0.9388789651179403,-0.32683608526496183,0.0845132406486834
0.9652419565971919,-1.6188616364108335,-1.444635024132872,-0.6061820197445384,0.26019593856836626,1.118984954559497
0.9554297484109194,-1.3374753703001676,-1.4963722041208534,-0.4956563989127498,1.019547118255898,1.585463770039661
0.9959410071661015,-1.870642576038975,-1.4758150781456199,-0.5914488760703198,0.14797808400796125,0.355838745087402
0.8357880646108433,-1.9463439236345368,-1.4240554941108154,-1.3078011203375357,-0.09558503300680539,-0.5089271164136596
0.9661321310585672,-1.8719196555012454,-1.4771328530144991,-0.4774201411680177,-0.3697563069321582,0.3369948229793189
1.3032035786336256,-0.6205852519133961,-1.5192166412606596,-0.613135964381776,0.9687634610313461,1.3666968434182893
1.473530896847727,-0.2766592786411267,-1.3495594943717002,-0.4130896566064539,0.9612012090373646,1.3340266838973145
1.498833805668907,-1.206440414475559,-1.224670518388406,-0.2660589877583755,-0.4235349281435419,0.18721190792612266
1.224779082633783,-2.3318354742641834,-1.0344876735082162,-0.9962840099283319,-0.9769212082940905,-0.6106203661527758
1.0173377363191483,-2.4420772298017868,-1.1865645600524066,-0.9913446159655956,-0.9314077820461444,-0.601112276547226
1.115927026456149,-2.589935702680015,-1.0888707646917148,-0.8356226062018424,-0.9078953098134039,-0.5882669105462693
1.19976557742654,-2.9491211929151584,-1.075060859275287,-0.9184721054333509,-0.8620233543284932,-0.49994319414789645
0.8366349236144229,-2.872911465959729,-1.1339482351652301,-1.218359792181612,0.24202994961927743,0.18275760553108267
0.7978039038343024,-3.5041006047781145,-1.104412697651482,-1.0006180425139166,-0.9613142086236267,-0.3560897563864105
0.895343907323906,-3.6018777168625427,-1.0959643830975034,-0.9740796074027065,-1.0175731057559119,-0.31861138343778816
1.2116078831291777,-3.287163553839074,-0.9515418075621258,-0.8686648309625586,-0.589980986200086,-0.2933134082565079
1.259611110772437,-3.3694827964223295,-1.0016453244121095,-0.6928821565113618,-1.1357933036319556,-0.291802145615374
1.4164628617432569,-3.3352545246227896,-0.863299556254459,-0.5700371977745181,-1.1603569017306485,-0.29194076587344464
1.5490584128909153,-3.237237389996617,-0.7386428507351468,-0.3545380604587459,-1.1748754296215898,-0.2643292483717613
1.7605122075332849,-3.071551051544822,-0.6687394541422899,-0.20311157286959358,-0.9948563767227997,0.3578127995761481
1.8080449427359087,-3.0612838472811346,-0.5794094631224534,-0.6321267809099023,-0.3028638383518341,-0.21345196206981393
1.7552750597269586,-3.2485581840819022,-0.5231902174454743,-0.48703583187032773,-1.1462328452095425,-0.3607563464562714
1.8200227796537691,-3.2413738696341827,-0.38096965417492523,-0.4725698463237634,-0.9809874757268139,-0.37063196927046477
1.866467133565456,-3.2596898398986265,-0.36117510175008816,-0.3666164500542284,-1.0274264066620256,-0.34386153822107535
1.8835673804397668,-3.122266155603739,-0.38164668912665967,-0.14650983182361926,-0.6778168042081012,0.08236658322179062
1.8752728376584942,-3.218292561145806,-0.4061861775790684,-0.4259362877688811,-1.1347506638760263,-0.35681168515834905
1.8984860963777652,-3.2032308977211064,-0.3194221958556488,-0.21350207726182258,-0.8933873823063908,0.2891420479460557
1.9812883325192143,-3.0910601405902347,-0.44973860558266854,-0.2571647293578431,-0.9413661425876813,0.29357992271163674
1.8085232874019144,-3.4288490463769374,-0.3966182479232354,-0.43734702982081847,-1.1530265528946375,-0.25816376743379577
1.7751588541218146,-3.4975819070858103,-0.5253208919555731,-0.485099281754486,-0.8472229446585288,-0.13041054522932058
1.7003865099910025,-3.7107965516811436,-0.581489963022156,-0.2817280777570912,-1.258401224098495,-0.1510540725428221
1.6896798800816129,-3.2902247494185373,-0.6533754564763051,-0.26837667308355195,-1.1215810243552866,0.3923241217251065
1.818193843899105,-3.3624430510053216,-0.5877566657797118,-0.22932358673782166,-1.3089770468035782,-0.2193611197589125
1.8272641090066486,-3.3742600297869823,-0.6821830550751925,-0.3400260030932393,-1.28325708507862,-0.2097575801687946
1.6396879244551088,-3.3742834195935325,-0.6776699777344972,-0.5974894228885068,-0.715531234848843,-0.26114552306547845
1.7594272887344717,-3.457233496089176,-0.708858398377095,-0.40689593311425315,-1.2524076371208641,-0.2760541066338423
1.6927238605422752,-3.5853290093255303,-0.6049980097997434,-0.43510197005086865,-1.2079780127384123,-0.2543899047267727
1.6724030574598039,-3.592140474527225,-0.573830700396006,-0.358511394792283,-1.1039879490594573,-0.23845283272005205
1.8814562295353812,-3.373851911862484,-0.5455058576942937,-0.16722235177566436,-0.6099622950877982,0.0955015168847442
2.061536997739439,-3.123755680173641,0.1485731398606978,-0.2667272831619412,-0.8028106786084777,-0.49493698002588293
1.8796295501300844,-2.347647090469577,1.1271580570687556,-0.5484043691133154,-0.10610461664186602,-0.5321668529533641
1.6575056899271279,-2.346068022077251,0.9671774315245203,-0.6449525607558643,-0.40763009801768957,-0.5749847524904246
1.2584394630265425,-2.5234712089195055,0.7753417697873676,-0.7377726319507716,-0.4401724386987692,-0.5729715357744405
1.1669292351022915,-2.518552990788836,0.7318039105460474,-0.6074022394917361,-0.8333375394853254,-0.6403459808924329
1.1210590322265277,-2.082456589467453,0.6669464828378795,-0.1858650526486506,-0.25959886054285414,0.3838509728458568
1.094695118710318,-2.2691123428408213,0.7066963069768777,-0.784534520829796,-0.3349923087946902,-0.6634194336025001
1.1260061560744352,-2.1863957022131055,0.539301722019662,-0.3097551875183814,-0.5060094837213283,-0.2366460916283008
0.9320757349960742,-2.3465645346645077,0.6659485240964363,-0.6496329604468913,-0.7194327097541258,-0.6865369914021212
1.1571101099503536,-2.4124083104883742,0.7255565731539025,-0.6388944879053764,-0.7572789460978445,-0.6913175154544458
1.1923545599687535,-2.3126948979124218,0.7626583388321294,-0.6535239218706876,-0.7408352152051535,-0.7015785223789771
1.1268915011159728,-2.4578319805596207,0.7644326221167046,-0.6236301536544594,-0.8330708239676091,-0.6406790502577524
1.2780796300962893,-2.026830465287295,0.6717219225223158,0.08491999889709319,0.04344108924362778,0.8594842933436107
1.1584151505749185,-2.0661048567427915,0.6406709591098435,-0.11862044272681908,0.2569492412138089,0.26416476078027123
1.0206593094315664,-2.3087606190035133,0.6741733810320352,-0.3106011837014211,-0.44298555154556407,-0.19807414709395127
1.1013169517870296,-2.311506719908648,0.7045010524974427,-0.2491863320102688,-0.45811296332990453,-0.22897053061234432
1.2057283086888497,-2.261031530743345,0.7096062035235832,-0.418093604318705,0.022535620386862257,-0.18433313946078367
1.1503748823594315,-2.462364172347452,0.7175640726657618,-0.42225118797368444,-0.6015761513817376,0.03917384264118927
1.1032172568329497,-2.836268738297803,0.8488042304803692,-0.41623477491026933,-0.8774641547108047,-0.5530229158582209
1.0910373487293328,-2.563546630765709,0.8906738750104611,-0.1487470138744707,-0.3903881223350807,0.706219675130044
1.0058729505578663,-2.7340891222055785,0.8733529118535209,-0.5796716332486684,-0.3358351007389362,-0.5401740623118374
1.0169305718793746,-2.6265893102453646,0.8029417186501372,0.15907837848902925,-0.10902933777111815,0.34355708069308233
1.1458774074278633,-2.7584358186173037,0.894072447938507,-0.5162794331230068,-0.8467432096440707,-0.5745790857721386
1.199716080675265,-2.8005549340268683,0.843381392050247,-0.4826552986444159,-0.8618533027204119,-0.5540563010277203
1.1658559145523468,-2.765288393131625,0.8729255724537691,-0.5558512889052161,-0.8527156312247836,-0.5647065999183811
0.8732534550836445,-3.0207781364369657,0.9671060119720618,-0.5234254449021974,-0.7215146948733754,-0.5020799481997981
0.8693159224253465,-3.057470250685458,0.9531626956240121,-0.42406646364922146,-0.7743812606381425,-0.4729122319528995
0.8443483297147748,-3.0557337078556244,1.0486637278300137,-0.3944135351088125,-0.8151891468511808,-0.4714083105708327
0.8188260498752412,-3.096526531445384,0.997537334648763,-0.4633579025561819,-0.8282379578140057,-0.4539116100575299
1.0290926698881866,-2.9188249837835842,0.9869768231558556,-0.45352301540972145,-0.8733111398107097,-0.5270151315083069
1.1479057661304057,-2.6257540401793853,0.8900569828481105,-0.1569882614698464,-0.5622406280376777,-0.11426869480012819
1.0818518908585308,-2.7631289762481264,0.9356082527927414,-0.4471346032168645,-0.9470754076654965,-0.5130016544304615
1.2122829420964882,-2.6382939528168956,0.9283913458450138,-0.1846126452268322,-0.5866911059371357,-0.09338557178844292
1.2196249130009527,-2.7837600367447783,0.9941121865784782,-0.41639152762730847,-0.924134990238496,-0.5499924425150535
1.1695126109914655,-2.5053442625025926,0.9259007722910573,0.05062410095463774,0.21776368334017818,0.375480370969318
1.0920204168457461,-2.4237542031875825,1.0020805708647655,-0.34072115034555395,0.5950512789040449,0.588040196802799
0.971855375985137,-3.1106138235719714,1.0760998736862626,-0.4824742692156365,-0.8262105109489087,-0.46263952104592637
1.0940031221088635,-2.827789366411351,1.0042621470441797,-0.3386612804455147,-0.0634774728746605,-0.01580406649243761
0.9701163671295377,-3.172976966722226,1.005500340425227,-0.4096746613533252,-0.8598890948282213,-0.4306445740437661
1.1149268367616962,-3.0612171088876785,0.9549823156260925,-0.3409696993921593,-0.944185356944001,-0.47306096341928255
0.987262068956124,-2.9931298852394086,0.9723228602932052,-0.4030478900973824,-0.9022064913196804,-0.50320505383057
1.0801854686859222,-2.824142178247811,0.939747194790229,-0.4756738354894574,-0.9658347621317945,-0.5071549792064048
1.1029260498366587,-2.8355041515523833,0.9392613400165212,-0.448079336776649,-0.962896422847075,-0.516842934597952
1.0123710543140092,-2.687683938669887,0.9154276695406205,-0.4379933196883696,-0.9635881104343408,-0.5495480547771093
1.1039094448091749,-2.2990015401406945,0.8838968096766878,-0.13963325917462951,-0.4932370394661895,0.6443417562514254
1.12910693232294,-2.6591336946362545,0.8951549305078096,-0.4639585211241083,-0.925757251103606,-0.5624287628086256
1.2189036280354382,-2.5354536465638797,0.882008730379468,-0.6269564851910205,-0.46987074051350514,-0.5652410410121483
1.255504563659404,-2.8217774773568727,0.929335372754693,-0.4930947510297813,-0.9033696517919471,-0.5385520625725652
1.2590691013101427,-2.6596225373979077,0.9419707262709407,-0.6271919240953495,-0.49269180172936383,-0.5170200141612524
1.2483323746530024,-2.8362050934931484,1.0009866386510005,-0.48989332061648183,-0.9668401474265557,-0.49790902889554456
1.1998181019640912,-2.8438517710554336,0.9619804195621802,-0.5372609446055429,-0.9604686451043717,-0.46102749153406625
1.3277443658026917,-2.7673550848412867,1.000291543335198,-0.4212792611695539,-0.6419717012762147,0.09491422390728126
1.2755184397115384,-2.9411173222596574,1.0298114234668378,-0.5681913130256785,-0.849914113083703,-0.49367626399824244
1.239916657279741,-2.6472212641059087,0.9145176711401598,-0.5358161403246043,-0.8878051675876012,-0.5681758060629408
1.1557516605646745,-2.5932520400014782,0.9425379074960851,-0.5464452771228124,-0.9252786916995045,-0.5547469556636249
1.1802662236259684,-2.2991204347526835,0.8956770147300808,-0.41421151658210076,-0.748008877550608,0.02359419766511916
1.2071296369488573,-2.2234263412861175,0.9230454240298045,-0.4223878949286917,-0.7074602358778577,0.0013306304008648382
1.0563548247367092,-2.2090337821257764,0.8353933028720358,-0.30056518737182053,-0.5676442852583168,-0.12965308901195827
1.2994363027475209,-1.806189992117053,0.8828170774155751,-0.3444520572047183,0.11260567115875386,0.4302308921330399
1.3722909940521792,-1.6416512612507927,0.7607644004754703,-0.17029343413038137,-0.49991485180078116,0.4023172034622149
1.4101405375813003,-1.449036723797446,0.6995859493830411,-0.8662262243476936,-0.19578651346580372,-0.6900251665146789
1.4599552736204693,-1.4530069066718914,0.71586262899534,-0.04054317271854646,0.12844524887518396,0.1772856433214512
1.3101866478559498,-1.8277754528471595,0.8841974378884815,0.14429937460976716,0.011627897649931867,0.8523846033452236
1.349442707373013,-1.9926849627696457,0.8515942836854373,-0.46330312288873465,-0.7032357920028972,-0.06555336001588383
1.531747711298882,-1.6495788857356728,0.6832644330356603,-0.3022218602038018,-0.7100189817786866,-0.2803864327501992
1.4536123956771054,-1.7516874146593746,0.7762256163012436,-0.2800665041697553,-0.6354689116099965,-0.2798761919148447
1.5337842547612042,-1.4223399427509633,0.6423551943565141,0.0168298880761549,-0.2785406330888253,0.0842505083706138
1.5349596501106557,-1.7021036644941483,0.7466818198778544,-0.6708758618683278,-0.9661620160181837,-0.7802051475910218
1.6128269274586648,-1.2431566540598358,0.6913549414460208,-0.22859198944158693,-0.4745818438999327,0.26728082603578673
1.5170297967227737,-1.7349309752488067,0.8193179407913854,-0.5613111458394324,-1.0727823597228439,-0.7318850632257228
1.408671794154547,-1.6004524029396883,0.7956727653220991,-0.44329818135471577,-0.2187463182551108,-0.25759951221624716
1.5579527549629226,-1.7412052760608794,0.7388768558036858,-0.5738460127948724,-1.0136761708633972,-0.7499601722882796
1.5871302760354282,-1.7404964675639805,0.7337220172737988,-0.5908437318605809,-1.0257270599698836,-0.7468038064480633
1.6430408850235072,-1.7433870624443584,0.8049178763157742,-0.5506251742896108,-1.0058040341688215,-0.7878121846243094
1.5617547780452894,-1.3759810302320663,0.07164481414607288,-0.37020060116233944,0.6751641845079325,1.0233455540137124
0.962789657540501,-2.82935281615567,-1.1802811458378841,-0.4352549982500122,-0.029642984776520925,1.1849599941428122
1.0085608599897258,-3.532730924720759,-1.0042401914040144,-0.8636273145953562,-0.902564057682505,-0.39899913293489225
0.741857844446187,-3.8056304451767926,-0.7914329085892516,-0.7220798336687122,-0.9672077460274734,-0.27969637480101556
0.9731357564073172,-3.8911068944516054,-0.727691882258423,-0.7059744237853097,-0.9954797167468493,-0.2761990004409805
1.0442252688759457,-3.4160350111991047,-0.8709056706359384,-0.5974902927992871,-0.82027640168338,0.2683581402636207
0.9710680999435007,-3.539863548102566,-0.7632533510339589,-0.8593939593410561,-0.5436156873036024,-0.31180603971085
1.0077274630950785,-3.7202610973267265,-0.7606998615038182,-0.7231078527607678,-0.9650555206577204,-0.3384442435850484
0.924187061264229,-3.696331652732434,-0.7556923761929889,-0.7163608487823016,-0.9507484240892646,-0.3764559265955074
0.8510193796773163,-3.6219364137875605,-0.729371572559199,-0.8488283488518165,-0.510139702123344,-0.3292662154896347
0.8935909943850593,-2.941847192480822,-0.8805150336992624,-0.6578392578566693,-0.14392384921746507,0.8560334680238578
0.8951461075575036,-3.442392209986459,-0.8682374567645663,-0.7745079802438958,-0.977147401532609,-0.3888961656343438
0.8953328330203465,-3.4549097344460336,-0.8776123354808585,-0.7527856663274921,-0.9807248544910857,-0.3815677786094649
0.8796391411817945,-3.3662470221574714,-0.9247758478475567,-0.46459370214090034,-0.6537063189691498,0.06487698215160968
0.8789451557929331,-3.476019562150274,-0.8643234319195039,-0.7392265598648434,-0.9859208736221324,-0.3836290224297957
0.9977864374235799,-3.0994813985947935,-0.8556250751047456,-1.0177898512350911,-0.42397917521560013,-0.5052495579211349
0.9913181609436448,-2.9470234788514382,-0.7923571033213067,-0.799928530457669,-0.5684213275233002,0.028142482249398408
0.8967047961055279,-3.1173897983896537,-0.8024562630705325,-0.9359134612126031,-0.7777086246241512,-0.5674487443337028
0.8573030146418542,-3.117463242815523,-0.7734511023062548,-0.956411902057533,-0.7993895644632156,-0.5443369522204242
0.8354917990926526,-3.2010149847242095,-0.8099271511863628,-0.90703097403216,-0.8340278427008049,-0.518965763720196
0.8693640954536646,-3.2161313530795317,-0.8135680053819772,-0.8532598878266554,-0.8113081715933669,-0.5619132419648184
0.95263698533394,-3.223420679958255,-0.7758065810543612,-0.9833237211237877,-0.37962987084943844,-0.5048159841751679
0.8977295147490293,-3.5642399634550443,-0.7277371448864846,-0.813218480684905,-0.8489771425255138,-0.4258801606322198
0.8152959713635862,-3.3023496036173756,-0.9205205787098172,-0.9281251149801371,-0.5575355502193933,-0.35393708871879914
0.8637236511260021,-3.507953028490287,-0.8382607979192137,-0.8700422952967934,-0.4953395107673517,-0.34384678930344775
0.9364106269975129,-3.190884368984729,-0.8640378598642285,-0.7475030015131017,0.2954777346648949,0.09777074294256963
0.9136015928733426,-3.6375465766387087,-0.7553211716938938,-0.6704482215303964,-0.9224108956463412,-0.3772020290949949
1.0327114309344911,-3.8674347670690628,-0.6655980988800048,-0.5809503179358672,-0.9683620242718601,-0.3236039043550217
1.0061669086072558,-3.796894846470752,-0.6655941715286242,-0.66494312162601,-0.9662512264856508,-0.34061084049458057
1.0428858139422543,-3.80056578635663,-0.6702008307998086,-0.570990612957876,-1.0132794734887738,-0.34163113260845324
1.4389927715195814,-3.681757218701472,-0.4636060943593047,-0.30528146367505665,-1.0537169121248973,-0.28392694114756195
1.5943497601537726,-3.486756331421698,-0.413512366704079,-0.19409737640730698,-1.0935593854129078,-0.34520205838635953
1.7906872183158964,-3.338036772486501,-0.10611816636002773,-0.0510544242398232,-0.7765316746459349,0.2173518940697091
1.8420536348397931,-3.5241965376838347,-0.07983944925469062,-0.2192933706501134,-0.9963283658650756,-0.3847089540195101
1.8697575426812296,-3.2128660253617936,-0.12444354930186867,-0.2235021738882827,-0.3390319971755988,0.23371502903605526
1.8737510501932433,-3.2136486168924057,-0.13434948117919346,-0.2615695286849818,-0.35045225216763404,0.24566687836105286
1.8777370033384857,-3.3906329997413938,-0.08261106471387815,-0.09619497688980794,-0.8131781613139147,0.24973460502286124
1.8199912519240025,-3.225157757970199,-0.09450241205612757,-0.4989503265593171,-0.15328931284045177,-0.34933619939574173
1.7056117331393785,-3.2934627515270205,-0.21466834285658679,-0.2331055034448441,-0.7551500161286545,0.23160789193865955
1.115965461491095,-3.4880683951013225,-0.7048474474666714,-0.6488960122260524,-1.0564701336116322,-0.37471080877571183
1.1471465100509555,-3.537622915372399,-0.611610952045989,-0.5435225184376506,-0.9339574958605371,-0.3086558429392264
0.9377765936993915,-3.5065593860116393,-0.7292229992235136,-0.8843452665233684,-0.4178327846868204,-0.3853469916941912
0.9413028780115126,-3.1973265174617196,-0.8534583473561413,-0.825650152514426,0.38563194488535923,0.06909043364600853
0.8345510278423,-3.5694204050384446,-0.8243770615954419,-0.631319606059727,-0.638309237769638,0.22962793201208034
0.8030202934034526,-3.546840710488201,-0.7781739978399889,-0.5887802748329845,-0.03889698230659489,0.08942105426091063
0.8133006583715939,-3.679813750734046,-0.7266855578049043,-0.6651494056337389,-0.6214450910367972,0.27181981182594817
0.7874204325859714,-3.8831926237193413,-0.6986341553413291,-0.7879395986833667,-0.845245344386086,-0.33706795532824624
0.7847205290670988,-3.713202391657965,-0.6441161384778744,-0.9874929876423357,0.08765896288633584,-0.30966714426362824
0.9291764346165489,-3.6560967559893496,-0.5490582431959412,-0.8522404783114796,-0.24176462457153364,-0.48356093723349486
0.9660598026093653,-3.929786177292975,-0.49327474387636155,-0.6771409767896447,-0.7628343886967591,-0.4368209073244551
1.2186723508495827,-3.9903103108601576,-0.39261552619572043,-0.6275429527966158,-0.7960974997543072,-0.45245808375174335
1.6301625678324803,-3.773417399152877,-0.25963363852739246,-0.2540921989272468,-0.8796712847470171,-0.41010551350492985
1.6585828851737445,-3.74207757942787,-0.15961077055957287,-0.16739183707560218,-0.9522924882728722,-0.37664225890826186
1.7584516736665254,-3.667383927925409,-0.07842591614627349,-0.2503400845636499,-1.017981522255946,-0.32265061218200647
1.9300881532043221,-3.760085773601064,-0.054163608270557606,-0.27471786633357237,-1.0732933816084056,-0.30561516215473994
1.709269125071763,-3.8513952932091344,-0.14796372254621085,-0.31691927908272577,-0.6860882515512351,-0.18064172066872405
1.583677384145455,-3.6235740726490078,-0.32560534796113777,-0.10676741865260775,0.06401807945098903,0.3123373430210327
1.6014902916448288,-3.520289792391669,-0.27366937163528887,-0.01504803571803226,-0.24354789769106994,1.0302099677273542
1.716851742436,-3.2350719826434817,-0.3402592753936034,0.09598927727950109,0.5293168218887285,1.4791459955884532
1.6008702327011681,-4.050848657075351,-0.3680606669352598,0.18894296780702519,-0.8077470801635608,0.2731741522601193
1.5935234313903675,-3.6902161668094418,-0.3349030438199964,0.326637724782136,0.12708346697844802,1.5040328547126134
1.3468768371726048,-4.438436021814271,-0.422099997011775,0.13056086721349913,-0.5147691979816204,0.9139310345073409
1.2569632703706162,-4.073761260171285,-0.471394230602641,-0.5060892941947558,-0.6334249151058597,-0.2560370645558398
1.492669661984873,-3.700631899648317,-0.3220334894387881,-0.1969027951037753,-1.0443716797559528,-0.29504859169277176
1.4988315567873387,-3.306701862289684,-0.37012556858941636,-0.23457089133313885,-0.9931247187851834,-0.4080603066674772
1.497824671062407,-2.870211225005767,-0.20888532278366775,-0.678269071553679,-0.07543404381771035,-0.45401010253170954
1.1732724996756014,-3.293368121363808,-0.21143311604556128,-0.4854473586087081,-0.6808993272266213,0.11419236884588639
1.1339555050172014,-3.5210224276494833,-0.22600952822667067,-0.6596059627413389,-0.8837354409993338,-0.5148732988677411
1.026193741456487,-3.8152668967322794,-0.3190777685683776,-0.7040297790323579,-0.7985678621980837,-0.4529947118194372
1.0272551635746427,-3.649121118124451,-0.3031231532432243,-0.6539398547152115,-0.8252630111139535,-0.48338155159255675
0.9565587839717357,-3.2347136939598906,-0.311239395923905,-0.9090381056375954,0.08146806669740372,-0.4984310975414172
0.8685029188645718,-3.567555993053105,-0.2792067060443116,-0.21984052945355378,-0.2119982991978837,0.6481421087825168
0.7053930998817937,-3.7992678894778398,-0.3767218443550329,-0.47951906126370125,-0.6740684890774056,0.314653732097759
0.719558748851797,-3.8573776001146864,-0.447619238715195,-0.5843876771251824,-0.933124666320737,-0.320945891433978
0.8356000765430905,-3.8406921864950134,-0.4100382548591784,-0.6007476343643512,-0.9438896212723279,-0.31750692846022094
-0.1316201945452548,-4.535815713640319,-0.4221479987518467,-0.7666545951959827,-0.5902340688432817,-0.09740445732877687
-0.33110032679774964,-4.265436516753327,-0.46143730427966206,-0.9317909547731069,0.6540169168356673,0.5715210679743602
-0.38163608902281637,-4.825597404669038,-0.41457455787431546,-0.7580007504375793,-0.4730154986678673,-0.05502518921525752
-0.42905030535312916,-4.7934631046105585,-0.42167506329453724,-0.7983307028712188,-0.4659906740260319,-0.03698719691817946
-0.5280718423258159,-4.680438049755167,-0.4822629422494023,-0.149339836678174,0.2106069248269849,0.8887361593013889
-0.4015612090985567,-4.841385887954919,-0.433460757632074,-0.7627223430672542,-0.5215167821408319,-0.027528719296733024
-0.32056997517749974,-4.539556560329719,-0.2667560227015165,-0.8137691392296975,-0.32084647389756027,-0.24465017254032098
-0.3026054570046686,-4.480705297660329,-0.2266779583059595,-0.822694314353218,-0.31860819207141644,-0.24409938903175546
-0.33529701084694047,-4.596492199321355,-0.20215179916822468,-0.9348555822952874,0.20108978025467433,-0.2014173188690712
-0.4165650751467929,-4.164459638333173,-0.353224168965765,-0.44497669636937126,1.3505204177944907,0.6950992062446724
-0.36553708691087394,-4.796353608444228,-0.21072411490785736,-0.7540638082196335,-0.2354388682341309,-0.21974913288842848
-0.3368612570602188,-4.716410008012082,-0.2510927327071116,-0.4129321607532557,0.05379566818881434,0.2536397273984457
-0.5111355824087782,-4.642523663612804,-0.27578382768806137,-0.8631627664360773,0.16646339389178783,-0.14775001038005406
-0.4252406857015984,-4.597891022281094,-0.2906348646065507,-0.01809056304470129,0.9659704769300609,1.4509859400609049
-0.4374663138030742,-5.000054577134478,-0.2676293440513449,-0.279280893808046,-0.09947878274986971,0.4276876981994001
-0.24567792314851636,-5.20045574534398,-0.22315824163086218,-0.5518276194172508,-0.4661893886048969,-0.02023336035778055
-0.2794264354284901,-4.489883265092418,-0.3233267017960156,-0.3852004992831955,0.5219215689997262,1.0157211856217343
-0.26239812684830843,-4.783610303678524,-0.2724022414566121,-0.1366416637499674,0.12088015385692764,0.9872948762077746
-0.22664545599670652,-5.196159942307385,-0.20486727569779695,-0.5809281050183703,-0.48358990661628143,-0.0038906954228969553
-0.1292399827860642,-5.219845106647395,-0.1838279842285373,-0.5432584426766857,-0.49183795445697864,-0.012987797908194836
-0.09842730602511704,-5.0240032982502045,-0.11358897435195166,-0.6754077052957669,-0.11984559087212715,0.012695818480040698
-0.01853053929935942,-4.597928152543278,-0.2062885840490376,-0.06835382349034815,-0.03995940233391077,0.983337600995357
-0.021114731684972226,-4.853329657339886,-0.17218406301810396,-0.6919720759207372,-0.3855143865407238,-0.16412962269201517
-0.13951426505032893,-4.929300510330627,-0.11780071152170708,-0.6887396961946279,-0.29765009002884013,-0.1979980124469932
-0.210205405922539,-4.890706043241879,-0.09969143138262089,-0.7134828238915909,-0.3036648189329998,-0.19199065182184408
-0.22919230575720487,-4.816959954036646,-0.041173899030558195,-0.7675879122502127,-0.32064650106888126,-0.1798151794988946
-0.23074415504839077,-4.518545310320681,-0.16226617134091748,-1.023265221392594,0.5770121539780547,-0.15695557884100472
-0.351126337740061,-4.867955876084639,-0.11023023744064016,-0.7036455682780098,-0.34001006642961573,-0.16045057724102244
-0.21319058142352384,-4.580590714257282,-0.06705067013270456,-0.9520059919631405,0.5015330079844798,-0.14426442852115215
-0.27712553222484465,-4.986717266405935,-0.1472543578125754,-0.6755960763392135,-0.3894700981142012,-0.1214509720096289
-0.14111212683988106,-5.2464777921020636,-0.13360999372419552,-0.5269030982549556,-0.531667826807156,0.009855926579174055
0.2819244642231194,-4.950637750816669,0.056635452856637555,-0.12471053289943894,-0.3763512195203058,0.6932322988414378
0.5560316804918922,-4.847353093158846,0.17990780345385976,-0.11344818081334437,-0.7356133131637795,0.05301644330948848
0.5104935453988438,-4.729937725556245,0.21398928406465606,-0.1525027571434491,-0.7051080283105354,0.02570927180483681
0.3847146591268095,-4.556291426696419,0.1357634756898924,-0.06169786261767748,-0.47491724458021867,0.6557721876501135
0.2977045045998656,-4.568176504950472,0.057714069268074195,-0.41490604445812573,-0.219778763302994,0.0593797629609081
0.2085715182027665,-4.751074795583685,0.0379356578967862,-0.26859648953304605,-0.6591975299647769,0.04973670171137057
0.25635746202291626,-4.7888692827906825,0.039794941799011094,-0.18266372975018222,-0.6609030749887904,0.04326356536149806
0.4294131200181039,-4.098328601577433,0.02636311740555362,-0.03660245122146742,0.7880669299523652,1.0930432113138386
0.3887440909502902,-4.648842905029265,0.18186124915929297,-0.3634470626705761,-0.460623302232844,-0.11711813209250935
0.354795641627126,-4.568153246797235,0.04477982699854831,-0.5317144151328194,-0.023251252362202438,-0.09092949481723392
0.4696292332125514,-4.606505613265572,0.08160534405315044,-0.039472666875510945,-0.14159491231451965,0.36707535091120197
0.357376348651618,-4.749501640306529,0.24267239994831152,-0.2055715768482034,-0.5718014999686146,-0.056581849988514774
0.5483537181310593,-4.72182957140569,0.3521028649093027,-0.13335103106679494,-0.608444194341858,-0.040979169188913575
0.6019071906719918,-4.734518306126857,0.39362292759561474,-0.12064186143935537,-0.6242442916746219,-0.048609850576882316
0.6020267344740413,-4.6373798596575595,0.38790232947083025,-0.16645358041543393,0.09820147403081966,0.6195675879958288
0.5343672889786935,-4.786659201656957,0.22826599518785795,0.38007990719676255,-0.08852410780250802,1.1327702275499845
0.4767291502975875,-5.101262700059939,0.2714234517107956,-0.025771771743779856,-0.6811154199048033,0.11187087009685188
0.4778513545146628,-4.766842171608398,0.2196122475235689,0.21133796760110815,-0.25553812424826855,1.330291254249987
0.5138469877186266,-4.923659952663605,0.20708704731679942,0.2949090110069516,-0.30853316164767053,0.5254231682699972
0.4758826887807582,-5.1007796224713555,0.24792319226117387,-0.08488407394682165,-0.6767570923042407,0.10965223479493576
0.5418647449746647,-5.049765712039387,0.3455891555995281,-0.02434120366845932,-0.6930058773607404,0.07591483313667893
0.5197493755582766,-4.681015997392444,0.18859237148864977,-0.2343327288247945,-0.31899602952238026,0.09016231343913764
0.530046726532704,-4.908938598672244,0.2594485962729335,0.014580567711484655,-0.4656063219058475,0.7279004864294617
0.5437835164947922,-5.126661010114737,0.3023835024750763,-0.009644118626994241,-0.7125240394171741,0.12270320014569401
0.753136964572566,-4.776675260388108,0.40219873365499426,-0.08506168495165603,-0.6565451976802185,-0.03760746479474324
0.7505189160878402,-4.566828447244138,0.4205829490067746,-0.30051517421245477,-0.19303642149774208,-0.057917387662392836
0.5905853511128435,-4.88184584684936,0.3500481580886106,-0.2596952966487043,-0.6204746698536191,0.008926360924662173
0.4246181058700725,-4.998449873692143,0.3187217187329533,-0.25035816949110024,-0.5571473557176136,0.03748620286285661
0.42905968545225776,-4.83080119716515,0.3253490148438084,-0.3785522056449281,-0.128046368946431,0.04796310747348178
0.43929876729446676,-4.481487358486733,0.3073059841339576,-0.1970849189514239,0.6876732963586508,0.45843946474615277
0.7016858655415077,-4.7867705201283055,0.4643906658436442,-0.01644757882968001,-0.3312711292997327,0.5753406797984563
0.6214600169471572,-4.520328518557001,0.26146139053152423,0.05219805275664832,-0.2071209330159987,1.2509615766205935
0.5409491559525111,-4.292527113780993,0.12761344828710824,-0.14634230403194698,0.4867978283884511,0.5234667251655477
0.4931654806075138,-4.876464526055176,0.32527202627853846,-0.11340216529698298,-0.6940333313657385,0.05008850705216957
0.5473166644131918,-4.698521167194512,0.1347727537747016,0.0030475331017291133,-0.5315631344583273,0.6940298332282769
0.5572471485252555,-5.135691077774934,0.2277577343342292,-0.11152227377682081,-0.6797926954513338,0.09291009508069309
0.5102004313238165,-4.827267297200221,0.2036519816591256,-0.25984931528162364,-0.2330518212465747,0.09224173636005939
0.5120663119731986,-4.9152191176162265,0.2536823770398402,-0.21905256409902,-0.23437853911526302,0.12477969474163723
0.5378193604965379,-4.892110214335469,0.17144166799819588,-0.13268189476032696,-0.7421479813396238,0.09508723917119033
0.544264499417995,-4.757154327720623,0.22315793642555348,-0.25331193053628814,-0.03427604169123195,0.7624426323086255
0.5929627264041574,-4.401161984050547,0.23901738019834257,-0.2019843545491596,0.00381371384670184,0.6284361225398422
0.5902642719012418,-4.692410356140854,0.37586460312938996,-0.17680762778118034,-0.5990180496465646,-0.04971888410363749
0.6624882808235079,-4.880883972875765,0.3776981338187389,-0.1464895247435292,-0.6148348835398386,-0.036810718122627026
0.6755872460145468,-4.105005809737537,0.1957163128596751,0.6493856344359482,0.5066750283811001,2.0699311338647135
0.7264564379961082,-4.206347022600281,0.21189834121906265,0.3484796129443686,0.775827700363476,1.4736274366678275
0.8242072897505858,-4.24011643659656,0.30561044787049857,0.3766024339468346,0.14533400829097162,1.6023512031331266
0.699639351009043,-4.050709339440267,0.2305556755055666,0.16664888847967643,0.6299915871262377,1.6255775153776995
0.7027498229317201,-4.161021128693823,0.1895467380985097,0.38400532101500334,0.6945946157255618,1.4653559844978765
0.2957694445716225,-5.0505103556904585,0.13870129001719075,-0.11018538970373215,-0.7597106492572969,0.15639899466939214
0.34817490892524067,-5.056188085911089,0.13907097852910397,-0.1126233232662356,-0.7412621608892649,0.14616829876932577
0.4179945224140476,-5.1361037858610485,0.18382445025611763,-0.09096157926837649,-0.7102656142194874,0.15289467790994984
0.4461810479686586,-4.580345174185215,0.08879205493120094,-0.013984650164775417,0.19898470081690806,1.3565196872677803
0.3555675857998836,-4.470660898796293,0.01291696415287412,-0.413369212614983,0.17320545184533795,0.09586205934734399
0.3670880851259715,-4.3586701208618015,-0.058509176211973726,-0.06413293549872826,0.5281021763479917,0.5150949228800052
0.31440877292057506,-4.665925797515967,0.10407711194237253,-0.4135426789825895,0.24839361886228628,0.12301918109966227
0.3351235851115619,-4.372763864282706,0.07241412466518408,-0.3210711211377788,0.43338875220256157,0.7207361428203124
0.357391809360246,-4.563951957435101,0.12041765630488925,-0.09046127181101332,-0.4495321331859642,0.6538526886843303
0.42326589239333695,-4.1294439563893315,0.1582621741643792,-0.465969568010876,0.5494744045301552,0.5722661841829332
0.3652334754577971,-4.359309057637258,0.20094746970734145,-0.4812261532383559,-0.021703010210585964,-0.08834659207351636
0.3565980470948617,-4.797556412894396,0.23426522128838123,-0.3705952302361652,-0.42588846170352457,-0.06731969354111064
0.2171238286863327,-4.786052798446408,0.08963565264321223,-0.47942908244256954,-0.362490448090782,-0.09362109432539639
0.15071845933403158,-4.82257129791204,-0.037957844025703416,-0.527149999248022,-0.3599588150839004,-0.06487636790469753
-0.11304832319335642,-4.362935651148815,-0.11969506606883325,-0.8103745551213947,0.9103460789606876,1.1582018260650786
-0.17580522361988504,-4.677812080499036,-0.19056558083018582,-0.335596990673677,0.11288925706229493,0.9810868136396794
-0.18901184655517705,-4.736041008778632,-0.22777965427359748,-0.6441472918783632,0.6514244215874615,0.5122756281568417
0.04017215257980696,-4.966030649399383,-0.1314253509687447,-0.3053528634547718,-0.34981398814422726,0.7246656449814773
0.042571673565918365,-4.9271510909785805,-0.09132504216262312,-0.05524877344363122,-0.21415588361273513,0.5242230670399625
0.16359533212779317,-4.8889349573275345,-0.009541017083689776,-0.2000377572079045,-0.34717171987223083,0.7002052800330641
0.1779245846095687,-4.903115825036279,-0.033740626884816785,-0.1826130471901738,-0.3277931576163895,0.6792880418087742
0.156953213480423,-5.075582974354371,-0.002464179139399517,-0.3021707259894865,-0.5645881128031076,0.08855807222815426
0.2382522542952826,-4.6931282296655406,-0.026161926277640874,0.045569025344482525,-0.339477250825829,0.5302364741852
0.252077869596169,-4.556237387772455,0.05735756281084979,-0.35587987673342447,-0.23061202672749997,0.0709139590762757
0.22660663810472456,-4.793797873008262,-0.061614183771581135,-0.33051284870688674,-0.6424020052400742,0.05665046938648415
0.28954249678643257,-4.734839769031447,0.08698465634965828,-0.42373331123493824,-0.5174777940554812,-0.04645840102905806
0.3766879240741043,-4.706391226099692,0.14538000302871162,-0.3275465679184102,-0.48665007985576614,-0.0627975770160085
0.37865567632093006,-4.539437533701514,0.06967591020585039,-0.22036226545737653,-0.25218382606514395,0.5422116607435271
0.3559914403870498,-4.4210192807513575,-0.009412527081204523,-0.42918735333865865,-0.5440206633708278,-0.1120346752005123
0.2928525663400157,-4.478555056218888,0.062445953220093206,-0.5603248954417632,0.26173980614890197,0.5705875499015994
0.2672415887683495,-4.853968781556046,0.0840512676324509,-0.5562873595234911,-0.4121708184427324,-0.03231123730232015
0.1788796623670251,-4.777343128374791,0.0550261755691807,-0.5776685739557536,-0.379338767443252,-0.05591805594066408
-0.23008355925849308,-4.4944433149708365,-0.3007732528690111,-0.23664910409298276,0.865563156016858,1.4990171287304586
-0.1541988896583385,-5.118130725624182,-0.197097490673666,-0.5191526274472785,-0.5693041510343468,0.17277245521924467
-0.22922509635263114,-4.730205720665445,-0.3128947282850166,-0.37729349926888733,0.24959288200992547,0.6007571724866235
-0.02018116493114051,-4.579749500274101,-0.24377776213736801,-0.11159473072622803,0.051652653566150696,1.093214434897152
-0.11452197517539889,-4.587619714771828,-0.2343853998676435,-0.5280191322872185,0.15004778364621763,0.6614417667566223
0.023416511119802936,-5.1112794842545055,-0.11913024431022497,-0.40644435498550996,-0.5256001847574554,0.07592092585735158
0.11542010092085661,-4.593989464231026,-0.21020522979865253,0.10100872415941817,0.5256753914943776,0.975102308409081
0.23129501254647186,-4.832303989370314,-0.06818664783798802,-0.2813102306226649,-0.6578346332859119,0.07188191515182393
0.26305145880438574,-4.548589401716491,-0.17779695423871575,-0.29927779158176426,-0.7044780166592999,0.0015467109295373084
0.14460269716149401,-4.3964699842134145,-0.10963807713075778,-0.4521655297175624,-0.6236601839644065,-0.06071197874729294
0.19820403512134868,-3.8818814157488553,-0.22273861703661388,0.21058357674477857,0.3970217248697608,1.3554496448236797
-0.40662426159718357,-4.7177899702782655,-0.20846197025356283,-0.952595213535337,0.12277940582613424,-0.1444409569104955
-0.43614508158985693,-4.220654078483674,-0.3297649913750445,-0.8789702301657439,0.9209918501440296,0.26339767365370836
-0.5147925633335028,-4.5459853738878495,-0.32680665186221625,-0.8439014105059868,-0.3471199486704572,-0.19873118993690275
-0.5676157992272849,-4.93184122356839,-0.22809182851263876,-0.7646036667424023,-0.33360195634071066,-0.10514323137961679
-0.4976290117476921,-4.8898717956944395,-0.22479397705545812,-0.9197298273661011,0.10617678965006863,-0.06857344005944838
-0.3681385522884544,-4.640056642099611,-0.29836013013033763,-1.0684413587485833,0.5279867533813236,-0.10788766793488147
-0.40995690923188194,-4.986346264224903,-0.2823488814490703,-0.5182592682732942,-0.29842566223637446,0.6303503356403279
-0.4144424151147656,-5.159779723828696,-0.234094676453795,-0.6257013193011514,-0.5316769618713242,0.029364865215133876
-0.41194685186832497,-4.633979701726369,-0.3366732938291335,-0.642740856016203,0.7307338246941707,0.4576766783393233
-0.5565939950245119,-4.319124195303524,-0.4195904822856374,-0.8607961672332749,0.5663064392089671,0.6240505090000285
-0.6938578504183094,-4.608032609254517,-0.43109055418009895,-0.6007561162028039,-0.27936714281325103,0.5879528631251343
-0.697264338560648,-4.728087761989114,-0.44086609573479657,-0.7389181355721253,-0.4500557951294659,-0.048696776408289746
-0.8011307243320852,-4.575215804591639,-0.5640226605677239,-0.849025226842146,-0.47087649931233855,-0.07725979548325121
-0.574998313295385,-4.281392452299743,-0.6508245954033495,-0.5011284055524728,-0.19814082556872073,0.31509798933715727
-0.846824775786757,-4.632379729494123,-0.5062102290634001,-0.8588169185407541,-0.3174525666299134,-0.12576059346268056
-0.7572259242922916,-4.28402792754031,-0.5501335952081546,-0.8663336115151681,-0.3496936976513146,-0.23669289854885833
-0.6805479154637526,-4.127279903588698,-0.7317986887280924,-1.1359033430986123,0.25824018349039723,-0.3088245234635697
-0.5281412688263372,-3.3525607065464245,0.7672862520173817,-0.5448102844520161,-0.33296144807824185,-0.5400512294335651
0.1663317559319556,-2.458015759139595,1.2805958323583109,-0.19187163515842778,-0.4990425965144436,0.13306359051467967
0.0776403387444694,-2.3643737883770735,1.1477413681028705,-0.7002387849591013,0.12441016853408998,-0.4281757133371044
1.5513114476334375,-2.1887182226191437,1.229950963093251,-0.13854239142857563,-0.6838200511144414,-0.14026050198471518
1.6246114836894692,-2.2296100966258363,1.1718713131516025,-0.2839834699864524,-0.8160364394264458,-0.8535014677996188
1.6123285846695512,-2.16903105542335,1.1909624197490727,-0.24992577261384286,-0.817625630275251,-0.8580800441214759
1.577822070903262,-1.8857760886926973,1.147482685039417,-0.2944896087001174,-0.8912013172666469,-0.8905708364217323
1.6341314852431184,-2.0635022430289207,1.149613095359898,-0.31548966098042003,-0.924711538792265,-0.8387898853855591
1.5151171647187276,-2.1555470695699284,1.189984520112918,-0.33213988420678653,-0.8777500269951871,-0.8071930825016436
1.6200274267066188,-1.8747084561276937,1.1334803413622745,-0.38075208749236567,-0.8983121488044679,-0.8710546776393845
1.453989985538444,-1.163509264518721,0.9854840610062363,-0.28168949836610996,0.26977809726175006,-0.3968075275888659
1.6084803509758658,-1.0146059334444097,1.120772717632329,0.07285433664592197,0.03242283287324338,0.23080336077770208
1.6621968743037996,-1.116161598622385,1.0037816674722124,0.4148915544694251,-0.36374344678241494,0.05006469902812341
1.5121453004938152,-1.4381457203304402,1.1219896334598076,0.005302532827882427,-0.6284949732571747,-0.4047198768313823
1.6017569537531189,-1.2224282350881333,1.0238243484077174,0.1275035239890888,0.10875098656231175,0.08089634747055759
1.4734261289268313,-1.2870119714941908,1.0963311744763686,-0.21134954286119073,-0.21641181246704336,-0.38063498646666744
1.5799677811033868,-1.3867711738353976,1.1848187566767405,0.04426101168533304,-0.6570855650388008,-0.36232061794380516
1.658923781867139,-0.878833769075021,1.069161725725667,0.21913477653439664,0.048071711372410286,0.07100972906206164
1.7753617863468147,-0.3047689931557618,1.0181885662521268,0.4932792913914647,0.49963311822997536,1.2326680106219625
1.6920988552444047,-0.4435666685049717,1.0804819678767148,0.6770059172923911,0.02477232031895042,1.244068102560366
1.7269199075588895,-0.3465138699654369,1.0254797566739111,0.5540661723614954,0.4763436756688693,1.2478835658070175
1.6513192061197195,-0.7053973955104198,1.1004258274861636,0.16964612946608454,0.7864607198004074,0.6986764990061751
1.5580633422964096,-1.2393607481122293,1.3069892080684895,0.4425354343378724,0.46003488911600404,0.7319386038334538
1.365064795138461,-1.182012216042045,1.1650114163628404,-0.16534280971377968,0.748527084133858,0.9234367356609303
1.3598757339030658,-1.2600097715331882,1.1208566501435397,-0.008781435714182466,0.8878333225547668,0.742009825699465
1.3130100852449387,-1.761224495278197,1.1371638664347075,-0.11746389719175696,-0.6057826942352704,-0.33578057503203723
1.4674194794805842,-1.0456080751022223,1.1403269965197995,0.2142965938692876,1.1022184259985206,1.343125136963232
1.359087045415283,-1.478385460300053,1.2121572674518166,0.1259538986274602,0.2729519588080251,0.0918151597674714
1.548636636079206,-1.601831254612438,1.2318940220891825,-0.2506270854290148,-0.9281768927088714,-0.8217680376309422
1.6636711260091728,-0.9272949642902647,1.0266488067286512,0.5033687043201124,-0.13688443503548506,0.6502157938859513
1.6663822935947392,-0.9311055730264344,1.0629459473712737,0.42635395414564586,-0.38666645159736135,0.010140851110800906
1.6293312626257015,-1.0332198354081206,1.0981172227907832,-0.18440216607336224,-0.8341303044955862,-0.3248755551394718
1.6173701312278776,-1.0733678549312997,1.070234096307313,-0.36250770101840823,-0.600598302041156,-0.9342324760878988
1.6895973204327464,-0.7887058934706408,0.9927498127350802,0.5349682363882885,-0.16189574276088253,0.5546867252915849
1.6564766412381775,-1.4383151356658888,1.1184764972312005,-0.275021789910817,-1.0269987502705966,-0.9149325067425301
1.697447011177133,-0.9736959245889204,1.0521432510876831,-0.060018523090027726,-0.2783876069725749,-0.49305255809114285
1.6564010067183534,-1.3258678163417035,1.0723052116017304,0.07310724807441067,-0.7058333614783304,-0.4691323096828299
1.5485246792957557,-1.3416036035593555,0.9393774000826923,-0.24183492733727163,-1.0267500852591214,-0.934833366927738
1.647577425907449,-1.1315601351179563,0.7607519625803081,0.2718399953198806,-0.3589164711045482,-0.02221967445523612
1.6537370827134508,-1.404204110207599,0.8429483300188338,-0.34047820369763204,-0.99071854302187,-0.9380945830130526
1.6290582168838947,-1.4026251307766402,0.8215835199390338,-0.4136145298013489,-0.973373894334124,-0.9444396280421606
1.6540676621752737,-1.164326789029179,0.7896041296710664,0.006476843991348045,-0.6206791235727999,-0.5318384853631305
1.4825122676045313,-0.9543775460534172,0.7990472079456343,0.33073447616853185,-0.32267327109086263,-0.042641802742162165
1.468193329722075,-0.5717481652281995,0.8246644899107498,0.7492070502620292,0.09324807787033756,1.2560215789736182
1.4036475509338189,-0.5288852322696523,0.858241352994564,0.33206025990491295,0.08312356425741829,0.01158238754509509
1.3470627008794467,-0.48962953516028035,0.887530503035773,0.6412478943685639,-0.1628020449164072,0.6321803922751181
1.4080429439364532,-0.5578073699298363,0.9432134010262043,0.3882689921114066,0.047568656948418185,0.037368842343404686
1.4905806495720215,-0.5628391522420608,0.9006395238127357,0.3524520463958749,0.05603127739888628,0.035817071483885236
1.4762654349041726,-0.786885377765234,0.913780344889365,0.5185070619022528,-0.30209712902484814,0.0013151832019536072
1.6765558768201165,-0.6149758169206249,0.9296796982280208,0.636252562462556,-0.0555631081592095,0.5954045675177544
1.5198271015859548,-0.6236901417430301,0.8714228095763635,0.5176720571436404,-0.2648527340909843,-0.04782459005037735
1.337972196585307,-0.8830823588552711,0.9512921359709501,-0.011465595287711721,-0.9293982923584426,-0.9506882669382063
1.4257071060854245,-0.4811948777982725,0.9014760258523579,0.7277170206560827,-0.13740473345986043,0.6008158414033228
1.4122842163370746,-0.8594705575995215,0.9911887048771288,0.2780677210893608,-0.7150239048190662,-0.42706944645084055
1.4363350294581076,-0.4969313294865528,0.9333660882758378,0.6782732106368099,-0.14600003624932031,0.6142099464289624
1.475735232525428,0.056596208351907866,0.8315175534975263,0.3941564459123329,0.7273183487767506,0.5746638502445347
1.4347188777227484,-0.4332056928874698,0.8812008961548886,0.6624671836477012,-0.09175486295474354,0.5788197719566198
1.3236658906646506,-0.402214755712539,0.8427808345680893,0.20546379298033868,0.035678354611360166,0.13673070125731834
1.4093703035680416,-0.7000541365828853,0.8954878599241486,-0.13981633149963468,-0.9989891175230778,-0.9344151060310736
1.5251867333346996,-0.05585233028335355,0.7078462215263988,0.49544616412463466,-0.13360147369000153,0.5343069574950868
1.428120157087993,0.2537711738952615,0.7173402107371561,0.31376650028198655,0.3009553551598126,0.5214502271599383
1.3886594114683104,-0.04988347565856897,0.7864170680917909,0.43513131426420215,0.31068483232162053,0.5717848612602257
1.4683780746087478,0.06561277143968831,0.7039910918996443,0.6795651172286102,0.0216503911940081,1.1699156830613593
1.4061488759885732,-0.4914131617262469,0.8236460697155364,0.47520148335262685,-0.377519222381674,-0.016131850899423678
1.4416157480545642,-0.667458864111038,0.7797032741289839,0.022172411627999957,0.40289910786126665,0.2504295765583225
1.351717884487547,-0.5009974191802042,0.697870857806442,0.45878755173846336,0.5284547760468781,1.2739101271106978
1.3748988867620107,-0.7934060718953903,0.8322100218259788,0.08022868654021481,-0.5264956249861946,0.34480408531903345
1.4345560972983527,-0.04867824625080707,0.7415836449579133,0.4271445661054737,0.9907929290009423,1.2345402189439776
1.4638235166613842,-0.33002138974309797,0.8301601957917945,0.7290558389703035,0.059375176999084754,1.2470129294858368
1.4124514665532422,-0.4271924719554308,0.860946737225591,-0.4007949182175051,-0.12347264186568369,-0.919647347543462
1.5583388108264118,-0.030538607979091612,0.6716211631686505,0.6844931191948584,0.02557238508284986,1.1709702012907068
1.496759989040174,0.516261435530943,0.6006444443776157,0.39535663761997913,0.9245753002644281,1.1239442602785448
1.4836360336669174,0.7500101951784461,0.5218867901125659,0.4913884067366666,0.4582732790386181,1.043214720078189
1.4490502232553588,0.8739129225131402,0.4775845152256708,0.2857168929777839,0.8948295976777201,1.0616934936908913
1.4621746072343431,-0.6112697476230672,0.7906127695012978,0.46940945830664255,-0.42780477450660026,0.018106261094709003
1.4332837877464282,-0.643871456580495,0.7709570465041744,0.5256142882434791,-0.3889063817001714,-0.012978654507372466
1.3611205584682415,-0.43068315181608857,0.7845664240653966,0.715928879700491,0.08690492351732379,1.2247193509493792
1.641027752491397,0.5948622543161297,0.5629113336719546,1.0057150609577812,2.327231106294418,2.658534548108424
1.4760326968438684,-0.21346984150950937,0.7954498784294067,0.6633931905611414,-0.19229535007922102,0.5660290427519858
1.501905179490742,-0.07277139313103316,0.6585985696179563,0.5671818905129957,-0.209895303739894,0.5371099240112025
2.663597293339871,-0.45949734629671574,-0.9365223147990109,0.0896559236899556,0.04978816028810979,0.621513050760549
1.2913479053020898,-0.6218054941515078,0.07146155912927449,0.16375367677883892,0.09007037129054923,0.10042437789863269
1.3513300880870955,-0.5126251982366105,0.005270730681743004,0.17625445907774762,0.03903331395381686,0.0757124845369802
1.3301653915445144,-0.3635968841578339,0.13972602014386823,0.6249335700069645,0.08112042015950136,1.29511092714551
1.2451401174316032,-0.9990622580034189,0.25768240635953843,-0.2098724820441434,-1.0161705911653272,-0.8157052064521718
1.4157623985356962,-0.8550395740267464,0.487830066589082,-0.28279687696185024,-1.1488615789898817,-0.826165453492315
1.94150317504925,-0.08660322279901173,-0.2942027052764187,0.10174330938767981,1.2753061541792052,1.8829099917567926
1.6168034784704874,0.33277278218817663,0.4668679204608854,0.175361568892688,0.9043978279274052,1.2006117262913452
1.416050530425417,-0.43863664611607645,0.37051026952581306,0.2289033696132752,0.401259129328647,0.6470730396538349
1.4898538697476706,0.5135064747202026,0.5788737355703334,0.2855172279690245,0.9073653975909983,1.1542151512552932
1.5243640682791342,0.4436593963840795,0.4591637189392327,0.5427265330027987,-0.022009220238901058,1.0784444164407203
1.4930847718043312,0.43557846475309653,0.4534171493689191,0.5410843913013337,-0.05369871627929422,1.1025489159288133
1.40670859866727,0.43884614533897764,0.4448475205998116,0.2539090895422939,0.18594930748168995,0.49812908564463493
1.4425414503069551,0.6208247724873583,0.4457834530261986,0.36779755036904466,0.398285237976047,1.1114960437962167
1.360100685630526,0.5875847066412921,0.5320713239766471,0.05725001741436776,0.07696251155241941,0.6464464170936786
1.4599946659398446,0.48970448883525297,0.5418062318801118,0.5532712668025463,-0.05865877643232053,1.106286554389182
1.477631693269219,0.4669815311286286,0.5469078499789992,0.2862949960541669,0.16319362729576,0.507798673274975
1.4355653467226712,0.6547610790140818,0.5061950822984149,0.08244893058576809,0.6220439425892023,0.5071446747557801
1.4508718269881853,0.6851991328858753,0.5296062283694501,0.3458027371993856,0.393762475929497,1.111027465898437
1.3653647856702025,0.7838486052082043,0.5410557419377773,-0.21164396304856295,0.5019046041036161,0.6631674922091497
1.3287831354768094,0.5660088242943655,0.5124198885100423,0.18602785709513775,0.21124411821502317,0.46029498444401135
1.4261888119257107,0.7626132841977051,0.5078942559532319,0.23692688583769536,0.4458512912087154,1.059984091547196
1.4773253973157814,0.5565368703687966,0.47697007002950553,0.28660366708031343,-0.2770551519815417,0.44740799132391745
1.4859428426802452,1.1203995428726885,0.4782374654412116,0.10309749713624085,0.8098930539805935,1.076719069216613
1.4483295715367601,1.1481856946996818,0.4715503384721801,0.07688042334283357,0.8354119511317131,1.0696026221068367
1.4486549525601375,1.1515252120829853,0.4540489592627358,0.08136085088103562,0.8383883277685783,1.0591471779300599
1.3624091647139014,0.9888876667654019,0.45084678551881985,0.16358167233594054,0.4047021399373991,1.0525502595424425
1.3644731514458253,0.8021948543839972,0.5760743763969045,-0.19089854791682884,0.5005441902985178,0.6579790219676117
1.480027535122528,-0.2166461468929783,0.7511826344310912,0.4031014505819018,-0.26402931491828363,0.608879920816169
1.5958118371248393,0.24768483758832682,0.6059100140678848,0.29644934011841406,0.33621230457598916,1.2109580447229875
1.5935580351898555,0.24940492647378465,0.6052515969764388,0.00783978155451636,0.570145690413819,0.607305070272914
1.6721202005064242,0.0006015316737131436,0.7724059510346837,0.01564005982552312,-0.7936915701107327,0.3055124093708227
1.5572476805067708,0.5448704017983308,0.572293797761051,0.16343991131309446,0.7242482571845216,1.2148953958659487
1.6148217815553918,0.016299428343020894,0.6567838069523245,0.12475178858390239,-0.1378138866718089,-0.026237640007988693
1.5219899253770732,0.12571826274930023,0.6903485174127899,0.22944210293508802,-0.4818420370855186,0.7437749049825327
1.4969303070404272,0.07372750957612373,0.6569769117338196,0.43086250329025955,-0.3584584881107703,0.5646588373471869
1.5904978985996903,0.28785189761754226,0.7699572226814084,0.6222094644802854,-0.11410848069641354,1.2203288625420676
1.571842681117187,0.2783048823162708,0.5798735206982089,0.4685119947399004,-0.20113728901438785,1.201040119035853
1.568054964286178,-0.24551903591825944,0.7806291648555768,-0.1007303533725898,-0.2247371930702977,0.22501807163929516
1.5505484077166403,0.046767124733129266,0.7211301401213953,0.028987527601924343,0.5392775481946985,0.6853418527624245
1.5206229125032447,-0.5992725545932431,0.8939429872817285,0.3123915079148201,-0.5078074950792253,0.06830097833055246
1.596242647854,-0.2968568695255526,0.8122243695242982,0.419544000791466,-0.32810574326013336,0.645084277555778
1.5973165780908865,-0.47930820018447234,0.8268648999999004,0.3280162771375187,-0.5482939529827519,0.037439722898995074
1.5123426821969432,-0.34945583542999376,0.7694599928997207,0.30392130308407406,-0.5621788812155898,0.007574594774893372
1.6208804506626198,-0.29048835911044474,0.8985147633122212,-0.09622971241703047,-0.9787693144185944,-0.25134300124103803
1.476580364917784,-0.39164787638793586,0.7694273206113833,0.32090017031364876,-0.49548468471327256,0.013552590034385519
1.5296608827039526,-0.3156851669615992,0.7567818973654248,0.3137959070497518,-0.5252072043680585,0.01074239249600557
1.5790230207693654,-0.21130089708977173,0.662528666882778,-0.061838785457306485,-0.9550990902264389,-0.4648130885153792
1.6980407526707146,0.14254137831333719,0.6482876948946443,0.3753804449974665,-0.3303431047186469,0.5232570028829632
1.6503362951006613,-0.1412150752907739,0.7928601837443636,0.28701908897902184,-0.492585617831161,-0.06686139873842845
1.5902187693547365,-0.3465650741552605,0.8950324468880212,-0.17406262292664768,-1.135712805524291,-0.9217397707449274
1.693445709179806,-0.0899468230263158,0.8410150072388258,0.4167434248478592,-0.5016713591700136,-0.053097578531179725
1.6458323165867443,0.23711562427438584,0.749617895833614,0.5789959922344466,-0.05610002231851968,1.2087908080369756
1.6653367254352234,-0.24154793290907708,0.8226130727416346,0.4459819276447018,-0.2556459199181158,0.5907538988265351
1.7758192618021054,-0.15791745912646601,0.8289808068552589,0.2949543592326037,0.05459648415165975,-0.0025803161137513456
1.664748135169636,-0.4817311198893071,0.8616078415539119,0.3620656684714809,-0.2899241549366813,-0.01826906841235896
1.7469904521937258,-0.38631918816166383,0.8275355632077503,-0.19210789325953792,-1.041374030409491,-0.9869670628155077
1.6287485868087126,-0.05334530570188455,0.929739873867902,-0.3207358740560088,0.29428904083738616,0.31536868539838636
1.6850237089271192,0.05376643621122267,0.7870410942920001,0.5597555314564747,-0.2952102837038696,0.6227614784608999
1.6603364427803913,-0.6261749673990382,0.9812143023179726,-0.13064319856187678,-1.066507328737651,-0.8511346809355448
1.6759994579194883,-0.6372311369538308,0.9593353590673225,-0.1308861735839746,-1.1480238064350303,-0.831247051606411
1.6537683301304533,-0.6721316256831342,1.0055483104028582,0.16281744665391337,-0.773184658501954,-0.3686227752376908
1.6367080536197882,-0.5418050086424494,0.9192372286573078,0.268772127449467,-0.06524172725144117,0.07282235724371895
1.5981678320404098,-0.48528233265330806,0.788678281915866,0.6276516929151604,-0.08116145892467061,1.3013542138879666
1.6062304040535362,-1.5305200366716505,0.9584949658159119,-0.2569380201181107,-1.0591067396994371,-0.7478278032987378
1.4987114927864398,-1.1508371983174168,0.7832381973831033,0.3255102235475667,-0.4160527519937803,0.15477063181446132
1.4317389441996442,-1.1911149598134856,0.7972473640192553,-0.3027214411406283,-1.1427136522694488,-0.781410128625645
1.3969395314242719,-1.5662201112516745,0.9587706104671061,-0.28210906365330274,-1.1082667642368373,-0.6841994557712373
1.5878552384368465,-1.42052359067907,0.9368032613177135,0.03241933921250572,-0.7668284055364173,-0.24054127703950334
1.4859610930285918,-1.7209343005318518,1.0686141576342136,-0.27677747543881775,-1.0927121886382725,-0.6626621326584179
1.3327263222053485,-1.8872266864109826,1.0773103030634816,-0.332198761873246,-0.9927116613810615,-0.633960353269388
1.3944587945185922,-1.8743259277885764,1.1454493421146612,-0.29935848617492483,-1.0289464853679762,-0.6175339350951244
1.6382082858117717,-1.0523433826460122,1.0175045648940086,0.018394587531680072,0.11136086507339232,1.0163035405062906
1.6396468740609143,-1.4440502620729554,1.0443359823127283,0.2672979233549915,-0.09543574599875917,0.8213860641104868
1.6377094233745717,-1.8025747345007632,1.1624888711474692,-0.5304934099870953,0.1989909654877769,0.01967940692536984
1.4405409265515126,-2.5927299765559466,1.2233335848636557,-0.37437232319172303,-0.8595478030101996,-0.5329261088394642
1.195400674693561,-2.792890628110203,1.274858861078705,-0.274036151897369,-0.859241217188165,-0.48635993468369626
1.024324169669562,-2.7057608808783673,1.2139504940172332,-0.39230131767962656,-0.9956612445252994,-0.4925225566848663
1.077874165209337,-2.474098609821862,0.9503334314461025,0.004894572450863845,-0.48166747387186026,0.5951582904947875
0.912502816727831,-2.4158427235025104,0.719915840966191,-0.08421072703923387,0.4694905272186985,0.5985460286749958
0.8718506584591162,-2.523463512305514,0.5819722731530839,0.17758870129431426,0.1752999361941566,1.2586861255791484
0.7331945530626645,-2.7866138905274656,0.6225546496532872,-0.4482320785467972,-0.479509759741249,0.36922080187920986
0.6497489823634522,-3.1227868765363134,0.6003777080520105,-0.40406820894687306,-1.0829343175891892,-0.2495294161960715
0.7990505898404919,-3.3984176990784634,0.6390920596182514,-0.46809691034008455,-1.0340922779093378,-0.2063605874529233
0.8122173322563492,-3.2662090930587064,0.6542472628870704,-0.3141889698244652,-0.8087821782833936,0.3779846496531857
0.8270275873151275,-3.0616970174635747,0.5219975787989966,0.19164498938271904,-0.4295009506528821,0.6763935236176151
0.8085761167719178,-3.050509285027627,0.5516560511040439,0.08758983224875797,-0.5592977205387519,0.860643648700846
0.8054075762928185,-3.0239131937601007,0.5688267324776933,-0.03351394501124102,-0.11573988801021724,0.9056175902019536
0.5908491994779465,-3.1393012160769813,0.5888076067562044,-0.34935066777638335,-1.1435996617437358,-0.20650510071098405
0.5843828329315368,-3.212933603671066,0.5811469749614745,-0.35202423367197266,-1.1756833114797307,-0.1833037383045788
0.6466534312812996,-3.4629541024416723,0.6105512315435394,-0.3353179468717165,-1.1046419777199346,-0.1458217823899498
0.582255515494716,-3.602459999190749,0.6790090268881184,-0.3538686911401398,-1.0355162932968518,-0.12322430311305729
0.8184813269916383,-3.353875090421776,0.5788532161790491,-0.28713959059573446,-0.8678600371648656,0.4674541395373338
0.7807637434809597,-3.399028988436026,0.5544525707807954,-0.391357860800369,-1.092281286361687,-0.18649353796512771
0.8394004948979602,-2.9897048231503627,0.5139733973535902,-0.3247874545969852,-0.17990226419011957,1.0567900426487016
0.9599808517701086,-3.2039723420722646,0.7137634057062826,-0.05435620682886578,-0.6821167699566539,0.16526451971745007
1.020691906663031,-3.012787634201257,0.7457344789367303,-0.06836747701768317,-0.6667282861939033,0.11731839940456146
1.1529000946314678,-3.2712894487593958,0.8465200311698331,-0.3646310997892931,-0.9896163706912139,-0.34698714646366047
1.1452153767261946,-2.69522026077354,0.8206299233061503,-0.5432159329275914,-0.4292537001858433,-0.3852066706719871
1.2021851043432594,-2.71483025389613,0.8400335768707746,-0.4341240791800592,-0.9640627645356922,-0.39104005215044146
1.1561214016073627,-2.7323843408153277,0.8232978906482468,-0.4317266852414596,-0.9861545215366284,-0.3651126989744758
1.0797602696192443,-2.755257530413431,0.7845997267425869,-0.5437404406414381,-0.956946449273612,-0.4419174574188386
1.449811662383886,-2.2657393060477022,0.6963427103072657,-0.4835487947893475,-1.0444877713267422,-0.4985343153361683
1.2586710294992833,-2.1455429177916066,0.8142281899443408,-0.36164957543202575,-0.07429081744022022,0.8311980279018703
1.106719445139141,-2.3004373172779773,0.7050458558539329,-0.5399408837578732,0.2568301660178827,0.054914579070691576
1.1218579566978744,-2.281938219916281,0.5750130734939702,0.3491468342990423,0.08309901252729993,1.7264054711019161
1.064151567525539,-2.629520182043443,0.5412953730181846,-0.5162853934244532,-0.44114688822953096,0.30611020540397155
0.7449925941195232,-3.3329028395910365,0.30452260669783376,-0.49474534971076084,-1.0659366872348814,-0.22571867305580945
0.8799150481741876,-3.1398435812480474,0.26961222457819906,-0.5779900165361134,-0.6650524488623653,-0.22693416130722727
0.7788142599953268,-3.359338477912921,0.2633031824920523,-0.2003007590219156,-0.7712609675707838,0.27933359935393676
0.6059664062561118,-3.072945760702605,0.2675224899323626,-0.7284801148180133,-0.6246048479089586,-0.2052465668051104
0.6217846716991362,-2.858642333292296,0.17968106379765011,-0.5749287904053036,-1.1433254489528848,-0.25485347942782943
0.7575622292526368,-2.8972434570844148,0.3791226478891375,-0.5526712457161945,-1.0525787856953353,-0.27497941858401975
1.006390255162662,-1.9901039142123804,0.2634178604283241,-0.3648448407968776,-0.6530058091727494,0.7686217667658908
1.1317220000401933,-1.7869900450092386,0.24764673598134052,-0.36903523951139205,-0.029985375415869608,0.5601703629944289
1.2503235326931597,-2.1597452485642608,0.3831058230481498,-0.5295787227936181,-0.9721384824116871,-0.5054549190608176
1.2573106995086194,-2.091151734457936,0.3567535883940565,-0.24391689435593022,-0.7197250043663055,-0.00912662432212725
1.1566069146869973,-2.6405981947268504,0.49890528142837526,-0.5251249039392112,-1.0138927075828674,-0.37205470248069633
0.8908846995587517,-2.9383185247154735,0.5301804155234469,-0.5610737987096769,-1.0420156950485329,-0.31982693763316505
0.9176448134939844,-2.9431217891729524,0.5750501159472042,-0.5034624890746898,-1.0355704962903938,-0.32576903926572337
1.026825656386944,-2.9657500143598305,0.5628834858375833,-0.5885480378602139,-1.0190705711322126,-0.3268688632240224
0.9698643469060978,-2.5981224217070347,0.5123385609523624,-0.6428862107477844,0.3067810591500885,0.13449686005614983
0.9775665896897104,-2.9147554831961973,0.5689741211045589,-0.49954001272365783,-0.7088267791377232,0.2993385826126817
0.8618035355589228,-2.963408695462611,0.5817719319135441,-0.2549773908178014,-0.6239329685311613,0.14446072238714203
0.9359740675645406,-3.1936896733514226,0.4752686787081498,-0.2185465391311528,-0.7026207286595172,0.25707174200015104
0.7226983731252442,-3.281578252628103,0.3142288182491573,-0.5701241749403343,-1.075533092810409,-0.17882291819378948
0.8181189464586737,-2.963244624350355,0.23667225760355043,-0.00011838155865717106,-0.36344083300712676,0.6833659458144704
0.7575475299197169,-2.972912557631562,0.18562038399529718,0.017568482540115428,-0.3530585685251611,0.6809681835486235
0.7476791433378627,-3.120620407245821,0.157215682891748,-0.6073731191143528,-1.0708853472243576,-0.22028115247864166
0.7708621739210665,-3.10249563931932,0.21230936512441065,-0.6024475577006633,-1.107407385101007,-0.2044083840428132
0.8744860405193989,-2.7873371149175914,0.3624913177229639,-0.28901798715856036,-0.6641330161632342,0.14762612857997778
0.9257792711273743,-2.843356887214683,0.543406371129757,-0.5857299020700234,-0.9337201849641649,-0.3750992341582804
1.013862389031962,-2.764255275887234,0.5382255264185026,-0.258527098071768,-0.6341049601864599,0.08911708506293914
1.0324338417208736,-2.668155280483478,0.8011105696234859,-0.5327299418601986,-0.29622701300176807,0.2719740760214273
1.1246243270392788,-2.7441057549833423,0.8353692870244386,-0.26664572430308525,-0.578074583654958,0.8727416626617251
1.0792843899622073,-2.6568865095699676,0.7754081115915741,-0.4758144093611803,0.1983827041325964,0.12512046560625337
1.0822321636086654,-3.1075555685733014,0.8515948959577124,-0.27278925267449045,-0.8193005981851346,0.301904738833539
1.0315362844657645,-3.207108653438483,0.8413456326379606,-0.36935196713650187,-1.0678287037234626,-0.31965830694568453
1.1077420267698574,-3.077792152830678,0.9633951381163334,-0.45634914599495224,-0.5833163053042527,-0.3379800737152566
0.9832145353978382,-2.7111295239562705,0.8453056584927218,-0.2925616442687651,-0.1259607575961736,0.9107462361981165
0.8653849793387746,-3.5286302928851225,0.933851363313023,-0.3969516207404158,-0.9276398232549826,-0.261621172645126
1.0603961434736653,-3.4240616185018395,0.9392263063755186,0.23436921239595646,-0.16367871331410203,0.5846671012090296
1.0595901044268183,-3.7143997082760136,1.008415666690593,-0.3742695350262088,-0.8617752945567276,-0.26929396572743086
0.9933728000356916,-3.564957214482764,0.7828706662603137,-0.0648073345567232,-0.22127499015261012,0.2988042836460698
0.923129065833562,-3.78322614506097,0.788733626352528,-0.13815415591064362,-0.833103616080149,0.4852014427544158
1.0718961206354372,-3.9596784427145817,0.8134638773962165,-0.28159679214335337,-1.0401836126751083,-0.13274609451558328
1.3761135038888304,-3.6193638925906653,0.879248565601925,-0.09203896473581226,-1.1550011250494328,-0.18013621708345445
1.4873061009688704,-3.4696256656069497,0.9524753989140058,-0.09887009251993809,-0.7458624659386596,-0.15749036769830746
1.5296993471947704,-2.563152126164021,0.8409527587668207,0.3205952954802739,0.05508192436673398,1.4364888520518628
1.3259326213639018,-2.334109180919757,0.8713479648509436,0.099837813398185,0.0892802807387085,0.44158153784236404
1.1223144114347616,-2.7271954562328125,0.9602073175728296,-0.510159935931352,-0.4820026211447249,-0.44213598924463304
1.1824818726590414,-2.5302864418355435,0.8846504847906241,-0.2740812290582969,-0.08731617959384676,-0.033231964636864356
1.26179623318569,-2.9356786922948626,0.9079184212370481,-0.4839310877343029,-0.8583179826925661,-0.45414280756504743
1.2522496261068436,-2.9532787513648295,0.8898495873923005,-0.47437776667046966,-0.8558005512232808,-0.4558833518084511
1.2245500274286183,-2.5702117205095334,0.8289844850725147,-0.5785620724893147,-0.19001726057777996,0.15781054427449243
1.2327333883563867,-2.92344333353605,0.9387054382469399,-0.49212778521059714,-0.8657714320969706,-0.47368050874208995
1.1947330713659585,-2.7664623927992644,0.893362379386135,-0.18195079188023636,-0.5330145641264508,-0.03322125658132584
1.2297558319846644,-2.882536611910632,0.9662077704705854,-0.47475664383882005,-0.8716603550921583,-0.4721435655776716
1.258421377520584,-2.8539173841766186,1.0085250798295848,-0.48085971777780095,-0.8697469666766638,-0.4731554917311162
1.3102969973837282,-2.638506006741294,0.9487335272765673,-0.5392027888660352,-0.903372295030287,-0.5076952190960679
1.2878666858526095,-2.7059385302680283,0.9886238664894685,-0.6505399253449273,-0.4345212707562316,-0.4556576025719148
1.1937591687954012,-2.902118760535778,0.866064789407283,-0.5795485223096652,-0.9061190937456393,-0.42383790175627284
1.2167570756494444,-3.0737961308814175,-0.40023864502350476,-0.632668893757352,0.10439479752331746,0.9383441557239371
0.9974937379208767,-3.739626286703145,-0.7014640691034197,-0.9710873042731681,-0.2963616068206352,-0.18407124579201561
0.9562492451668518,-3.930913925838951,-0.6411837684977518,-1.0238753749468714,-0.07757646589192238,-0.21584796192538214
0.9948080981429278,-3.847645284189922,-0.79304732055747,-0.8943907249723841,-0.5580169764775343,-0.288359377866561
0.9114854571556813,-3.937602746455679,-0.7330700433352806,-0.8596522367679296,-0.5679991615198561,-0.26471553820857646
0.9547228389548676,-3.4233817692739645,-0.6522778380583342,-0.8558587729636475,0.7761925903584562,1.0091177838395302
0.9623478493856585,-3.982216130048431,-0.3639607631833278,-0.836611863162318,-0.474837621202778,-0.31427922233236905
1.0293446644092028,-3.2411712264508266,-0.7034086535553726,-0.2580989479825708,0.07057993423622017,0.49454662274129374
1.0671399258459107,-3.2888359621556438,-0.5818146160567382,-0.43944094225473995,-0.0499643149972448,0.6893833428397161
0.974430504306563,-2.947702495451976,-0.6098485421493558,-0.5959127176792782,-0.1485103957254626,0.7945340952282205
0.9472469773448217,-3.138280070306514,-0.6303990588722188,-0.5565033064342015,-0.2200296436278782,0.005535047025233854
0.9558830530382488,-2.571254814306266,-0.665635029181499,-0.8836330376445252,0.7634586301242565,0.7826506625754358
0.8881064712993924,-3.3059518560850965,-0.6561127679344247,-0.8361539465516706,-0.5360668327010789,-0.448119073912707
1.0045762652754608,-2.2954975200931975,-0.8262771146204012,-0.2540678607688948,1.4852158936746604,1.6366867412538841
0.9607906047622657,-3.1567225032621047,-0.7108294743927352,-0.7841356856575098,-0.49464718058835866,-0.5115029216474968
0.9073343650423907,-2.9695907175145826,-0.7676982014504211,-1.0627510022070514,0.31443135365131236,-0.39944795099804303
0.8028608469769961,-3.4683476341628983,-0.8122776843533116,-0.7140714222845523,-0.7083751391483448,-0.2989490237477021
0.29292015264366883,-3.812200841767865,-0.843792674015351,-0.8173932784259226,-0.38747410611373373,0.38052366610054855
0.23479002578350636,-4.152015563861,-0.8645902272123409,-0.9664087510285042,-0.5889178924937805,-0.19308270676941353
0.30416741632291994,-4.022741905556016,-0.959086915142801,-0.9876180232313955,-0.5346005159645122,-0.2460381039147247
0.3457833753571118,-4.025600899361391,-0.982594168189177,-0.6641764676494158,-0.18508874065839223,0.2219410747870234
0.4341152433752894,-3.7313294543968554,-1.035519385500923,-0.435823460848229,0.25083772863342196,1.4433418957541737
0.46353883093239445,-4.217849094611263,-0.9695436033761415,-1.0347980756565107,-0.4779392404599459,-0.2425326334255236
0.5160558973485025,-4.13526859499562,-0.8391403958532118,-1.1064450399005654,-0.39661634377522886,-0.3184496002050124
0.507260780943598,-3.449133843275183,-0.9091257449478409,-1.2914405408884873,0.6995313252261345,0.25661656906758595
0.4760903338821394,-3.1682977009192568,-0.9856739756453823,-0.7159827176967479,0.8095809844507148,1.2706274789033514
0.45439976092767553,-3.7916030931883262,-0.8601323579235736,-1.0696935341082985,-0.3795491348353884,-0.4222262779597156
0.41497168054698663,-3.7932081283271453,-0.8633582141471334,-1.045514383279376,-0.37006023508893643,-0.4291829289012619
0.4639513035383187,-3.816721700078007,-0.8858121330238093,-1.1510090845845105,-0.37692253211027477,-0.41004436228648544
0.43216948644069864,-3.973029216910736,-0.8369826637905067,-1.1107510096045659,-0.38066946687379793,-0.37400277606927324
0.5035452169774968,-4.110757080419031,-0.7907204958291307,-1.1075713610200661,-0.387219203999074,-0.3438155241188764
0.37126366137813194,-4.2048924272661266,-0.9220902141176492,-1.0517028697877981,-0.5008236506866358,-0.24807478531933563
0.34594151476426815,-4.124128275848249,-1.0155442827257386,-0.6025198590781495,-0.1697758859873615,0.1950330967480474
0.3547015354192652,-4.036455876898598,-0.9824252433279117,-1.063402283117502,-0.05395279115353927,-0.2498017419038676
0.38049527545244655,-3.678346101430813,-0.9824110444659782,-0.8695416187935378,0.3376242429976214,0.9946491327013832
0.4483218430109066,-3.8625758412237703,-0.8416144672277297,-0.9848565632993186,0.043775746240305745,0.41781972020219454
0.3078977020771662,-4.156309561160713,-0.8269013134794121,-0.9710960307425893,-0.5853502158726579,-0.20966031713462607
0.3176911244567155,-3.8329057972332206,-0.9016774696262402,-0.7484064981496661,0.21244819635194184,0.2136838244288239
0.310849909800575,-4.172514261616522,-0.8249664396189176,-0.8840015978086958,-0.5679718743377741,-0.23059700915830328
0.3869419303705852,-4.138062910197048,-0.7404733127015887,-0.8955150127093027,-0.4937483996486605,-0.2953935359067074
0.49254544809418377,-4.110257642940735,-0.6778302627525797,-0.9632396772033066,-0.42867766937569524,-0.34682387735286757
0.6082953460693272,-4.075413453564126,-0.5897870129218427,-0.9237067836819634,-0.41407768794701244,-0.38486271770291847
0.6682888964474987,-3.9933993802286474,-0.5991628273163699,-0.6747291499505454,-0.1824677928457539,0.14222839614252694
0.6588892016229531,-3.6065926352034525,-0.6349212683041637,-0.9668591915257955,0.7287902401873391,0.1305287279713912
0.6593468598126475,-4.127277786741417,-0.5633967495501557,-1.0548161697696417,-0.4898183648820475,-0.3379235082109762
0.6156833521316576,-3.925642660597242,-0.6055230386667668,-1.2391584410678418,-0.020926504971147813,-0.3193139059405081
0.6266357380661849,-3.2242391060986226,-0.8081366528265614,-0.6756930828934277,1.2706047278551869,1.193015299259989
0.5419818620553813,-3.8717164105692725,-0.7709782114319907,-1.294684022039193,0.3419803730830814,-0.23564546154824306
0.4599786330182827,-4.250688542933001,-0.7798541649347308,-0.9259968327054565,-0.6147289262880952,-0.196272423420363
0.5461023217498038,-4.077510266914477,-0.8405578584951363,-1.1049026811882892,-0.12128972181647693,-0.2176144523074826
0.6664566826231202,-4.228705458076869,-0.7360836056070309,-0.943409697946078,-0.6016027097133202,-0.2394744653429366
0.5812766479510525,-4.078008746491819,-0.8126684941250597,-0.9981271376733731,-0.5528537964705181,-0.2546889080446927
0.5398570946138415,-3.8580254233254094,-0.856173838307694,-0.7193089560937148,-0.1281151417440102,0.999210691935428
0.48708308958730906,-3.9354782539999347,-0.9090916765496957,-0.35767444541089966,0.09718293009402978,0.6767970544288126
0.5303587209691292,-3.7412459068914363,-0.9352973752987945,-0.4946613795208612,0.5537552329288457,0.6717512865407088
0.45127397248172985,-3.8962904724183813,-0.9256922474433193,-0.7666440073664506,-0.17358120248561407,0.17421004984574398
0.48813888273600314,-3.8155854095929564,-0.8339788006507387,-1.139404926782031,-0.4150044446126067,-0.3807368490874504
0.42141734948657894,-3.8059103843191897,-0.8491351551355799,-1.1546683633219645,-0.3934244751770934,-0.396853952276104
0.5481472511869319,-3.6285270626693675,-0.8905644307805161,-1.254015507831529,-0.41325032726158123,-0.4271802077487476
0.5381642591406386,-3.6069515685526317,-0.848324530630663,-1.2048746214630592,-0.4491985262162191,-0.40275147752234614
0.4652722953301782,-3.754712487573524,-0.7941067753819897,-1.2001296708353144,-0.4269290279747559,-0.37674765452204534
0.5065977746031631,-3.8026357069596477,-0.7752713649231233,-1.125846053274038,-0.45718985999874767,-0.3622943189591634
0.5342972742199772,-3.179684977785566,-0.9772652913076243,-0.6880712538954787,0.6275018544963256,0.5004133264714866
0.7062272001664818,-3.3954274719621056,-0.8156284362794157,-0.9152710673255112,0.1399618912451136,0.35600934312180454
0.3992334483559761,-3.5392856656088267,-0.9873418206423628,-1.07471757762533,0.09083100610179656,0.3617334020947191
0.4108641418544693,-3.7851806326651207,-0.9891318190299518,-1.004824718033981,-0.6450204668305711,-0.26157515601635734
0.3571227771449631,-4.068884062268176,-0.8976202757583913,-0.9337580221617766,-0.597768943145072,-0.2119908778933473
0.43155820071798645,-4.091870705796521,-0.8852979637736895,-0.9816452851827161,-0.6049527312100079,-0.1946468060955282
0.3934593726826746,-4.172572514018847,-0.8072912219655151,-0.6167556388873462,-0.19344678709440735,0.26329031778850603
0.4241280532339352,-3.889255180061107,-0.936635967817939,-1.1507990325246917,-0.11139035252987042,-0.2261837108946711
0.36066201571636103,-4.0235059642281135,-0.8889235463364658,-0.9551924900151569,-0.5532814583082704,-0.23321023785480344
0.4684476200685119,-2.932533673076972,-0.9887952367871349,-1.1226093483654291,0.7568632814203109,0.8910990383280232
0.5020636933717726,-3.4127637894320815,-0.8202983722409223,-0.7736300402064774,-0.12446999229687886,0.0002868192313596687
0.47276450619600285,-3.545865244521608,-0.8102143545098723,-1.1149261770557182,-0.4565144522394759,-0.4350669002290681
0.4099330604758876,-3.3593397981048287,-0.8415496775929594,-1.2681436207189876,-0.04083852017221582,-0.4003665561282604
0.418770807438109,-3.328180469966881,-0.8523729516272931,-1.3135518394691243,-0.0024718251863652687,-0.4227291576960867
0.5276320473894006,-3.164162874656144,-0.9534162256322657,-1.3137887028032547,-0.00937533070436166,-0.4718911923348011
0.6144116000027167,-2.9821619419030325,-0.8449773584504059,-1.0778305589451107,0.8451176880021901,-0.04670636621476786
0.5106138275153902,-3.1652402633922923,-0.8524292990250311,-0.8057693661493378,-0.030020624266232393,0.7819869911649969
0.3892010853152049,-3.4211652262884926,-0.8953351013281512,-0.7093046934270163,-0.2235397615752204,0.9566090225230021
0.16747736029263524,-3.561295969653923,-0.9161535323035965,-1.1477923495100428,-0.15636979846518187,-0.2700359907943961
0.22984082616796284,-3.6321922398017135,-0.9596970427046716,-0.9760620797230657,-0.6467415244320035,-0.2872892096639824
0.3068960799141803,-3.170343815831331,-1.0369858197662505,-0.7618280904360382,0.33121983762062135,0.7892839180280067
0.3912556750392199,-3.2992972257316744,-0.9335903275778228,-1.3108399898658532,0.24328297344679128,-0.311405203229663
0.21080828974856455,-2.8546837560377014,-1.0962333728302867,-0.7499636285241547,0.9029105707736969,0.5791802695542746
0.16937812759536827,-3.339425682083492,-1.0329264830945104,-0.7541484551913363,-0.3200824827819144,0.12632951216400193
0.16501574919962322,-3.522182718352961,-0.9991913135302561,-1.0361096582389684,-0.6716434698355614,-0.3020127296101903
0.345267756834464,-3.321151977439641,-0.9825588856510424,-1.081501169785142,-0.6447821777252416,-0.39476610418656455
0.49484925654873185,-3.2699644214077574,-0.8740606435459323,-1.0965792465913144,-0.5399047474312221,-0.5180965577000639
0.6318653376468583,-3.1170315696217967,-0.8667676363872793,-0.7746633861184142,-0.1995606118180106,-0.09554229406627496
0.6399793459125136,-2.8301226914921855,-0.9416909101932317,-0.7834698282411435,-0.26662748448688145,-0.16158340633195986
0.6047397038158149,-2.7418548011538313,-0.8931120570554051,-1.1878893213338093,0.02535678756841956,0.08212832809193474
0.7082011783463156,-2.2625628355231355,-1.0521233062773967,-0.4151230852451829,0.1678868621968718,0.8632551729196377
0.9527835627425479,-2.4055433972292177,-0.8635265515208085,-0.6567364795567591,-0.348516190803912,-0.15660329841649043
0.7601676482557821,-2.512627703968625,-0.9608258756652913,-1.0264226191231158,-0.7329252292249557,-0.5041952331415901
0.4841117711389004,-2.4039878237854944,-1.202176046326675,-0.9427729955174828,-0.05017662687572145,-0.030308377966665696
0.40053673435906173,-2.654304610349097,-1.1684122122976905,-1.0835110210897478,-0.77234427862249,-0.5295888283803175
0.7456854959396726,-2.227082114542107,-1.1036340675952678,-0.27373943468423034,-0.08564062904029567,0.3853575988506172
0.8106815720700792,-2.052067580096711,-1.2025766217033385,-0.297927537247465,-0.10472153728414313,0.3406617824317646
0.8364730360787589,-2.032671765361849,-1.1875220255594598,-0.37530145832990053,-0.10844721687708975,0.3612773982778286
0.913931358823401,-2.2092247657670563,-1.1173179149360477,-0.6549918512132381,-0.4529792622755942,-0.0793926849891141
0.9079237352788154,-1.8376260271934628,-1.1591191699930918,-0.24978538087170954,0.08290295084333378,0.9730044216967371
0.8239652196441027,-1.995592512156104,-1.136823688350013,-0.34968716778429526,-0.12899641322656696,0.3597014350795015
0.9529932347553134,-1.5497877298631255,-1.1457573527899076,-0.4518839543461723,-0.08753870561626884,0.190548115634315
1.083336522593718,-1.3038314377099125,-1.0259318048462887,-0.6147543879914542,0.35541065525777504,0.15404456727724883
1.1725408657034275,-0.9744370092360537,-0.9991651139067665,-0.8421869405246454,0.9328583596531489,0.9476737505603091
1.1610296122968455,-1.0402938082661155,-1.004621918913196,-0.41229010583651815,0.8258591491717648,1.374415759965802
1.2058494241019357,-0.7633487455121396,-1.0563827409526925,-0.5705456807572377,1.25224592082909,1.3716757058866538
1.1545327712881397,-1.2878883525549856,-1.0148425569516148,-0.38198446005304587,0.1484444628872178,0.7497054024492174
1.0715882698626575,-0.9413881399057281,-1.169082321561746,-0.24887858414101713,0.32164237443665034,1.356941051812047
0.8926213091827004,-1.4607112528932595,-1.2114184203754759,-0.9956009444225551,0.4091805728171742,-0.15846790976547673
0.9837019827133959,-1.8245703575796524,-1.1351658265064657,-0.29819980881125696,0.09192708197320873,0.9540626320375948
0.891304614315791,-1.1795523266666228,-1.302707361099327,-0.19316707205317882,0.2777672274792505,1.4790383321390206
1.0366990557937708,-1.0398636469994889,-1.3396426969142634,-0.19626268948003298,0.2043216172427679,1.4705227478173912
0.9145324121661422,-1.636348284012142,-1.2361075814282498,-0.4583821177651027,-0.21013725056005575,0.3058863399658899
0.9846994380035126,-1.6341353638083393,-1.1063104221977418,-0.505596494419701,0.5106407690474031,0.9966534935032247
1.0045719551879229,-1.3170764925954237,-1.1736380773802775,-0.4246202723388545,0.7282632636287172,1.5728325361440985
1.1232470920292656,-0.9318707438692221,-1.3446466739228977,-0.7400532120253344,0.8370700838785297,0.8885088181124663
1.056515783680972,-1.4261080370236627,-1.237075218950212,-0.42681295309868456,0.011035852451011113,0.8943427409111578
1.117373053165319,-1.3792161305472748,-1.2074553584713255,-0.5187212238220594,-0.1789511466051269,0.2075785017175612
1.0055044482041187,-1.1227005724327468,-1.1435316080100157,-0.34955696424662,0.35578336368761526,1.4231337163132116
0.9009110327169325,-1.4667819877634356,-1.067390516628166,-0.48016420802483484,-0.10242249637732007,0.1992680534552903
1.1711978799441096,-0.977669342137578,-1.0653118910703863,-0.23503138601883689,0.22145668609818245,1.3838656241156033
1.1634142623044617,-1.1613526029095662,-0.9786658546229421,-0.25934338548500924,0.27769126615594997,1.4125995247351766
1.1425769815388194,-1.2117865490836197,-0.9857785181958021,-1.4392162270704179,0.04945347874026428,-0.7318137145202828
1.1184738332341981,-1.4420566949058857,-1.0098706325910198,-0.5496313691327542,-0.09517819862804974,0.167346276050899
1.0973487660325947,-0.8989127988163652,-1.2903002680297166,-0.34933965512833376,0.6115278699300614,1.46348642944228
1.0003287184649927,-1.2226559974897517,-1.1970825984483635,-0.5338935589798147,0.1076606187360109,0.3048281778151855
1.0320258966580724,-0.6720939705576658,-1.1971045235236586,-0.4055792508525085,0.9612773635937121,1.5316085340604544
1.100013138730123,-0.9305624906623131,-1.1994054908567113,-0.2654565321660799,0.5152159683700057,1.5426638197088796
0.9674505080594402,-1.3951664261926784,-1.1763733523664432,-0.14373971060594437,0.16431529443640147,1.5722791800864595
0.9584249274628531,-1.4244474171130863,-1.218098425206764,-0.29116427444813253,-0.02675723902718442,0.9236030185636673
0.9802155792476297,-1.0399428257876302,-1.2977692648791803,-0.18489934758742302,0.1351231110911195,1.5064365394625572
1.031139628195181,-1.4296003429078372,-1.1367043014221296,-0.2016371122101635,0.6223956145397908,1.5954122227223773
0.912994349678569,-1.8596708765808392,-1.085606461825026,-0.47187897834138776,0.9005642633501063,1.0887056822761976
0.8072592040399166,-2.3385419054236234,-0.8445172621037301,-0.43798767196454264,0.5034470213716635,1.2585432305511774
0.9497191243881705,-2.503280627531721,-0.8283541968765714,-0.413149422675684,0.03063240553957792,0.3844829181264496
1.0793686054966134,-2.137631370256436,-0.9383187271408701,-0.31893383159978783,0.2090923162235172,0.9420365817262488
1.03217840461202,-2.2622593006835103,-0.6879868526154782,-0.594403604414206,1.2252765355098436,1.0218688444148247
0.955265589232326,-2.8582081129978234,-0.592396344888076,-0.29878033048510994,0.019197073119884757,0.44892118199412856
0.8048604698240577,-2.6075602930379556,-0.632079772267131,-0.9034267216209357,0.5779766690690399,0.05455790138345989
0.7431609064406133,-3.1072619022863655,-0.5902037358429288,-0.8678174721698644,-0.6466707823755703,-0.3984723915515491
0.44607498364363335,-3.3518024362448617,-0.8231278984563805,-1.0444174905385515,-0.7660405603470457,-0.3614624769145317
0.26978412507700095,-3.51086527316056,-0.8226541223527775,-1.0770384748593755,-0.7467247302731939,-0.2612169807528994
0.3165246074512757,-3.4066646589641802,-1.0029036211749804,-1.193027532621955,-0.7790775094235329,-0.2711916546981164
0.3062218579028517,-3.416762133338204,-1.0273720700678735,-1.144600625006185,-0.7689363275993528,-0.2872910006196066
0.5707421432192703,-3.232899563199788,-0.9789514048533309,-0.9580315106089251,-0.6692477512895744,-0.2943637098172035
0.3651185472914955,-2.988946465875462,-1.16631943137063,-1.3528280570139422,-0.27325054375529956,-0.3671385013774987
0.7154777037530352,-2.70013870204159,-1.1748691282080188,-0.7577169149751181,-0.4196846225039922,0.0654494999208278
0.7419006999001486,-2.5846207760630233,-1.1461712666632597,-0.6900673180798576,-0.48931099814837153,0.035463053335583083
0.732405767679126,-2.6421734035823623,-1.0854027701149793,-0.33730108998254854,-0.10978971062534616,0.5244414847346002
0.5533329842257739,-2.7730735446612904,-1.0771942286098155,-1.1754177115778208,-0.8376729660715363,-0.4643287791107827
0.9031534161922471,-2.3110547116349625,-0.9147519203732192,-0.7976125652484004,-0.30523545959885157,-0.1265158847189204
1.0617231310850714,-1.9664757952766818,-0.942569445455123,-1.1878937274317511,-0.7471430014731433,-0.651830557980541
1.1921353963829207,-1.6990487779828722,-1.008802229565317,-0.8701820621000376,-0.4873101262461211,-0.22159473939539887
1.238482324570764,-0.9214316329904824,-1.1873526166307855,-0.7788563451959575,0.954120641692494,0.8115218053959826
1.2183447179299776,-1.4432752856522326,-1.1797220982482364,-0.6160375796970187,-0.08591569260060303,0.1462533033184537
1.2339270458252263,-1.0534184023801545,-1.2137181890970978,-0.36605622135967986,0.3217039064415042,1.3819403467137128
1.120021656007012,-1.2840175678057373,-1.2370829922346358,-0.6845349813317189,0.2351238303633101,0.2406033349910023
0.8292518437967247,-2.4258183395599375,-0.8930326768408267,-1.044222004043185,-0.7757269207596594,-0.46820916973141896
0.8296666445980303,-2.463204231003967,-0.9476131044006907,-1.0607192250311532,-0.7665374596534413,-0.4693274138701185
0.8662887098369575,-2.0212120120733994,-1.2085315553253069,-0.8366868181914622,-0.3373332743154701,0.7230446811178503
0.8614713661628162,-2.030811942435889,-1.2120002108874532,-0.8822347596289104,0.0006508805458674868,-0.050360058723131394
0.8394172790472127,-2.1771717431235587,-1.2339177707420415,-0.758683485497853,-0.4206701438702448,-0.03811400972333781
0.8948166028436314,-1.9054975849582712,-1.2679756633685066,-0.5883499195700169,0.3435543817881204,0.37057195378942354
0.841116861191868,-2.012379867492423,-1.2623808415984892,-0.9204438573723825,0.020129368496433046,-0.06787555440794053
0.7051880803164786,-2.3251186351849378,-1.1605299122306996,-0.6676262925354098,-0.3328929841057665,-0.0654493016580064
0.9957300232149171,-1.4385739763400256,-1.315967421027146,-0.2961194266764256,0.14917141635334832,0.8278001447680493
1.0718128757386671,-1.4938327725944784,-1.114794945359921,-0.4846837484418193,4.88957226801978e-05,0.13864064317397004
1.1927818624709996,-1.32862396154499,-1.0677454830290676,-0.40436726308106147,-0.1131822760252936,0.13853461999542974
1.1373905527535368,-1.3003332553942155,-1.0318082869994174,-0.44147340908877397,-0.1304765804064738,0.13707987625963347
1.3387963103273897,-0.693914188472963,-1.20124331382253,-0.5161316832523993,0.41260920167978876,0.7225943647831337
1.4624439277807524,-0.7029178270854861,-1.1988084374799592,-0.31426628453137695,-0.01505202252080518,0.705382723286136
1.5673720325669247,-0.6016011078746489,-1.2624030535816306,-0.22903544553581126,0.2608352797634844,1.3230633905307911
1.4185117116776345,-0.1058984695266284,-1.5545955210633866,-0.4906773636614164,1.0378715522337572,1.378435827449828
1.4250461522335522,-0.5224616426040449,-1.4533634971789386,-0.2844149487180358,0.5538501528409401,1.4684754511631366
1.173947450720841,-1.279880920576216,-1.3539188695716524,-0.467493729160763,-0.3136017524915244,0.2700486713848606
1.2392124782391587,-0.6381611853171661,-1.4809486039022406,-0.19424816209641094,0.07185670107242473,1.4218672771539393
1.116491476945224,-1.1218099257880778,-1.4396370873099826,-0.7326761839823623,-0.6677288325091141,-0.25909368443504216
1.1770916948515877,-1.150414048794365,-1.438959971116707,-0.6893691994678756,-0.6491564154962463,-0.26971658307756313
1.2194223208984756,-0.8436303138841913,-1.5084041975490727,-0.30448372671699525,-0.08306064018505668,0.7704193586113899
1.177535232881172,-0.7714483701780314,-1.5350811229987722,-0.23124899237583144,0.14330299222223822,1.4018292994359414
1.0606624777776275,-0.7197482688025539,-1.4968982378019728,-0.6265301165616816,0.8348895859285536,0.8405088915183726
1.3674062501648314,-0.7570495366823791,-1.3186492243990438,-0.2630808888616446,-0.018806173082014075,0.7651224835552904
1.4817511625879396,0.28402586817145686,-1.345211664047073,-0.46149799979876793,1.07070952532739,1.2545833208034722
1.5790879480058149,-0.06631260167348582,-1.2521087736943974,-0.48015363660231475,0.39118176308627284,0.646146623867335
1.534005623053951,-0.22653744379419272,-1.242520380932278,-0.3259005768436227,-0.04320200959344567,0.6356492563261322
1.492977005330787,-0.8223460136973558,-1.072912723132216,-0.8029467898293399,-0.45820963321429575,0.46147050192905403
1.524365062207357,-0.28705833347815013,-1.3082194713999455,-0.8199336830999714,0.6246306746206935,0.09194886737897617
1.5089313137378397,-0.46179077114122546,-1.3174817759266408,-0.38315147249559434,-0.0418465146710045,0.6898281523244343
1.3849154448278953,-0.3672010187208562,-1.4132658550966182,-0.18426135366463817,0.05881084274054648,1.3842995598247776
1.1659839798994163,-0.5468696999857393,-1.620418567423721,-0.6901205062471929,0.0402291231484321,0.14585060010323345
1.2907268088352495,-0.6540839881667442,-1.606727055491573,-0.36096823084439444,-0.1444588816946683,0.7978731622823365
1.2890235778856105,-0.7671663039262642,-1.4801036087638277,-0.5210521074063813,-0.39558923065844337,0.2077986161031311
1.3465885082502693,-0.6298365484672988,-1.5015774818131453,-0.5207491252607562,-0.4252430546544895,0.18566766669420798
1.371647324909722,-0.9473395061484475,-1.4862278958397463,-0.7566516410233092,-0.7316575124380446,-0.24223693977200791
1.4401113018207803,-0.7396911233951865,-1.5386007058912174,-0.5435785078115757,-0.38182604618187477,0.08108332697560397
1.4899665578256676,-0.7300294042006321,-1.5693415956784726,-0.5439947534555744,-0.34649176569633766,0.0648974707381945
1.5224284896969391,-0.8206712223009084,-1.6674469456472782,-0.9894405490140512,-0.7769239958778597,-0.16093029738068784
1.5398798141612347,-0.4874731255209949,-1.6532287525831284,-0.7178724059892924,-0.12674790034163555,0.7726646487100093
1.5783617653155717,-0.7997550141936653,-1.5153660289174717,-0.9527919390070545,-0.524127755407902,-0.5073932470771929
1.763295027152503,-0.23689459045201325,-1.6712056454261381,-0.4679120499951389,0.18802068825907953,1.1302779514236367
1.6983557158231772,-0.49895193487890505,-1.5579623040442006,-0.619234113444339,0.05149182838383511,0.5096720459261154
1.7573752700907979,-0.435769905639973,-1.4579305297280023,-0.9822720326182509,-0.5338089294856383,-0.6259179536872367
1.6717540762343555,0.2125001470521163,-1.6935569098728969,-0.9455737864423029,0.8946410529375072,0.502851616992867
1.7012830192858253,-0.2312214268718983,-1.5362973327630873,-1.0543307787007032,-0.5244782818467866,0.2377173965711053
1.604008228458972,-0.18970393680321154,-1.6687056951929893,-0.6537857815246835,-0.33652214300199085,0.7987906836104774
1.673813300685513,-0.41623780246749253,-1.6620012031485396,-0.27530110274459385,0.04145741793633547,1.2931802968097643
1.577474342911259,-1.1141932697912749,-1.6128875816743458,-0.5701269077142359,-0.4221194169417053,0.14765536321538203
1.513910465095533,-1.2515030042526858,-1.586563237851038,-1.1827598365733194,-1.0904286920583834,-0.7600298571036485
1.1001035788139228,-1.4447733366346385,-1.7930696390606045,-0.7071652890959674,-0.39600220119480584,0.1866327920287636
0.9802057501841444,-1.600429001097915,-1.7174939706824255,-0.8663122798880243,0.23554719345608272,0.21584327340135126
0.7064195807540768,-2.058418888091137,-1.6474128786167606,-1.2884810829607518,-0.9169775705605842,-0.628908955726528
0.7765510474516044,-2.0540743713026353,-1.6075664922614692,-1.2513681778780503,-0.9053830654653184,-0.6493322646524791
0.9188457020416196,-1.250441702780832,-1.704721020192862,-0.5238402430226242,0.620305269062985,1.4431960799754149
1.0886569020020058,-1.3097953469964008,-1.6848312860504546,-0.7579784356302611,-0.2287259362588618,0.08057595584290782
1.2022724967353215,-1.2411450205647578,-1.5517743965544772,-0.8005866862267947,0.4507587590787192,0.7265320056585313
1.1246474708481524,-1.159558668735137,-1.571775143640149,-1.2870482553931921,0.5957046494817743,0.2655423052618887
1.486756258873295,-0.7514982643458911,-1.431403825594747,-0.9201253787486524,-0.5746088671342597,0.3731132407551875
1.1559997882526436,-0.6049879498753614,-1.6193479425886361,-0.48318972006147903,0.09704787276981383,1.218411049703755
1.2718871232710751,-0.5635252677131583,-1.5039440728993487,-0.703282801789252,0.1729825070267509,0.008224578346696211
1.3575860536222641,-0.8057304980353605,-1.5033992974218404,-0.5271484804777652,-0.2881278130106828,0.006589295567032595
1.2472276244360143,-0.732555084801847,-1.6396041341082026,-0.3607912111008099,-0.21220932565990425,0.7319443759766541
1.1943885955261777,-0.39789664231886546,-1.6382423401669408,-0.6075976080133263,0.632985846601796,0.7690605257332348
1.0904375274616707,-0.7703747453938037,-1.6385036392628933,-0.7717314188443039,0.01464787939287949,0.06472593784099054
1.4645644993058673,-0.08996056061546406,-1.5029226321049212,-0.4836465023821768,0.8772289036031137,1.3185812718116003
1.4577897732598932,-0.1725230824638786,-1.4770591592685693,-0.8397916183317959,0.5557947119681323,0.8760604685044621
1.434959571063319,-0.7600281683461295,-1.5652072171025502,-0.546228092526303,-0.38678109697389873,0.082959516053869
1.404718612306594,-1.1314214655405461,-1.536914468941151,-1.122889765799342,-1.0634507774551811,-0.7866219008039266
1.4312950706653946,-0.8213821200057343,-1.5954671646761553,-0.5135742766310973,-0.41678127092100353,0.11332255833642108
1.6311636068159074,-0.1177903514380935,-1.7896921735060245,-0.30671821209011146,-0.10092888214610907,1.2779894804021932
1.5307111697516063,-0.22735870870904054,-1.7035923217750044,-0.6923928853122562,-0.4590377978592038,-0.039783722364864334
1.6776212334571885,0.005263000974882928,-1.7365283398024298,-0.7140090925049773,-0.44223264716222727,-0.14233332907563964
1.6975233728682249,0.2792106842375399,-1.5826488845024242,-1.142773856002355,-0.6431170912777459,0.15519655303943525
1.702871764040928,0.48647766553187943,-1.5828210669470566,-0.72078685464205,-0.2740678848980599,0.5603619691831211
1.6526218435940758,0.7636140585256712,-1.7192226509070514,-1.0888022967992113,-0.05814798075962891,-0.10285507029116525
1.6783369561811832,0.41796750919617465,-1.7538377089095267,-0.42855632586244213,0.014613724225646852,1.058857546345756
1.5969654468888133,-0.36034798504762156,-1.5825142108876584,-0.7566586901998789,0.09811429906949888,-0.02974206932599606
1.470258919294554,-0.5301152842893959,-1.7266725727469365,-0.5527547482373879,0.2669492224993096,0.7187786574898646
1.0671736237805387,-0.8626620029697112,-1.7320398799626466,-1.3297064423200755,-0.4328910231257105,-0.21458974152338037
1.3287269984254146,-0.6401715095430587,-1.6953670218519215,-0.37914753650438093,-0.1736538313381303,0.6951545647159993
1.1856441456577558,-0.6561388251803675,-1.7804749999683014,-0.4367264576819788,-0.0009256535815623149,1.2880588848057242
1.3898205096306027,0.05569081143644211,-1.7671906084084734,-0.5185028382513328,0.9656473988645065,1.256709229939618
1.378526325337172,-0.6564484602371361,-1.715429005252552,-0.35701204306307216,-0.15491645405124274,0.6885455421381914
1.1620895858432216,-0.30980942567870096,-1.838961844764447,-0.7132238081229015,0.8792422402318674,1.308226807587607
1.172360755234387,-0.7992931881492722,-1.8806030795023738,-0.4409751002184021,0.008596396116366376,1.291881171627202
1.0569467005054496,-0.8640007110688099,-1.8576795308584935,-0.6158510241317433,0.5616076435240124,1.3390620407354397
1.247229163785615,-0.7397984957882829,-1.8004100158645797,-1.068419165202835,0.25782708203181004,0.7643367813067737
1.3109952880955829,-0.8034807694803456,-1.6176757958952832,-0.6602276520373006,-0.08935778833409556,0.5681238722533005
1.3017806380712709,-0.5586119285408736,-1.5715110936578556,-0.5061786739834085,0.13560225438449414,1.1606767644051985
1.3152446870414556,-0.5481797138877836,-1.5554317757538543,-0.49776066980138595,0.13130769561863614,1.161635045265295
1.4575955005417738,-0.8992470282153531,-1.4199834077885178,-0.8610079451635614,-0.6300379425974264,-0.4514023508527117
1.541299361091411,-0.2227217701501985,-1.4807112084277774,-0.7248960446275248,0.8244904217129904,0.588234584509444
1.5351060364523463,-0.3348529455728241,-1.601299693620289,-0.44453104410303357,0.5649069942068423,1.2392591997332802
1.1424888758483547,-0.4729488673174478,-1.74468476023896,-0.7519770929775254,0.6626348420141661,0.6760756908993975
1.3418173065204673,-1.0746323101666904,-1.606820998547569,-0.7610581793339434,-0.7679543652647047,-0.3219409395789352
1.1522379492545343,-0.7367994281162975,-1.830228699863371,-0.37355929623070644,-0.016262177961668334,1.309689615351064
1.0379462569937787,-0.9136239830534763,-1.950757645919139,-0.4925909056900744,-0.22057673761206292,0.7051444505202077
0.9262401349945095,-1.1204953736999304,-1.9659164183933233,-0.6185701089686695,-0.4400907017872495,0.12111109098554304
0.9976186713619151,-1.1204774581860015,-1.9140670504426758,-0.5954096609142095,-0.4680879476637328,0.10558828071929936
0.8887815461760695,-1.1979814978676162,-1.8344997676348067,-1.3308872611714044,-0.6792681564125816,-0.7576883438029559
0.95598427770584,-1.1474531002504829,-1.919215677689551,-0.5969788935909626,-0.45689205780288883,0.1370793897923213
0.9411774102146186,-1.4175866119989065,-1.8191118706218037,-1.2532940012375406,-1.139760446740288,-0.7332137671009913
1.0581015986636768,-1.3562148310906221,-1.635864558068444,-1.2885755863685884,-1.0641992521370114,-0.824541848301257
1.098845389243474,-1.0527640027804999,-1.6023571533927463,-0.6965911111292021,-0.3643164673955772,0.019308978152416514
1.1477137523128942,-1.223384929847549,-1.6402621462692155,-1.305824181514302,-1.082037855711694,-0.8846204085586271
1.074895553190742,-1.085998968955481,-1.5909584051776215,-1.0139018839646774,-0.7378273356939348,-0.42716184946634567
1.1367135498655967,-1.188863199050356,-1.6234567102932238,-1.2239884191592685,-1.0889861101067735,-0.8765606325273142
1.079284292321636,-1.3385722733982919,-1.6111135219804362,-1.2619377988393583,-1.0214892442355386,-0.8530073299964819
1.1255715538783981,-1.341699148226325,-1.58464117614794,-1.2901092635428169,-1.0048653498753506,-0.8643681001362684
1.072623905288029,-1.165199805385304,-1.7902547298952192,-0.7316250226721319,-0.42678167667703515,0.10875369033986025
0.9742121390782502,-1.32297036747229,-1.731909503302888,-1.126502798386313,-0.9744437611435744,-0.10938368511946676
1.0287884698573295,-1.2417096254144704,-1.6748544058338215,-0.9135735494700241,-0.7485249800974132,0.5215199433620523
1.0373495626476097,-1.1990099097651405,-1.8115377260901755,-0.5863900987810848,-0.5023304170289492,0.15266617719952894
1.0499568634864422,-0.6767936991829098,-1.7130018312713375,-0.403156446514207,-0.06797786483193649,1.34878580629872
1.0173824595387708,-0.6501330904668499,-1.69650079636461,-0.3830316294694005,-0.04453299470494746,1.3307745412656924
1.1057454909666937,-0.4807947305603989,-1.675175433013784,-0.7761826614785627,0.6399156752365545,0.6812691803218103
0.902413162637953,-1.283444031827382,-1.7611961680966892,-0.8805751292136186,-0.8025862340760608,-0.3091209794044785
1.0129210283334151,-0.42837222721717416,-1.8403666929674976,-0.7029019538530368,0.8409460377057023,1.3536158075242481
0.9987504380297485,-0.8587769089881006,-1.7562220599423983,-0.8704448508767951,0.030562499024832903,0.04722687958593905
1.2015389468486113,-0.539704327301384,-1.7905633105126464,-1.2242617613411595,-0.31592605965622905,-0.5491964369210107
1.6672724814218662,-0.25582510081195364,-1.5912492620895975,-0.5793430394509936,-0.48357192053570985,-0.09133442859219168
1.618719048246127,-0.43027064535808424,-1.4215331041662234,-0.42282508602682883,-0.13817937962351381,0.5690063459141687
1.7411945481312883,0.1017833559688472,-1.5793600261198586,-0.6292833020895253,-0.4135200233002833,0.6572904198824492
1.69191377428986,-0.10649689788086074,-1.6042871139281938,-0.5404180555085684,-0.48461978673744743,-0.13769450239804693
1.6740516390883893,-0.11134865824800737,-1.6101975978531107,-0.5434973680168841,-0.5212043693186922,-0.11522736732724609
1.5392527591878753,-0.16813176547624215,-1.7401919871755442,-0.4821366707752582,-0.5741208503247439,-0.05500629003727184
1.190849996266015,-0.09350763261329047,-1.840508120852916,-0.4967734138081723,-0.4764085332351509,0.5765648082818072
1.438787467458108,-0.1409504680421621,-1.7480046907923539,-0.4435326195776597,-0.6340337127557868,-0.005519112338413229
1.4703189408868804,0.407167199821751,-1.7958116683285414,-0.6161999060341837,0.4910252697092215,0.587895654649796
1.4241367169294954,0.1335736971234475,-1.720784524751878,-1.0406944905938635,-0.04772533037674917,-0.47671734642551866
1.4060285275039723,0.3819693856724008,-1.8404106824797004,-0.31984273126943524,0.246455052350859,1.2084021600947952
1.3726206305206257,0.17305855351332686,-1.8569958783584,-0.16987121047191794,-0.2051975212141803,1.202917638424116
1.3323174801846458,0.2383571432101675,-1.813905928285693,-0.7295953290694709,0.26827616193234277,-0.02356705612088266
1.444920737604409,0.6465982586282947,-1.8314341160827088,-0.551825193045025,0.7141239910748287,1.1867624332313977
1.421649964136317,0.04217404880910232,-1.672361200208832,-0.4521040202557359,-0.5671370309843216,-0.07245032961501587
1.6783914316581876,0.8882547747483885,-1.6866893626847728,-0.3039496545745078,-0.16530330000052304,1.0031965459272356
1.708936553291513,1.1826059347881819,-1.7956065056215964,-0.47067276757948906,0.24229480161601244,1.004997216818372
1.738163867894925,0.7969344991756835,-1.5745072830391815,-1.0644591759479414,-0.4293804000314687,0.14335049713615605
1.7870646759778606,0.7271211418534471,-1.6042793461257667,-0.5792562113286721,-0.5563390447031276,0.5943622271057117
1.8028915318398042,0.8919318170583515,-1.5952757972652027,-0.16501685813348302,-0.22071113099651815,1.0155450935466483
1.7823912796124424,0.6214125580818172,-1.5159607396440573,-0.7662881176942694,-0.8758505342365468,0.1214385310616184
1.5772760773083783,0.8608411654218786,-1.8309242357668252,-0.6951654038553685,-0.18741305958367743,-0.1832562847761943
1.5868669673795393,0.8900288955304605,-1.9491809102916413,-0.3202577444078572,0.12278796774111865,1.1838050296955767
1.4922013278725583,0.6948104521451044,-1.9642287056330474,-0.5138028408263111,-0.1008345198614175,0.5884146740451874
1.4498694535306023,0.907852935958964,-1.9902979503216436,-0.21743896355418557,-0.3423749725663611,1.1498862167367947
1.571011672009644,1.1151004118841845,-1.9639025381551494,-0.5386952069589341,0.5701731646745967,1.1492225999092853
1.5203459209987593,1.2699469947257,-2.034045868675648,-0.58545718447515,0.5461736274171964,1.1345788908353858
1.504380354539584,0.9291934177698293,-2.0975547776726837,-0.8964507950266671,-0.4707891755169902,0.06976078252525428
1.5349620590643893,0.7911672133683577,-1.9323367891771819,-0.9462577463736792,-1.2799372832663574,-0.4171959336970839
1.4804520706692148,0.5846827197627881,-1.899050674063139,-0.5303312133043067,-0.667753100836942,0.7429921826592099
1.2281689645320504,0.3054592264213122,-1.8840911052261522,-0.9914099857727865,-1.4474330517918397,-0.9575945459693133
1.5121191469113946,1.2437514407386483,-1.8507077948331287,-0.7531589274267352,-0.16331904743873213,0.5735946337256689
1.486167386246164,1.1518079531482819,-1.871864526273947,-0.42260318857843976,-0.4896040301165516,0.36866951129978626
1.4561856474874006,1.0313721306080614,-1.9247690966322024,-1.0443554349558057,-0.5467155151989946,-0.6991757305309042
1.5457060079446872,1.6186049252828638,-2.0614375616064806,-0.47995465932350323,-0.2617442598741361,0.8970064243041438
1.5449217152047563,1.8269644611623161,-2.1001233707953655,-0.6538978038623525,0.18017606902501213,0.915418246060731
1.344573083177752,1.3725190045297775,-2.0931164437621628,-1.3088442620817615,-1.0608233112454524,-0.6648791589357127
1.3629819152644571,1.3020389919084818,-2.172093717235535,-1.0916612756387405,-0.8540493596357682,-0.01150039166300354
1.4082884642615934,1.3950000625515997,-2.2867843368275587,-0.4100452470635588,-0.2769636399947309,0.9789919913738953
1.3776825442290836,1.537352292011803,-2.3846379261029576,-0.3922806126249512,-0.2995234204041384,0.9718449462754143
1.1719159995214803,1.2595526716178798,-2.246917090998887,-1.479640267175634,-0.22075843172855356,-0.4716207312344219
1.285516934824843,1.2808792447681567,-2.3286059505231322,-0.40741567259919365,-0.2719392633352929,1.0490465740619739
1.2764243577995336,0.832559029959798,-2.155653167574182,-1.0729610556102929,-1.193023067102307,-0.4398395381823458
1.187897303377851,1.3822479081896415,-2.187449084984945,-1.3075425455137308,-0.10166047955770359,0.18569014718788016
1.210241386346799,1.009897952123432,-2.163781722857735,-0.9717899098646564,-0.9899113623846064,0.1810465522458379
1.2781568976259756,1.2169028535074806,-2.26577864210626,-0.36569982639918064,-0.3501011240902895,1.0863994411561033
1.3335025039489679,0.9805454306585786,-2.1119173383042154,-0.577493596801887,-0.6642592773496723,0.6482857854744536
1.48375232871056,1.3820156851318104,-2.0323180634265063,-0.49670734339139294,-0.4809389436814952,0.3300691953359591
1.446735782668107,1.5451205729756705,-2.0811043977962234,-0.8010664763956866,-0.5753606772732426,0.453194103247628
1.3667500898809275,1.448866527541885,-2.051162362004087,-0.9475311674266932,-0.06575136889961927,0.5004302897007014
1.3087873423527598,1.0690420987438674,-2.1276464638743455,-1.1678241625750856,-0.4458520179028994,-0.7417708745678658
1.3627107542958312,1.815146103600265,-2.346257622949179,-1.0976285073238408,-0.9779069517001703,-0.09201205733287962
1.3066520985453378,2.0748379108507673,-2.278264693395875,-1.4431693304410043,-0.023031507735915054,-0.06738822548109338
1.1950872580242922,1.8311249752445138,-2.216708222156721,-1.3452233945402883,0.061701441343016215,0.003241341652389165
1.0872871494386227,1.3374931958939202,-2.6658093967998635,-0.46876336890284426,-0.17536543557713227,1.0072100993762725
1.125620940159085,1.5605787206980062,-2.569266953375294,-1.0065332332328065,0.30222875607164884,0.6023899022145889
1.2191829867036248,1.5769623224993645,-2.4574111498438582,-0.9448823366701882,0.2559147295729464,0.5820910059521831
1.2239829913800102,1.3782766413437442,-2.4188810328052,-0.30151430846552035,-0.32257476239768135,1.0258906014058504
1.2416926253282108,1.7558422683799144,-2.418532757243458,-0.6365658339309217,0.5831439419303865,1.030195751485794
1.3277783629864521,1.514974454589878,-2.43635213464557,-0.3947566558969499,-0.3577388349129489,1.01379583203736
1.1932788206687288,1.5193052441546515,-2.484174192968753,-1.352537011566398,-0.054254099354921224,0.14756826896838204
1.1751923310068961,1.6310856455767473,-2.3742767468859403,-0.6460072781317017,0.6122755272156275,1.0826306927929052
1.4417587095725064,1.3074353614106686,-2.241482568772506,-0.5001430959756362,0.51075298991484,1.1481562907478016
1.4921811545053636,1.0602300413073935,-2.0693630010911357,-0.9825727511185481,-0.5329277408880002,0.15832415138075467
1.5643983468969809,0.3557270169047752,-2.0943710983560813,-1.1779783326476325,-1.311914411824016,-1.084406816506071
1.677810375248855,1.327714439177553,-2.2277623638995725,-0.6373743870435872,0.6617092329053929,1.0468460824519237
1.6376639173640375,1.0283073655047568,-2.178880830115682,-0.7592364533396277,-0.10019236751793643,0.584282159483863
1.6274368281445084,0.9854406775532888,-2.238474048443063,-0.2966381374756779,-0.19931104262922048,1.0144875819766144
1.5396998762527299,0.6638723918342613,-2.0964656110199815,-0.7907828239506199,-1.0201558272035065,-0.6476745341198807
1.5939480424570234,1.220409072739751,-2.0444818148460544,-0.17591531992427384,-0.2990223984849375,1.0118662670052507
1.7332705621679996,0.9043238822613225,-2.3026542588731496,0.018637907989321172,-0.2889564729798213,2.8290705936283214
1.476879440253312,0.1706509507975681,-2.2029610336671865,-0.2777300179547636,-0.5555972800864007,0.6357782426899025
1.2380262849999155,-0.5301147805732949,-1.9795683027012536,-1.000710656989203,-1.2792278089343505,-0.8347088055183806
1.2628214353038372,-0.19727124949732538,-2.0077729281029617,-0.9130426523645885,-0.49884471332742564,-0.3906317124816279
1.190956736570568,-0.1512315780000763,-2.110014269516198,-0.8135311422792676,-1.039228033344782,-0.398423740628225
1.1460127853297506,-0.2509974125889606,-2.0870415475036626,-0.4556229403812916,-0.6276112986198222,0.06839043622002959
1.2000631294051893,-0.25488523844959177,-2.0746614575455364,-0.8793380878756104,-0.5183990951684402,-0.3854482298397563
1.3526148413412316,-0.29030389624263314,-2.139080195415843,-0.9568103265981037,-1.1360543272518597,-0.23064910199538852
0.9648373803992799,-0.5155427775695303,-2.3294171775054067,-0.6399637725031635,-0.6324765367592747,0.03369888689411444
0.9661067499464019,-0.5024948976772732,-2.371941685357009,-0.8609488495864797,-0.7058064622142863,0.18760077908458095
1.063903360550558,-0.454741244444341,-2.220030339474394,-0.7175185400995678,-0.5118986052091561,-0.0658879325432947
1.0513888010630679,-0.35318344708214167,-2.1650847451587483,-0.9701246649607709,-0.6280661835150916,0.09151061720242741
1.3722965896552948,0.46208461811320656,-2.1110100169981836,-0.7161010013500734,0.8072089962254572,1.2015526956520193
1.4486306017717614,0.32001637686136736,-2.0587203568982764,-0.543985447609781,0.39072520189192794,1.1816732954589055
1.4989213569480424,0.13645172882591627,-2.194423986270595,-1.208281772981066,-1.3541610092949246,-1.0329510628218979
1.4826440000223307,-0.0685117745026254,-2.1606999586398183,-0.6484150432952603,-0.453774508078823,-0.10320152288948022
1.4484526741900303,0.43604841733905375,-2.3557746534591515,-1.309504188303401,-0.059460191191949514,-0.5387460327609855
1.251962435442051,0.0975721047899163,-2.4045457951521363,-0.3733353005272039,-0.17638283377739994,1.2717727111560395
1.1836800765681477,-0.1931548528085552,-2.472915649889348,-0.5447597842019296,-0.2153847711449463,0.6239871810577555
1.374154926611001,0.026854327351208174,-2.5652908457568118,-0.7036120359052995,-0.44391940946250624,-0.13248740663927863
1.089523936496601,-0.4745547201587991,-2.526070730250996,-0.8857637295073602,-0.3535989992538297,-0.10385819251233538
1.7013066000396597,0.7619480897156162,-0.904241216501242,-0.9976778094082456,-1.0386716021975697,-1.362626277363534
2.04642712550691,1.3707537573010022,-0.40820780716254107,-0.770511092744961,-0.8697583229950414,-0.14583187410022982
2.0821139231430017,1.7577299113786204,-0.5163439977434565,-0.05038025318955715,-0.2090845171644881,0.7085992823488677
2.0858447261568562,1.8421311772497508,-0.4483676195358647,-0.07465266683856717,-0.22611332917668567,0.6997443318968466
2.0151455107992837,2.0941876754443007,-0.5282682853558256,-0.757954670236512,0.36745644244870695,0.2691560566120683
2.0609606449021314,1.8930011884770008,-0.4757599395355286,-0.22526812349198283,-0.19701561535036313,0.6956149477641345
2.0317053597671433,1.6038456456345238,-0.3973912000261692,-0.8629898127658444,-0.8679867841491242,-0.1878088004904924
2.2353946346241202,1.4407058062453921,-0.33847051666479633,-0.47789253131601045,-0.6440902974671234,0.35610886209288445
2.2807260470181787,1.1829764015398958,-0.2005847975682698,0.005430947389541283,-0.2502535207780132,0.8653519802503866
2.326361850694249,1.6823733034835258,-0.2179448712181536,-0.8576492589901019,-0.0999071489511797,-0.09576297665288541
2.252039545723114,1.4468296226343682,-0.2078612527485552,-0.17992151984370439,-0.03287366847539313,0.19086189783093757
2.3195522047772177,0.9296259418927164,-0.1834755535040936,-0.8286031126910425,-1.4199412946647942,-1.311285174130829
2.4081028992733526,1.3608721342856578,-0.15287814677634848,-0.1263388283586769,0.2321580843360265,0.8386065810364074
2.207592436449742,0.651561312347662,0.05988709239311071,-0.13219547029358858,-0.3745308219672626,0.3030727923549024
2.2148178771424023,0.4955776073769565,0.08931950829428105,-0.46536456042781554,-0.7254449848753511,-0.12102043232886173
2.278286553133021,0.8232420621556513,-0.04281351188820572,-0.08843201749930185,-0.43461808705377664,0.27983168277166254
2.1376321966292022,0.3836574866535138,-0.0038398506839336074,-0.5655359196879747,-0.9056159288338452,-0.7393230386446219
2.3234931288627245,1.273596281254886,-0.18281193371801877,-0.009365881154954292,-0.25013385913394093,0.8445928166128281
2.2693468454840566,1.5860189968274352,-0.13112949571427204,-0.28972615094847554,0.6992821891624647,0.8473048394734469
2.353015189254798,1.553067017779485,-0.27854590657232764,-0.025533553469346118,-0.34621579090991444,0.8145386723011436
2.312173464108957,1.8933707102327828,-0.28414181768838237,-0.2961560832563335,0.5157134691907486,0.8339233026626576
2.2912094216811454,1.239254392345126,-0.19486193844985117,-0.10373654020400006,-0.5709110671818171,0.23859728608177563
2.358278492985505,1.5856913916018676,-0.25149054655253117,-0.19391534109619296,0.1068258246614427,0.8552729263157539
2.3400227666026656,1.5960329858973294,-0.3122691340991195,-0.7746192655560309,0.041564711125298325,-0.2550663640902797
2.366958306565627,1.447257257085052,-0.15672751315544828,-0.24846735190383343,-0.033386073375419704,0.1936966139378907
2.323655183206937,1.3108524058721172,-0.12690257923742113,-0.24684728648280044,-0.5540688004149265,0.3327923263137837
2.326311985757731,1.8114026127642593,-0.18049636363023344,-0.17997119022847968,0.6288251673584814,0.8039663701456716
2.2200355010780277,1.062327990980592,-0.06588014176263328,-0.27793405285919265,-0.5343806040641574,0.3858446082025819
2.230288857767581,1.7672398452034206,-0.24879734525583672,-0.21065292986093956,0.6324494356371054,0.8040896325268619
2.03900035754795,1.6707251385354582,-0.3109106901614509,-0.30978291419638476,0.7172624359290559,0.8279189703269206
2.2938670935225938,1.8089534623869403,-0.28440431591950993,-0.0877422197980308,0.16773577256328484,0.7581219552343977
2.33118034758114,1.4020572442338777,-0.2689278895269579,-0.0702140765567259,-0.5192570176955268,0.16813647808654175
2.257671157486354,1.6423163083095638,-0.1960459342214705,-0.0026505796483927277,0.2053127170298307,0.7889859305263005
2.274279192102935,1.6544499665416994,-0.22871935462000062,-0.037050351484793576,0.21445387270784447,0.7743838351469141
2.3483084546445614,1.8649999706313276,-0.2712488985069045,-0.4996382489089744,0.27770402996522076,0.32298513634948894
2.325628054912261,1.4904287396455007,-0.35230218067531005,-0.349730074976254,-0.6205369567430424,0.34390897538833454
2.320886213288131,1.8303355487418387,-0.3494751069121469,-0.2802256572240397,0.16746121094347097,0.7764158494584449
2.176121339506887,1.720019177296968,-0.3296256068736262,-0.10144593372791563,-0.2599789405937374,0.7440243589021651
2.2689890263563277,2.0411481971937615,-0.3482454037238492,-0.3941417302435331,0.65236528386472,0.7530170341239723
2.1789442918068156,2.1202268356352927,-0.3741105544237784,-0.3982442956640808,0.6726233692229782,0.7304561097524986
2.097214465126133,1.573102385684816,-0.34422002754003866,-0.7677533931480591,-0.8557531972809787,-0.2072726014772488
2.116252314910922,1.34953728507752,-0.39291005793828226,-0.5624967525745167,-0.7647684338939088,-0.30861478398230247
2.20605468257223,1.7142370836152683,-0.35902622828196484,-0.14618456738133992,-0.22870422966063322,0.7365629858804461
2.244784519681441,1.8356914057262388,-0.37365926488679096,-0.27513065035383266,0.20608599805306962,0.7494863503451662
2.172954063008326,1.7123986275191179,-0.36405363106802,-0.15394507338588728,-0.23784955714647965,0.7429648081157374
1.997099775937925,1.411148440150571,-0.3464558083247087,-0.8167929595006221,-0.8922740382717123,-0.14956038145523673
2.052307492207014,1.6857713672567778,-0.4369727366466396,-0.6468246873984563,-0.12500441315183072,0.31406035571265817
2.100399627205442,2.0363142838452877,-0.4902826639387159,-0.4404513204015056,0.6809461107065229,0.7352319781456381
1.9462492509008227,1.5497949620122482,-0.4213047393762413,-0.8115361902402615,-0.8603384341362256,-0.19568048352669956
1.8700657778388496,1.340587611325897,-0.4395288192932161,-1.0237553993207658,-1.2751801915017504,-1.466415823021132
1.970636130916747,1.5190491424653798,-0.47175923983453905,-0.8003487288324278,-0.8357920214356559,-0.2047303406152217
1.9745247134620645,1.6350398352407687,-0.5779409362967831,-0.18723600114796882,-0.1662123762338247,0.7112354256963422
1.9569536992346894,1.3400985424225964,-0.35797122615506466,-0.6804895135755656,-0.9652906000719312,-0.9921410916540099
2.0584693777029606,2.1959317355132355,-0.4308063475263275,-0.49524233897625064,0.6890896964659176,0.6867863470518459
2.071102560129118,1.5753556974192606,-0.28767462430420954,-0.76340903713968,-0.8550908559754481,-0.22822413173439302
2.1201465105025226,1.5679610083792554,-0.29853641934494474,-0.7602591781174229,-0.8501325120236083,-0.2278338032980096
2.1040846347277182,2.043336343138874,-0.48474979070741697,-0.44829191468191537,0.7251552254022976,0.7007112285855608
2.104066380299719,1.9012550836061428,-0.33934371050937934,-0.5904777828732102,-0.07001916857358018,0.23053614054438318
2.04225022153151,1.3998352622180175,-0.2816086130869686,-0.6719508586713789,-0.9430249587137076,-1.0050027730375772
2.0763173631312504,2.045628138796715,-0.4195602555752359,-0.10154627137059713,-0.18372405106536396,0.6163976047485108
2.0285204153033694,2.2851110623746327,-0.4569378561633151,-0.7864688956645547,0.4100109294416779,0.16993604138079754
1.9781854587042222,2.2805058028480114,-0.4971889975006355,-0.5381745575768385,0.7711777264652732,0.643126386090236
1.681322117994205,2.0965922080972765,-0.6856601302457287,-1.1659957882044993,0.42286155584324975,0.13089888182557258
1.4325811961799921,1.365114919988549,-0.6093941751178946,-1.413398999765361,-1.2261851886492865,-1.5160648861721735
1.45580129297528,1.7477596242462725,-0.7529841435124024,-0.8246300008379341,-0.6274091817248898,-0.6303419002600311
1.565215706254241,1.961458777009536,-0.6111657213051146,-1.480113029720698,0.1572826614149507,-0.29207453206208195
1.5838243709383597,2.062923147715787,-0.6561066935569959,-1.1871868416803668,0.4657975287423059,0.13764366495817215
1.4703099385560738,1.6535924888204923,-0.705772799646419,-0.9340048907346677,-0.050108401885725566,-0.6245225000346729
1.5137792337111793,2.165100303628722,-0.7425037370667777,-0.8837293518402953,0.7962043640840158,0.6190520425877871
1.591233005547825,1.740181449495714,-0.5968574100950843,-1.6623371617412885,-0.07880428923477736,-0.9080623667738402
1.503512967338066,1.7315989627282597,-0.6918725856816703,-1.5690413970906874,0.07788272153855542,-1.05530144729975
1.5283997523592834,1.903829057070068,-0.7841456335809126,-1.5942783369260594,0.16685058660905214,-0.2463107169195078
1.441051471310752,1.4097766199658384,-0.6849992587774313,-1.3212140465340692,-0.9173815528595353,-0.9038797863157115
1.3982530733447929,1.737968384520111,-0.7319143205210912,-1.780780313826711,-0.2678581474241299,-1.5308395191718842
1.3673157831037097,1.7151917250299047,-0.7362660438157111,-1.7905764635223322,-0.29475851112205453,-1.5046187244168494
1.7942526782827506,2.124094852551137,-0.5705595578881298,-1.3867091120027766,0.17703237915959255,-0.2125604394393114
1.4209599026834472,1.4113629530977632,-0.6683678344412494,-1.6677080525467447,-0.7230998530545715,-1.494437797718041
1.4182667513348588,1.957278993150886,-0.7540007759598227,-1.5694502956677312,0.1939487507490634,-0.2868973897591156
1.272025323244872,1.9270457241108607,-0.7870823985829435,-1.5061517035013088,0.06835962589800317,-1.08785073399405
1.4865425750679626,1.5685861776230516,-0.6494684140859522,-1.6714996722921232,-0.7232420104077707,-1.560166242270439
1.7417231785751903,2.024126818769828,-0.6558663416663525,-1.6136294546418453,-0.289162708066384,-1.5021389053640712
1.6229991977130074,1.9210511859930095,-0.7052188465381717,-1.4851337297183986,0.0010889662473185435,-0.8278781535259581
1.2329028991447673,1.5401169350802204,-0.836195842624144,-1.3164974708853399,-0.349355106889491,-1.0503942515117632
1.2901856869543178,1.7519409483440973,-0.8517656272329693,-1.417200284414949,-0.24156832227012817,-0.2818414638239034
1.639753824173141,2.229896805555357,-0.7830027663113456,-1.150392839992237,0.3706389614322713,-0.44226035999884916
1.768583575950174,2.9732961029756546,-1.0323403075378683,-0.8294164144858057,0.8192236885467697,0.5363346482703031
2.0256711224625574,2.6751176389969697,-0.8151537828863183,-1.3136015608015321,-0.0301158299110546,-1.2043960410614971
2.165190630498991,3.1987866949547104,-0.7855365730410644,-0.7614153179222217,0.6944331844923536,0.46632463932396473
2.150803459816373,2.8159718926898143,-0.7342988844753067,-0.9413100851545682,0.25413151532387945,-0.7426842604093854
2.1173321339739832,2.88571632775258,-0.7264097497208584,-1.0460722257357689,0.24233702778960525,-0.7466387135725632
2.1026539179667356,2.8807816498604124,-0.7093351349610284,-0.7344836370932691,0.008577413392784452,-0.1421129956324915
2.1485996763365973,3.355839962792921,-0.848164482937802,-0.9443439685008354,0.3621335397003693,-0.16861119690326684
2.1520669488804933,3.0668320797903847,-0.7367222939510913,-1.0195087583638578,0.2616241889994342,-0.7944924492819299
2.1143794954620447,3.375117677625865,-0.8078998828509093,-0.7422965068190261,0.6567613790668542,0.4618249781337611
1.9934708922692828,2.762823142606573,-0.7030383878589865,-1.5929415133822502,-0.4296028213455546,-1.6598494441115945
2.0443733133840944,3.0701667945887543,-0.7872549513878806,-1.067680108455236,0.3357961503761338,0.05087648659177171
2.0027185866490695,3.138079696811579,-0.9835332962756114,-0.8799138705942282,0.6795481382902536,0.5149655194292582
1.986070536376126,2.6870533547854523,-0.8794100776282469,-1.3579516925645252,-0.09921388596637586,-1.1403309653544051
2.0748430131401006,2.9677524241215205,-0.915066572217258,-0.9280821058574066,0.45814290835331645,-0.09986804955279598
2.032987429909197,3.303354132239363,-1.0125596799846042,-0.7890378509513375,0.7008319327068092,0.45708456855749136
2.0913780351403712,3.345529500070084,-1.0253668223863908,-1.2348551131339263,0.0931836676558937,-0.6393654099152176
2.196344459339121,3.7817777517522253,-1.1325399435260182,-0.8201811782607605,0.530742833598392,0.3911000379468545
2.1770605979362276,3.4812974824631926,-1.108438564137265,-1.1390570966024025,0.11336287368535612,-0.8312736583404882
2.073256465701732,3.815228351560747,-1.2048568104058996,-0.8755528744816474,0.26796213104393674,-0.1240005643819857
1.8301658443797086,3.2498434869098665,-1.1252585618343198,-1.552707398121908,-0.5974126281894251,-1.5487638796221577
1.8599808762398913,3.4616238092042764,-1.0630331317593145,-1.3858875712507341,-0.3271810514967378,-0.9656049286427624
1.985303583214658,3.44795374689368,-1.1044977810738845,-1.5488414849255423,-0.5575211462723154,-1.639597581796637
2.067735386256371,3.4648144597886406,-1.0318218928452676,-1.5247936527586392,-0.5465878022091092,-1.6768582956818374
2.120728414307017,3.6358337671310044,-0.9926782910373704,-1.1113756020579486,-0.21228886081245793,-1.2564344050799274
2.186189435401271,4.152451535394753,-0.875518310024515,-0.6440067950749652,0.24046541389919204,-0.20701103017077246
2.0792926233729063,3.9266353880320413,-0.8918519105255887,-0.880140882854775,0.0031815181162149066,-0.8311672229772384
2.1010495810357908,3.6276856321708815,-0.8427989571356171,-1.2440928063021597,-0.30479315023684783,-1.2521991359435034
2.155028386044357,3.5990474173461133,-0.872200629752539,-1.334421153486213,-0.4588349933160346,-1.0052264120409908
1.9151224792225514,2.6119095227156826,-0.6653639629598168,-1.4116424281437054,-0.3086384906387476,-0.8976568297143899
1.87400388236244,2.48464861860563,-0.7032975831504293,-1.4232638014734518,-0.24296832294516552,-0.9132645822195399
1.8643276580527832,2.7907777186444975,-0.7710339133928579,-0.9889281699639793,0.2666823083652501,0.17121832971646755
1.8737939898618041,2.8917492281875212,-0.8423312687997799,-0.7002855323940422,0.6098290664820348,0.6102622489767975
1.8221159040771595,2.55056437149131,-0.6063907190830854,-1.5229682083218858,-0.4746191960954424,-1.5685898248088024
1.8542275038504334,3.0852492894164496,-0.414588442326568,-0.8026791729088535,0.10041414933484555,-0.7187747261057985
1.821429745364582,3.1684875154008254,-0.33320698645558794,-1.1096052505084462,-0.16185981554098477,-0.3794786734108624
1.848226510337598,3.2580292904229244,-0.42976231929546616,-0.8353685764598131,0.17118289871578524,0.07666383594020063
1.8442139588249438,3.0808794749877473,-0.4474294675895211,-0.7158416960164539,0.3490123930825358,-0.0947178181593451
1.910479064089814,3.4083819768661034,-0.47172566244088215,-0.6168252216291514,0.5421041904664807,0.4974851669265883
1.7483057319524595,2.657473983026198,-0.41190384296836713,-1.4332826973860326,-0.5019623251813619,-1.5940205286247733
1.8009652731973906,2.9005912637102886,-0.403999013352479,-0.5755857183596329,-0.32423889422712554,-0.7398122300143621
1.9162264422578275,2.9486983380715,-0.3653762029170499,-1.1528533298792978,-0.23668921436910956,-1.1890729181225441
1.9054011444368066,2.944175133225191,-0.33310753786978836,-0.8072527299602503,0.085466367065758,-0.7096261965877168
1.9413246693887378,3.362202103507674,-0.46495253752010807,-0.6058348913128316,0.2225694304076607,-0.15010699141283423
1.781253989758285,2.966328025327038,-0.3940654690005394,-1.0686406014188343,-0.1341470518072287,-0.35864921622383783
1.8260245947060434,2.6198449340954073,-0.28292714623471066,-0.7237391519626536,-1.0097636354985664,-0.38558116706633055
1.7675662104743064,2.7191673404658676,-0.3618579431047412,-0.9859970835019826,-0.22121932302940733,-1.1492125158932196
1.8060386444533156,2.5704325377565476,-0.343571325136138,-1.2532087945599373,-0.5217078069684972,-1.60785116568375
1.7631981893514856,2.611233762003492,-0.341403933204589,-1.3630248141982293,-0.5097697615292371,-1.6064415544318846
1.8279373950032434,2.6164046263998495,-0.2633612201596802,-1.3578586325165234,-0.5440245574261157,-1.6278609506466402
1.793801575627642,2.773259457171392,-0.38005330470621684,-1.1684953773574116,-0.2879121983999504,-1.0139462350390636
1.972259635259918,2.6585218688805403,-0.3125901052642863,-0.6300540714777322,0.1083941332374802,-0.7080245589239959
1.9825379960731364,2.7099058044249995,-0.2923622661761829,-1.0167560556626218,-0.12944117334591987,-0.3666264056850569
1.9330406507963196,2.5424517795999337,-0.23613309950495753,-1.0990694252736015,-0.3286016272746764,-1.0082054496689008
1.7953630041489947,2.071468296697169,-0.2053482540585792,-1.191548443206122,-0.9403726838195414,-1.5770236175631949
1.7737821394029074,2.518681375915648,-0.3552867351024645,-0.6733445536139291,-0.15606178462869646,0.11357846261936375
1.697033071924221,2.4034307897808262,-0.431799815349283,-0.890824353884859,-0.35613788419724424,-0.48535741790834747
1.626294941175468,2.133433776768088,-0.25676593791537555,-1.2562979386574293,-0.96041081214822,-1.5296087514760934
1.9024514914331465,2.659547999305806,-0.28834890694657805,-0.3707059062295317,0.09277922004938316,0.5718213831591054
1.8455927824397125,2.609252171125959,-0.3619717114764397,-0.8461018312407452,0.0446108624690309,-0.6436231200708005
1.8882201804553977,2.6772773325294317,-0.29507339649642095,-1.2689742274717626,-0.18044272345902684,-0.32897163873581364
1.8489827875245646,2.554841226287583,-0.3292205062363719,-1.151046354344097,-0.08770912609016653,-0.3275202361903659
1.8848403319005433,2.2451400410690336,-0.24018586360162908,-1.21069420283144,-0.9825661877709444,-1.56701367877222
1.8498654909250791,2.6250306864017063,-0.3289679875776525,-1.0217135392120782,-0.19276491199120588,-1.1171370331740633
1.8593811993822706,2.404505669180321,-0.2983136493492807,-1.3050432246377779,-0.9719758279965527,-1.591737807569637
1.9506396764178413,2.9094991951154343,-0.37592888286284903,-0.906077589694742,0.2106730382497614,0.08396054287060983
1.8713378701484482,2.706539910022688,-0.35392021250102085,-1.3934619810474074,-0.3844417749998582,-0.9618901027575278
1.8654586326088591,2.736445939991332,-0.32408697834262373,-1.1525377022829761,-0.2561153285815808,-1.1551775351338902
1.9091971577509323,3.05057127706592,-0.4047957436799466,-1.0300965225100396,-0.032433717534904594,-0.5864849133873526
1.8979117220420612,2.805045636455081,-0.4234703899686273,-0.8499015042852728,0.10004897958967834,-0.7066515438074272
1.9421123559723492,2.7105073433449003,-0.3245295834385599,-1.1497753290660948,-0.239366644964157,-1.1539968809337902
1.8674322964235728,2.739965026135981,-0.30708102572848334,-1.3759815014139305,-0.3637856596124181,-0.984163775888318
1.7729136687973714,2.5209634113162576,-0.29598644087063425,-1.2158284513460074,-0.857171443364209,-0.9688747565630681
1.7391510931368548,2.5439133767880784,-0.4486825520794112,-1.571206533589304,-0.6008713401292436,-1.5323685910751361
1.8111512107321763,2.8816374854276474,-0.37386668988992616,-1.2235917576519693,-0.2833807850583199,-1.1416373825154937
1.808372935551713,2.5945614243872672,-0.3134452189162464,-1.3955490305447649,-1.0175783427997416,-1.6009810121703256
1.9021553409672634,3.099126395961853,-0.5980826625424456,-1.3540708163345476,-1.1983600689837266,-1.669128611014025
2.041053885576302,3.534198576175292,-0.5348894073789553,-1.5294680430099572,-0.7555482312179602,-1.74788144828399
1.9256060301374665,3.767249157637901,-0.7989865991504069,-0.9460994876934555,-0.09681688844787707,-0.7864111496173268
1.9420670251730547,3.5907568484461527,-0.492523455948836,-1.45787137468795,-0.8085671467255149,-1.691900009577235
2.115300544785714,3.669554454904224,-0.45382335157555226,-0.9954105105958186,-0.4571386648644335,-1.1800580575212076
2.1777400714909385,3.9824251140903555,-0.4742383776888945,-0.8155855067851056,-0.21946078578616948,-0.6395794028141707
2.103011218047669,3.8410585429744364,-0.4480063615709448,-0.9719632780135519,-0.4428444248687049,-1.2309565992531384
2.087169952921856,3.529844174771191,-0.5434288213444431,-1.1870913130068874,-0.7031530452312582,-1.6522466494474426
2.0456599078049402,3.7626539881711234,-0.7006978753166235,-0.5667862086680144,-0.033143427656090366,-0.755160025959437
1.9110955436141892,3.416475959098674,-0.6384927930754082,-1.2591597290340335,-0.701504185118204,-1.6980949241945684
2.0563685703413452,3.7060605888912885,-0.5812513889207872,-0.8796413669681782,-0.3964725920316246,-1.2010791185865406
2.0326758746256606,3.8317199097220334,-0.6112882811178927,-0.6639975996211296,-0.075227669988454,-0.7361600590077625
2.0774363404971856,3.9622766617258574,-0.6540306790940811,-0.6132901546339714,-0.09520413114251326,-0.7593771174104006
2.103370829354752,3.577465687867758,-0.47987960676867486,-1.1834685338227717,-0.7170200160546292,-1.6526600733950183
2.0578542650133236,3.6919560611017634,-0.47969769171501725,-0.834381933085909,-0.39592399604016565,-1.210196713426271
2.0861874476688747,3.793774184428716,-0.5505279647692395,-0.6106953819231649,-0.08800709419337906,-0.7457972789222977
2.0062919879874803,3.365161401300906,-0.4514305308052185,-1.0156459690079203,-1.1865292034370287,-1.6555744174439728
1.9306855205751612,3.4470674806007597,-0.42775077311374315,-1.171676149145919,-0.735148689108306,-1.628466330621148
1.8872565537996797,3.5275724815110787,-0.5032079079469288,-1.2380419187112615,-0.7283256730206309,-1.6587731875413492
1.9195483951499264,3.162610592011598,-0.4248795428604648,-0.9802392846911498,-1.6496047462000092,-1.6383079719369198
1.9980655813767845,3.425891448652725,-0.24216236711374037,-1.0278727140089148,-1.2494766771196235,-1.6257286129304778
2.0440531481846773,3.760167449592214,-0.2384653427136205,-0.7822902154250793,-0.5010437727944248,-1.1906707675331363
2.0853452550729807,4.097602094198714,-0.3540879372624286,-0.4284183062029263,0.08697021254088254,-0.14649062062393256
2.0225134801556575,4.065254005646367,-0.3637106389156277,-0.5727619962451206,-0.1809995809331635,-0.7520302521350889
2.000900243574605,3.6494646593528777,-0.1997853881045508,-1.0633040155905362,-1.2958096648565636,-1.6642596743143632
2.159358499786733,4.351698441725849,-0.4080295698278531,-0.5144678939271988,-0.04036765759829454,-0.1558928940595342
2.044713164543375,3.847217964087459,-0.15028219933533318,-0.8543203534858362,-0.5353025736015821,-1.1572696659737973
2.0246091306619936,3.881358273239596,-0.18822070983447,-0.7857266241866326,-0.5188732224862842,-1.1565803716824803
1.8652774291702765,3.6653211081232935,-0.2779177456279931,-0.9412405451414995,-1.3098017043393972,-1.5826961132641832
2.052714117800668,4.0182034737547445,-0.25585337503592664,-0.6481090110817009,-0.31011447068850406,-0.5335496508022289
1.9532468825249578,3.85070834027663,-0.23430782717868767,-1.1122415342828567,-0.8347664432410767,-1.6537704172613448
2.0743389293933094,4.149942057931949,-0.2532514313217551,-0.48903514999928693,-0.19916576094994057,-0.7561846644933596
2.056196107711878,4.041865633977014,-0.18515909729728416,-0.7417231677707107,-0.5214113314930466,-1.2258391477030466
1.8856699791075142,3.706138557892897,-0.3594933644406184,-0.15817969495901635,-1.055148602299758,-0.7891247697729743
1.8538995930989342,3.2955354304169027,-0.23479586193802357,-0.8803474301863359,-1.7438850968968342,-1.6218038086256445
1.8900726554597238,3.678488919548926,-0.2771644748144263,-1.1181655351747508,-0.8158797903275141,-1.6392131043888696
1.9965940505112405,4.172191677333955,-0.30532527302878676,-0.6286650273948606,-0.0763851185024609,0.05254042421741276
1.9964447272439503,4.109701910467007,-0.3382278000424056,-0.5837221599741049,-0.18842339280465228,-0.7487123775376792
2.068905006938165,4.607989680299294,-0.44389495125236017,-0.4137749295236169,0.1429451599737985,0.48988741462125607
2.0442344311100076,4.477414468251029,-0.3652109806668653,-0.2968814973964317,0.21480350389002564,0.4961206216038625
2.084986262188135,4.619160527104193,-0.34657751354328503,-0.29846881848125034,0.11697384388984065,0.49137280231113867
2.055857871474413,4.267578079150267,-0.30395629555285897,-0.5496489779325928,-0.31861258479633986,-0.722618508680068
1.8706906983052447,3.6406146338868024,-0.20884419374891658,-1.0984612694124667,-1.3630842958143377,-1.5822532371850213
2.007927639839871,4.272993999357967,-0.46811945142313266,-0.5960856731746316,-0.23587660224631293,-0.7061744649554272
1.6687555073328344,3.913109551977221,-0.4467204580532446,-0.9235382629505181,-1.069521883729837,-0.8877610639477251
1.7072501468701782,4.171103220720552,-0.511340665736249,-0.6341468449076832,-0.20047914088379218,-0.5891279224365262
1.7783208244120798,4.098489319687293,-0.5632693947731622,-0.31439913413380344,-1.2465217859529685,-0.6053973978751463
1.8241718013846218,4.698035819436229,-0.6760538389017768,-0.35048751708944925,-0.6796209381562309,-0.021946003167619597
1.8249088276559509,4.761329571139899,-0.6450566345621398,-0.6158757753981361,-0.43055931374741313,-0.6425280700227329
1.8159762310836387,4.525698019059541,-0.6326061862548212,-0.2732136605754959,-1.3413459216492118,-0.6726740335725578
1.8164722444281074,4.638965455467842,-0.6530223888425025,-0.3598583925541402,-0.916405952775159,-0.6677777890627201
1.702012672311009,3.191907031721746,-0.32010789074117907,-0.8046786568647043,-1.103869836328135,-0.7534004754894363
1.3976784310185657,3.2222628738481167,-0.5559739415969271,-1.1193275220139898,-0.6022665091340369,-0.7873855447483462
1.2278471610324093,3.5099414991794977,-0.6983744983732553,-0.44446510790790505,0.36402001158182196,0.7631381843361563
1.3091496801727251,3.1387776557326985,-0.6218174216860031,-0.7335086513782937,-0.10663888120340327,-0.4957890461370925
1.3015469108961948,3.260537017039483,-0.4976660450291074,-1.0054594229820597,-0.3403058466402983,-0.17354346262963788
1.3360559141110595,3.3807404744125593,-0.5221949914738045,-0.586978427632284,-0.13946113854363118,-0.5288656978537238
1.1865323099558296,3.228523792348543,-0.544333049181618,-1.2536235576831993,-0.8422944930879313,-1.3758275801118174
1.5608536846864232,3.459868656842918,-0.5020024171269155,-1.2544082183013794,-0.9268322168384496,-1.400827619359518
1.5662332504567908,3.8697657225637103,-0.5759091386733944,-0.41805785463523054,0.22413221496376343,0.69584804170102
1.4575344870374938,3.337190853176586,-0.4693685496302521,-1.308273903956543,-0.8129648481066709,-1.4629721660424038
1.6453631184508843,3.9111294649990094,-0.655155490106755,-0.6199364469211931,-0.2968697210728254,-0.5660626037698108
1.589612918955052,4.348656520076211,-0.7831753773528075,-0.4745145131129634,0.12947985721703834,0.6064455525806034
1.6639698806774916,4.392713742588546,-0.7186765032974607,-0.43420861493751506,0.1245130242597716,0.5971862181277269
1.7966563702682383,4.3206306838506086,-0.6781918544945904,-0.4712565494343947,-0.044433889882531406,-0.010740307518780069
1.85398122723273,4.394323524510498,-0.5627400749518147,-0.635244444824486,-0.19862696126815763,0.176918305403564
1.6438349230603944,3.697519225461877,-0.5159231434028835,-1.1056550777642553,-1.3952724315211638,-1.5289669801088117
1.6928921850831373,4.091753579344817,-0.6648322991754834,-0.7695835341775228,-0.2650108020127875,-0.6472140765362119
1.686676166329268,4.532498698140252,-0.6781685257331547,-0.4821618666296515,-0.044460603910357575,-0.051658901847188334
1.7465996750289354,4.026510004238412,-0.4975683085441541,-1.0233073571955043,-1.3307076294724085,-1.5895002044098607
1.8083782857247608,4.591932242174297,-0.6609355349971433,-1.1629033904191226,-1.0014915596019884,-1.6458966285331171
1.8995473374756262,4.995948722136997,-0.7698915205977398,-0.8761748075686054,-0.7207204022673908,-1.2304949206528926
1.8657948113120109,5.092736458653147,-0.862668510017942,-0.6431942869313874,-0.3713571092737502,-0.7831626416020098
2.034020526289195,4.7611996160817815,-0.7690413011533471,-0.27587094204899065,0.0853169127613601,2.266098850546082
1.6949113513388137,3.4213136598271547,-0.34166221835393956,-1.1430777364464397,-0.8409107410332838,-1.441178787843765
1.4981291238081391,3.1435049872925904,-0.34093106210812696,-0.9786277530527348,-0.4534528947337778,-0.9479501106233749
1.3177988762176789,3.099096699240675,-0.4252662548558282,-0.6826775116207762,-0.15505934397953935,-0.4446780701088062
1.268663398534924,2.8104942965903237,-0.3425806589564573,-1.1343151217626912,-1.2606694713140902,-1.3731060449511967
1.2929385798563304,2.983133888535305,-0.36939926861057215,-1.2376410057426879,-0.7958329520389669,-1.3818302555865256
1.3736586917124771,2.691651968393655,-0.3077953935989415,-1.0442438384823862,-1.2229526701908369,-1.3826456783647105
1.375247000595627,3.0276462553223658,-0.3489393396428032,-0.8637976867128763,-0.4449265105008563,-0.942993786340456
1.3653923033544693,3.158171470654917,-0.42606514755314295,-0.811551308506315,-0.23961605852137324,-0.308937339001149
1.451941943030124,3.4550251661753153,-0.4607453721049555,-0.4966343401376084,0.2609017546210062,0.7794529191373756
1.3541183516923982,3.5178526123999876,-0.44844855777435727,-0.4783620873631214,0.2655263306307176,0.7736164195351481
1.3870265427083626,3.2430162742477218,-0.2680256187597122,-0.7401666016598368,-0.30161709553512694,-0.29181636930673593
1.197366153691487,2.0614460939314276,0.015053069874321872,-1.0174935251784731,-1.1561101531521125,-1.220642534341686
1.389474170679304,2.7169369900432003,-0.12968340942799006,-0.3455299846846901,0.4402214556283827,0.878970195090584
1.1421796938338753,2.2414440014128334,-0.15079948791320236,-1.0802660443647882,-0.40861393912244093,-0.6264014481075353
1.110819892234239,2.10435751247694,-0.29644504879652556,-0.8584618163321828,-0.00923934423044506,-0.13842555119806205
0.8588320514592198,1.934994379399113,-0.4677589431830155,-1.3512680046445062,-0.3466787643984049,-0.5820878473655652
0.9025207299320792,1.8781353338263524,-0.5679709458835063,-0.6349499866552433,-0.27573596641717085,-0.3514511936441635
0.6300348525282841,1.8983370685986545,-0.833473755970128,-0.8995671046267646,0.12699176391474953,0.6369646432003926
0.6010674731125051,1.1795797392986145,-2.5071234694751547,-0.4712972376793805,1.3194648684461732,2.141904296536486
0.7923623296100051,0.7237216865321959,-2.342103505153918,-0.3675789172763414,-0.24509201029643823,1.2757360637943471
1.0064348204024314,0.34814675102939446,-2.058863661914805,-0.7456367372317179,-1.2521173395326426,-0.3411086617566893
1.1240486524988136,0.5292728160229478,-2.0151547974396693,-0.43116991283193024,-0.9286376390150197,0.10039512061927752
1.1378803305589635,1.1535820573263977,-2.1451036111489135,-0.30819598685569605,-0.760893678559851,0.6194311368699859
1.1684568537114355,0.7452552189402627,-2.0037793069675223,-0.587384496578344,-1.0329512167508652,0.2213976008054585
1.1566298590898514,1.196837145181072,-1.9818649765983667,-0.14831714873632407,-0.46390014001573093,1.246547297906663
1.1991728546967733,1.6328903014608478,-1.9383133118943017,-0.29292763903003943,-0.16082264876293648,1.250435716262055
1.192992758558373,0.511893828596227,-1.7453093198194571,-0.660052233750859,-1.3105653326120728,-0.34427208083980443
1.2040759988282814,1.157639080022159,-1.8447588514328472,-0.5475361620356397,-0.4463822274355142,0.849448480223
1.2931732394970608,0.6803114161964874,-1.7360653931242733,-0.2456662212148947,-0.9631170633300553,0.10414084259629589
1.291075440919142,0.8960053820663759,-1.6686341494075816,0.05733341537780507,-0.49862463942669594,1.3490414753430213
1.2179654338436574,0.35659199096297617,-1.6876386047783445,-0.8663576183902901,-1.647553172960728,-0.7863121544082706
1.1915191417295403,1.026926962825105,-1.769526812676961,-0.44372536209770885,0.19145812142558055,0.729753390637772
1.533911162254754,1.3354117291117098,-1.8452361772085297,-0.26694242614533403,0.36684907333353894,1.295726553768353
1.4499875800794302,1.1808607115422174,-1.8615948166549239,-0.1512590477196265,-0.08069472957856892,1.3222289445328401
1.4803681405867744,1.2218221723826341,-1.8912611210348182,-0.20849308869165595,-0.35914425422880053,0.6324237003798422
1.3977189251829316,0.5411320419429421,-1.7544423646828295,-0.48960956568074115,-1.2450772530215153,-0.4204424391097598
1.4074048984394996,1.1473259879758921,-1.8740779358628998,-0.2720539008363099,-0.7989988331091463,0.7366625956073094
1.4045630477614233,1.2071346023686744,-1.8759264165222373,-0.6096385730346151,-1.180089861672342,0.2617995118231937
1.492083991352259,1.7771337809697854,-1.9196344163495331,-0.26249304045693755,0.3245177381182058,1.1885636997756426
1.4530904484725125,1.5725582303071393,-1.8191924984411656,-0.2235330740963364,0.3879275233471417,1.2231437482752203
1.561203047287606,1.6676862251894384,-1.6560211058102208,-0.12734269350540708,0.4437732528851411,1.1642787223323428
1.6486393944306799,1.5933944089026006,-1.5975762661186672,0.11105735385182386,-0.45034614615267815,1.0672023579730887
1.547090239328383,1.6888762670467878,-1.654604763444688,-0.21851720407704395,-0.1659434164688092,0.4285249340085911
1.5332568214636058,1.5115759953783707,-1.6708731265519727,-0.08101314955493716,-0.577872702327677,0.41220464064945733
1.7330954199075643,1.998694140397237,-1.689957248793648,-0.2589345961586198,0.5241348699696835,1.0479162480913262
1.7160096066146726,1.6215214583111124,-1.7417970853686808,-0.274994590892505,-0.07933300990559801,0.41578351718635603
1.6847748059804788,1.6156198486453401,-1.7351562335203707,0.0043151888052951,-0.34100923706329683,1.0258683040736067
1.650377633600798,1.5654978921532323,-1.6840087681036278,-0.07539722903271598,0.14650303261900777,1.0852977197600977
1.5244367394095801,1.0811505300455717,-1.7570870935037413,0.09942695281414193,-0.433280559839989,1.2027440920040708
1.4463546209887077,0.5719729153195321,-1.6708561019244565,-0.09310184526932522,-0.8136580397264657,0.013109124139634436
1.26222085690609,0.24904474463598045,-1.6582593809229416,-0.7290577460757856,-1.4664576699184868,-0.9000546607986795
1.3251489991652867,0.46460341618951595,-1.8151743848534412,-0.166179133252962,-0.7341553433315076,-0.03400103366340591
1.3395546709183186,0.5914504931581991,-1.8668324716152924,-0.0504998579902579,-0.5356602315113127,0.5797145141391271
1.2779433372313653,0.14901366625190499,-1.7760860064084114,-0.21621266876617465,-0.6552437781299025,-0.004582984873069664
1.2779498115712493,-0.3407163256887667,-1.6795150352130528,-0.5388284523901604,-0.9148052916167663,-0.39695032862557456
1.2442114420615875,-0.2514853443382615,-1.7700061542140804,-0.2442157126383844,-0.5968526271560746,0.05684273479020589
1.2376643540705419,-0.2554121896249862,-1.775950500127156,-0.22093208412886708,-0.5926100213451978,0.053912891834269325
1.3671357724460333,-0.08642092838525268,-1.5096520677512568,-0.6505721700266089,-0.7537028605056986,0.30442411190279256
1.3582271717909804,-0.08649734852210929,-1.464535257445048,-0.47862610550940105,-0.6145817537860493,0.12528618844850115
1.4663081203544672,0.5124440060756348,-1.5953645306709792,-0.2670361761655868,0.369004771248867,1.166445417086072
1.4009494680882324,-0.1535624673799676,-1.5285865554411824,-0.30917097295352325,-0.4978595244421829,-0.019405826786901472
1.394394009605321,0.20780304314220183,-1.5018314329166622,-0.34720186200266423,-0.4416821106319451,0.7268074068878546
1.4197348553422358,-0.21595187214432243,-1.4780731874944457,-0.289902956164641,-0.5641792950587781,-0.004974579032560552
1.3215700772085794,-0.40337624913411546,-1.4754216962072448,-0.3185298200054304,-0.5017434322169069,0.010998030900719102
1.2873148546828628,-0.42912401360589997,-1.5301836077015647,-0.3416771043043141,-0.49535574623292455,0.03299014065371461
1.158037012405681,-0.7755888192646718,-1.6432353884811883,-0.5787011067000576,-0.8870981936058058,-0.3174396992701677
0.9861337726296451,-0.6131014190694494,-1.619873426276164,-0.5464142632473371,0.37369740729568135,0.22907749776329644
0.6814496729743859,-1.38193705328159,-1.6431761184077844,-0.6156054013092707,-0.8347208403531762,-0.178756715982412
0.6335469375492624,-1.7931187319439148,-1.4771314772560957,-0.8282478473297127,-1.1886040128945659,-0.5512098937768816
0.47960227742391354,-2.1422541759058835,-1.3631244510408902,-0.8145748519500674,-1.1243567728545345,-0.4838075402973538
0.4077416537063467,-2.1314767912569152,-1.3711279099039717,-0.7811641760417445,-1.1605651742349583,-0.43145575399680636
0.38383584751906913,-2.0935502206082095,-1.372952953311439,-0.8139767530943119,-1.150321499217764,-0.4441268054884163
0.4786657098867558,-1.843670875902865,-1.4946355694023108,-0.2263196728792163,-0.4407694795643765,0.41106255587127905
0.4871244104208023,-1.9966252643987743,-1.4466772578478972,-0.5962303585325883,-0.7187357339775766,-0.05482148125274451
0.6128403176442101,-2.243893026001946,-1.2339713173884292,-0.9283476473563804,-0.9618201155702951,-0.5378100030630545
0.7023614509416881,-2.056057239934205,-1.1999742497934411,-0.36104759674138703,-0.44288728975991365,0.5486316217450202
0.696026676303035,-2.1190860756440397,-1.1446755773230608,-0.8199246439033754,-0.38373178474411973,0.1556616285023238
0.7078615327151626,-1.9106059638683581,-1.2021531061118984,-1.0505041587591148,0.14397692259007,0.11036277057100853
0.6940396436548674,-1.908801570709864,-1.1127599704500215,-0.1361778918100887,0.657161002454065,1.6576829339947532
0.508357528476704,-2.8593433693139017,-0.8910956666633518,-0.7794768338531206,-0.8594981135021292,-0.41699754555426427
0.5618064325750624,-2.9827250891585724,-0.8712042881125355,-0.9422663549856337,-0.39087637198774516,-0.35523881044201416
0.6488505815049305,-2.4513151551257826,-0.9864946190614976,-0.8727513042474243,0.4788751016370445,0.8782552313453591
0.6371681092125253,-3.27773382362566,-0.9918498987313145,-0.6843272471242843,-0.9526958720485744,-0.29368997128158725
0.5205532128921049,-3.355947906026637,-1.114300181326126,-0.7225165910555225,-0.9656451877349509,-0.23032258486230076
0.6172165485173334,-2.9889062247618483,-1.0885593245019711,-0.5139142771863504,-0.15910613918871694,0.17722232904132662
0.5840933356093606,-2.2828683536732037,-1.365743064010604,-0.6737219514882846,-0.8449923606211616,0.19496116550565631
0.4160443839004307,-2.829883244379158,-1.1052359742869464,-0.803766001461948,-0.900565008344372,-0.3423394959366213
0.4397966092607735,-2.6906222898218437,-1.0856488097070336,-0.9027229879354007,-0.5045563232699616,-0.3199503707215694
0.46323174072025597,-2.9430296730913024,-1.1420179390306395,-0.5045971612053973,-0.6225902893464306,0.189494287994177
0.4931412403193475,-3.1744745302588835,-1.0104460863597444,-0.7190231016607805,-0.9133549526104082,-0.27331659454523066
0.5573872231671123,-2.975730376446374,-0.9155424011490194,-0.8195781196510236,-0.8069267537913704,-0.3974924202537104
0.673528561211101,-2.886992339536469,-0.974037468348854,-0.824347802088637,-0.8818875259590949,-0.3983113217521867
0.7287329908486894,-2.9351031452666128,-0.8967867925429358,-0.7937545411015572,-0.9021092679128427,-0.4493102258706171
0.8838096809174842,-3.0657224966599057,-0.7285524154000445,-0.5984883234033634,-0.6721813551406992,0.20979424272284083
0.7566880200949911,-3.2027780482287507,-0.759798706684762,-0.822457536893208,-0.8872324123964365,-0.5191448847482951
0.7044620555560955,-2.5149820383940114,-1.018020155478157,-0.955105652132868,-1.0515978840894118,-0.586067368094328
0.8488184255743076,-2.1269235643616424,-0.9519005404723154,-0.82788902301076,-0.9976595370358082,-0.6146244474563097
0.7044355539576008,-2.2578379883260364,-1.0769577569435747,-1.110535416041896,-0.5647207462689751,-0.6100382583725974
0.8469241377555776,-2.3995886008363665,-1.1013922280177688,-0.6677215552531294,-1.103711787151236,-0.4868034512596142
0.7976403300240643,-2.4196100303709906,-1.156429181580676,-0.6533288360279365,-1.0894050149056893,-0.4908272229422157
0.6601386901567149,-2.609537104946969,-1.1450685584349103,-0.7188863632130047,-1.0708003555452943,-0.42250927959846923
0.7079713696838869,-2.5445833741417765,-1.0619728757583071,-0.7683046969827476,-0.6249797327808924,-0.39547182417314913
0.7110016063103654,-2.417494125920227,-1.1771510140872623,-0.8412570333086956,-1.1508713550262353,-0.5624520475123688
0.6339148397042992,-2.530933800637768,-1.2034771190150393,-0.8560141236660932,-1.1100724422164348,-0.5405760235584799
0.6344724031006218,-2.554369625789333,-1.2056489201413803,-0.8545438606298356,-1.1222279627844693,-0.52501375979779
0.6654053978065498,-2.3507904901372916,-1.1684722696770442,-0.11490321727004049,-0.19515184094264507,1.0504263721359386
0.6489702348800915,-2.4281720412446615,-0.97087145742635,-0.6148042758342742,-0.628029023494393,-0.14343144875615285
0.7377321858198224,-1.970911530018346,-1.1514802409429121,-0.4005592968247145,0.42930354404767024,0.9001736173136238
1.0324374612757596,-2.255970570195676,-1.0554476913076443,-0.4229534484553191,-0.6044139955966273,-0.18473885444017624
0.640615463846115,-2.761326593078881,-1.0494382489697842,-0.8915444195263849,-0.885134051273866,-0.5789403573049179
0.6029648650547336,-2.7260359891225177,-0.9010913817294579,-0.5298769227130294,-0.5542497943994609,-0.10422648273010987
0.611934489877329,-2.454147549460589,-0.9706503947607756,-0.9135860197587843,0.3051342504644535,-0.06190935050020129
0.6870978712315831,-3.1392092566861596,-0.7457646670820338,-0.9473527574287616,-0.4739572928325316,-0.4587013195759894
1.0215984088331458,-3.238988445661936,-0.6547235421836486,-0.5087366185393962,-0.9040519230612433,-0.427802739953055
0.7124656666347599,-3.1125604613321642,-0.9439860300962533,-0.9156139987199028,-0.11531544304587096,-0.37721802476905264
1.1351223878076742,-3.13791708443137,-0.8993380001986488,-0.00801859699569688,-0.4663206456858265,0.727962077391742
0.8306360902465435,-2.893696302085873,-0.89841536219825,-0.5705072395239384,-0.9670600412565492,-0.4314281855469554
0.8123133129551983,-3.0557317349676167,-0.8659684504636393,-0.5244435593382115,-0.9762316125149563,-0.3772074881580176
0.542153527959979,-3.194333164003002,-0.9610725299534897,-0.6591387025797608,-0.9915751616552825,-0.43366766543551394
0.561310086177628,-3.3109400571382275,-0.9317629178206726,-0.6725197288474759,-1.00795875064988,-0.38301280913296015
0.7061192442019546,-3.4834012926694937,-1.1424713891874354,-0.7369762725040907,-0.9679003097327067,-0.3712774843326545
0.6749095896418872,-3.2224348618387286,-1.3248737172889533,-0.7756546704519595,-1.019032196140206,-0.4093734706079659
0.6914495626744951,-3.083788681126379,-1.146848811651095,-0.7610594675677936,-0.9096832432920933,-0.51949257195849
0.7694638741395102,-3.1945968141396603,-0.9865871340995758,-0.7700005175435645,-0.7964878757634329,-0.5531203731697794
0.793749433231462,-3.1898926452035834,-1.0322302464655104,-0.9533012840371906,-0.34743082289317595,-0.5102176730241458
0.7728542309782157,-3.257807943723013,-1.0791121966845763,-0.519866890415064,-0.4728612181983522,-0.058317974544137306
0.6616006714633104,-3.4583319475929137,-1.120152466390993,-0.8149267352292319,-0.8038287122672675,-0.5058555453480211
0.7200801179174113,-3.0616800266464907,-1.04077348239949,-1.0326216399359538,0.055227072542991015,-0.4918613463238056
0.7195656565595802,-3.4619640596112196,-0.9720979418989593,-0.6966981327363598,-0.8807549969923237,-0.4715176054324532
0.7730691966809412,-3.4790323580225273,-0.9508566543787864,-0.6036798789327841,-0.8793294396626185,-0.4835060793688999
0.8339282041272879,-3.5547032841031823,-1.0183950873278598,-0.5944943602447678,-0.9744510576680278,-0.42880370653114447
0.8270281543695411,-3.5009467271293504,-1.0621590247061223,-0.6286436908033706,-0.6458774112926322,-0.34442373518426544
1.3209049808873208,-3.631700604981447,-0.8755064283063347,-0.1940738664565476,-1.1126966677738754,-0.3138852473761263
1.3382100633176368,-3.6625802108736614,-0.789394308736543,-0.19598202572947956,-1.138259192861497,-0.3117352140601102
1.435134153440511,-3.2639454863418207,-0.8328244846257775,-0.3123967130348799,-0.4368124419703059,0.28340430393283156
1.5198125389477177,-3.5356319774533143,-0.8550677264764757,-0.22849190793989277,-1.186978639096161,-0.3304853306023448
1.4019794757968764,-3.525379136397509,-0.8260987974552143,0.05695583128561542,-0.81634326679476,0.1491275453796321
0.8581259051520963,-3.390478442547885,-1.0454765480170352,-0.727911046914114,-0.9223761940492042,-0.45181561504142403
0.8788581707213223,-3.352307760539596,-1.0200811782037924,-0.7768680737402104,-0.8572053685236743,-0.48812273185802935
0.8389648388913412,-3.333247521375161,-0.9472629142692597,-0.7691305741632478,-0.7892181947172332,-0.5198614464188064
0.8210770946907028,-3.383543429578504,-1.0114952015171483,-0.6913185886671354,-0.7966982575059988,-0.5148318962880056
0.9235157683424382,-3.1247578128506777,-0.9990238914456611,-0.257737770164207,-0.3077085358869918,0.5766740676265063
0.9963228622579503,-3.190829412391721,-1.0130400859489561,-0.06050064773509153,-0.1761684428680191,0.38654537458198873
0.8720092317592136,-3.4712050798565306,-0.9348229021380696,-0.6971062763646538,-0.8607794919058395,-0.48589766226196796
0.973130540608542,-3.143875083019256,-0.9810343689092258,-0.6796675106413542,-0.19600092879177203,0.13396634792589665
0.9458791961320581,-3.5156344520380225,-0.9190815933446987,-0.6244096486672203,-0.8809034668015395,-0.47442440835725436
1.4214976676416324,-3.509296798385873,-0.7572545589368321,-0.3520245881313297,-0.9491292146721283,-0.42355013619989396
1.2648260941751137,-3.325173358533947,-0.9616913853796691,-0.45804134305675104,-0.5455675049414888,-0.35456874005262096
0.9852156602469542,-3.2623081618349485,-1.0960774853540047,-0.2834443970802271,-0.5237405982709561,0.8107556249646832
0.8505893716454475,-3.6134851178516905,-1.1488686685865277,-0.578517457046322,-0.9371435220620018,-0.39126042388633014
0.8820630565474832,-3.130432203142925,-1.2361020238334763,-0.4779303663302099,-0.07258715332878475,0.8444204696337047
0.801021078280396,-3.3176149562096153,-1.2840196532514132,-0.4356089938952237,-0.12606461267253663,0.056917296221474505
0.6966723811558441,-3.6927907434066234,-1.1195938452980678,-0.7340944943825239,-0.4212930596171903,-0.3316944201042813
0.8109614129494757,-3.5789437668639086,-1.0135887637681489,-0.7302505084525297,0.24839996868642136,0.3213593103958283
0.985942751666168,-3.16594759711085,-1.0412395117151523,0.026476482521833655,0.9295990526339946,1.2785829487961586
0.9448613626631737,-3.300101648937517,-0.9075691888676704,-0.3251835673893285,0.1997633719561134,0.6096279349740662
0.8394674055966448,-2.8355120680068437,-1.138863702473076,-0.09341499254985752,0.4386523424476307,1.0336469507422459
0.6882774018194884,-3.358196710962977,-1.035224903252761,-0.5366937403598345,-0.6517437230805249,0.17161304629363344
0.6056259159972279,-3.555512377837544,-0.9271355723872844,-0.4492955705039996,-0.2644613362654184,0.8092452357850469
0.7287030628104227,-3.1258964794955753,-1.1666128406210636,-0.27863572749205934,-0.29577625876783725,0.5768530435945871
0.6901718013291986,-3.4638417979633433,-0.950261558504293,-0.447774777080116,-0.24565475537736686,0.7666075640411568
0.673217058820726,-3.5504038448278448,-1.0290590716180683,-0.08253447588070575,-0.021854831471559096,0.4367529155325598
0.6720467018714924,-3.5114082853710915,-0.960704412497081,-0.9555471895841148,0.15555212911656446,-0.4100159439704326
0.7840517784953984,-3.8042019909865243,-0.9770309328865731,-0.36687305490608035,-0.7560051007873233,0.3419280172906934
0.7336628003928918,-3.615765342538888,-1.0934497734633108,-0.49951269649891594,-1.1015385238282815,-0.35318599960716046
1.2496688141438976,-3.524247856181227,-0.8836570094699567,-0.42654792297565564,-0.671072617074904,-0.28712536258777
1.3663684742193596,-3.6828155237938835,-0.8466463296310016,-0.2481322415378993,-1.0866968794243024,-0.30575028279924565
1.446314474958145,-3.6009067039482927,-0.9073108490314978,-0.31097243204473224,-1.0505360917582607,-0.33829310919596495
1.4822669776389736,-3.7317487132337277,-0.9068516702882672,-0.2816817827868238,-1.027606238082995,-0.3268321521070937
1.4508350678267063,-3.432673834456837,-0.8754553977333788,-0.3597315796196058,-0.6718507688800498,-0.3032668465788124
1.387218781294018,-3.3821577676198453,-0.9036791704594895,-0.46206633526196295,-0.6460903939321566,-0.3127225337214108
1.4172895438966144,-3.3690569277679185,-0.795208784253408,-0.5193633456405741,-0.915433547734596,-0.44540736628304806
1.3813350745160284,-3.3817329392307376,-0.7924858328001679,-0.5037490786517804,-0.8756782734915586,-0.4579904994094059
1.3567602639883258,-3.401925906904231,-0.7942361379075699,-0.46452460011282004,-0.8815351310767586,-0.45888812686459507
1.3716061561248403,-3.3932954477799306,-0.7648699715164645,-0.43449948161915425,-0.8874151573956958,-0.4617702010728519
1.3932925422956972,-3.4750562257375806,-0.8133633577943529,-0.44219170606679153,-0.9044524112277618,-0.42772497076690613
1.3626287151536003,-3.418505223212105,-0.8607234454976596,-0.4633625645625876,-0.8673308233611089,-0.458976316605702
1.4684189725787866,-3.4046849137182407,-0.774239956760261,-0.49263472617615656,-0.8944049969690914,-0.4785908509206334
1.4351129770216913,-3.4029355183863195,-0.7817168107906568,-0.4576891531105243,-0.9164774603703351,-0.4616701586727982
1.3600270366143274,-3.5433656001729292,-0.8710188236704361,-0.36643696697239914,-1.0504838568837553,-0.35095377555274654
1.3655433792321916,-3.5529464945189217,-0.8791116169013433,-0.3119286630783255,-1.0801133440823605,-0.3313221059987394
1.3919839004314594,-3.5342136835761564,-0.8332507399095921,-0.2964795687508246,-1.0756191766605756,-0.3388029761573679
1.2832602097561019,-3.4923052503855256,-0.8622357988712241,-0.26396819301409813,-1.088587070238711,-0.3312742379244426
1.3516545358749763,-3.533616814107269,-0.886808002811809,-0.29648399326964225,-1.0642398561179183,-0.3449370868292346
1.3750410058346036,-3.5509347305710577,-0.836555549030382,-0.27121567853029727,-1.120488597388548,-0.319474673941557
1.4155713880403396,-3.7022787185994983,-0.7751576128444316,-0.27856014728713613,-1.1346734330711996,-0.2795203944072025
1.4287391450139488,-3.3248831805426025,-0.8017209341182001,-0.2753232724757391,-0.5287280370820023,0.3671284925777514
1.4468360771162687,-3.3733396805796882,-0.7796956175920152,-0.0057839261696911995,-0.7481790926511166,0.08077210672157273
1.4386067882590268,-3.209702196874516,-0.7488023073400777,-0.6438280473994118,-0.4650883905831506,-0.45901453779610385
1.3306739596327641,-3.158024392435249,-0.8466439300568627,-0.6983520460926831,-0.3934949187894812,-0.5028726757524284
0.9122354047354674,-3.628346387995035,-0.8578983272469874,-0.581903755195458,-0.5313687097299179,0.14481016106893918
0.7933371862465434,-3.9987915207312428,-0.7790148549668074,-0.7288258075110595,-0.7770504900066549,-0.39345377832445905
0.8598416588550081,-3.555087268827847,-0.7488789157386365,-0.8957071013680928,-0.4177486860361699,-0.43132534791078025
0.9273878922961994,-3.350960129066028,-0.7889568167188302,-0.29060968875360066,0.30316236674890196,0.44013401037394667
1.0584662482091636,-3.236984120799552,-0.7816341782652784,-1.0099276975594456,0.05943937246637379,-0.5203745394357748
1.181404915900574,-3.5395493957159188,-0.8996503895079746,-0.6418979980695548,-0.9692948665157618,-0.48543469000883166
1.5007878890491644,-3.2847799056969698,-0.8452585364394909,-0.3553204303565086,-0.3677997284868335,0.2469361927812078
1.5811812002510919,-3.5591856484390703,-0.8313165511470262,-0.3586251364931702,-1.0311881402186172,-0.37876920215124665
1.5985547089432488,-3.679919179801939,-0.7451437611494128,-0.28074948196093186,-1.0532016465714673,-0.3711118269781043
1.6166860301230928,-3.596438380238249,-0.7292767232835934,-0.2818601195619303,-1.0902731989091736,-0.3750441083700592
1.630846961859408,-3.59482731773408,-0.74250433261264,-0.25095890389753284,-1.1149078200484714,-0.3553184033232075
1.6716543923463423,-3.6575162012997753,-0.7275529515796343,-0.2447192513625398,-1.0846857424527483,-0.34918700774005895
1.6432120528194072,-3.63836329107513,-0.708275482855916,-0.27364643912837644,-1.0327986117109997,-0.3844651394864425
1.6829859763359087,-3.467414404176678,-0.6952554040508394,-0.44263065970438803,-0.6035605032611625,-0.36516370265495146
1.8408406098371657,-3.2462769526346946,-0.5031387793768269,-0.13286058534858874,-0.7226515299110946,0.08702646604875078
1.8737723684608076,-3.082637604566267,-0.516722010958696,0.02102948237263648,-0.5434392038338429,0.7117469656876646
1.6705488032885583,-3.471613958764519,-0.6110322327726564,-0.2933685401347238,-0.9654071545836597,-0.47039967546315525
1.627873991577743,-3.6384002827854243,-0.6996362369076564,-0.29455425806942187,-0.8982987988710206,-0.4748167238428857
1.6807518574640956,-3.6017415277623637,-0.6854176977366916,-0.3164713886553287,-0.8968687738442954,-0.47514409517435013
1.6524242592980727,-3.435934434713444,-0.722331688021484,-0.4676266560123282,-0.4698231079032596,-0.44426815160581706
1.6638174253445999,-3.2113463662111323,-0.812699151460748,-0.3666760169324433,-0.21457751284665436,0.14018534866614044
1.5986745243312195,-3.583297958687751,-0.7908584288532233,-0.3682886589043979,-0.9058781788938249,-0.45582900794425046
1.4694499200832116,-3.8262591732504703,-0.7671114297036207,-0.14596274375589072,-1.1043197193466818,-0.2966981429885358
1.5053170391884254,-3.7720350853379294,-0.7090254398407004,-0.16127111670779357,-1.100784271670923,-0.29361199525664783
1.437401366360208,-3.7365149962956803,-0.8803902173655781,0.4355040368098182,-0.3790326074997249,0.63391442673288
1.3678147520845294,-4.134253361901448,-0.7523100017064801,-0.18626538381283406,-0.9258394905946815,-0.27552745273945983
1.518939798092133,-3.5430954002474464,-0.8677029156570795,-0.4091248635282014,-0.18265251793492207,-0.2892999388858844
1.464606964110644,-4.01579644317261,-0.7417706528269684,-0.08837073415716136,-1.04164277875669,-0.2766717273802998
1.398805610154682,-4.005235913622917,-0.7836152669450719,-0.08934930691053715,-1.0121915448435215,-0.28127351683874613
1.409927733229032,-3.856773689660656,-0.7377544818235011,0.13861416713998315,-0.6112617100362617,0.9875302450479128
1.599038539439843,-3.351558042290471,-0.5482262943197943,-0.07668169833523066,-0.046161564805766025,0.8040823116442495
1.5007230887392091,-3.3894515288555036,-0.6413346255724325,-0.4823922315065393,-0.08688736224463367,-0.39567605019990576
1.5775326168235972,-3.7473002191088867,-0.5416046596342087,0.13804112632568385,-0.5946279938207718,0.028892846487346913
1.6713363548086297,-3.067442959090781,-0.6126086343256009,0.22739850266266373,0.8325278080541473,1.098309265977168
1.645786960636979,-3.6417304701772375,-0.3800814717952328,-0.07971969465267713,-0.7401077062216027,0.20682145797918175
1.7055583997193762,-3.5784669481336,-0.5081231099177606,-0.45063909806416047,-0.5581363869288409,-0.39456131664305477
1.7136860038721977,-3.600073019531404,-0.5697174575874133,-0.16190567435340394,-0.7695511780465695,0.1975605077065747
1.7417748458378364,-3.4368353080226797,-0.6802107225524817,-0.10884305892044312,-0.5465920114673977,0.8256398750836909
1.530564221923386,-4.122970056433645,-0.5736865929094391,-0.1980268091507558,-1.0158317459672979,-0.2521538442227886
1.3950114968556422,-3.7331668371675093,-0.6765751431402884,-0.21782845177055624,0.16735036653975874,0.24661056225377134
1.3932430663493431,-4.032859920950445,-0.6837341650638251,-0.3829825958563202,-0.5823708426627328,-0.19972433303608234
1.3537138051127622,-3.764427929789495,-0.6503811866533145,0.05682922826875544,-0.5602460635820998,0.9801266336053777
1.5359309692341074,-3.3358341585188915,-0.6469327639950502,-0.08995435614408932,-0.12388611953931658,0.9056404422593362
1.562918105034873,-3.6246588191405604,-0.6617906983209982,-0.4367064772540255,-0.12320871730271957,-0.3025755760615018
1.4443694518370567,-3.7280178551039045,-0.5432823015691771,-0.45663224790386187,-0.07206854429659855,-0.28242505495310916
1.4724365915480144,-4.090770616406848,-0.5520016826611499,-0.06254057461616587,-0.8370575139402975,0.3905791282826977
1.4517476122315658,-4.071243527450912,-0.3968338621641965,-0.11865136438966956,-0.9568643726974148,-0.32350049758550864
1.5667174509203161,-3.9956571903602023,-0.2862675833411657,-0.24907100192998075,-0.8517104819689748,-0.40792218270964375
1.7020117468194205,-3.7151138060242657,-0.4099836094803052,-0.11820547148887926,-0.702625972175215,0.1969711742150726
1.7045258873278957,-3.870361989482291,-0.3222215810796473,-0.41652891679221066,-0.4074068887202169,-0.3943505620825778
1.7499932784472572,-3.902119873769673,-0.35364500919526165,-0.2037712818544604,-0.9222149916116876,-0.4095624314792174
1.7140966634385668,-3.945441601742851,-0.3235083999848655,0.0740901242396191,-0.5477110664309963,0.06304164009574509
1.6708929349558461,-4.144594757115975,-0.34145065799184965,-0.2845677884005093,-0.8795015063249,-0.36161699092333177
1.6784497879497176,-4.007732253111789,-0.45050991179812044,-0.23810003626751,-0.6482744227284348,0.24989807720955784
1.606071483767245,-4.267336955363403,-0.5028344314644612,-0.2785957873424132,-0.9639733247831018,-0.2751452141693484
1.6092134606527184,-4.068473673117718,-0.5568304000025901,0.2926544863006111,-0.17186870999633685,1.4760923155744508
1.4538318073708174,-4.584319303888031,-0.5074293512195915,-0.19822489949533392,-0.9410277372948145,-0.18722919106981684
1.5226630261916851,-4.616887656894195,-0.5089811599712348,-0.2298463037003408,-0.9366452287461712,-0.18584836042398545
1.4638880945127581,-4.438247699909232,-0.5102408056671643,0.16158003005284244,-0.613710980107331,0.23778936307897053
1.3843579517748759,-4.575694395995601,-0.4754998792342225,-0.11670222403817253,-0.968577688944711,-0.1806472596352155
1.496174865306909,-4.279998118498658,-0.5360093970934439,0.09264739177395816,-0.5293140418633271,1.0428122326097082
1.4731901948673245,-4.251405907396183,-0.5044294551144033,0.141172259240697,-0.5026941470427899,1.0295049242407532
1.497041850370854,-4.48262892934538,-0.487311039689774,-0.2651073082695877,-0.47079337230135354,-0.20983369321547124
1.5031625650665932,-3.8371188387405137,-0.45454491209142184,0.055284122301376505,0.7681227021010752,0.5715540812414902
1.5422330516770384,-4.293713261564003,-0.3146090029807927,-0.45128441795185087,-0.3570996665886728,-0.3218743057521142
1.6817333468457984,-4.3714128239637065,-0.33098018350189146,-0.25004329991127794,-0.8657234477500318,-0.3531246165286048
1.5726728553076703,-4.173350771546555,-0.36849234275926196,-0.5878732790415198,0.07531169468999288,-0.2998268564280998
1.479140100322143,-4.578499357596856,-0.5249295171025781,-0.3322930227628459,-0.7800547798968499,-0.28620720954648987
1.6345544468008621,-4.241186396998593,-0.5212405994119094,-0.059624351624571456,-0.33221719140224254,0.9223696480071245
1.6974079266509594,-4.5553678182107475,-0.4905652595062165,-0.34842213064239386,-0.7000192531537879,-0.3277837201868777
1.5258206265137735,-3.5376544592537913,-0.7892852162669486,-0.20798812166344705,0.3196777933237792,0.6438929170251033
1.3047079797455152,-4.048809656633686,-0.7619967203005633,-0.42145977022807424,-0.856513575407002,-0.2871268832322308
1.280397326242135,-4.049124076353444,-0.6840288960530163,-0.2935841011897665,-0.9636609323245743,-0.25948387458184435
1.4111775349885738,-3.8116871195004167,-0.7729018052254916,0.06911285347150738,-0.6781294035442519,0.17707977934375838
1.312970344059001,-3.9914636419938185,-0.6839218469442179,-0.23649344893689964,-0.9022473236693814,-0.27557705089171036
1.3298121641023186,-3.8567933137124686,-0.714777959647994,0.07421291640547129,-0.576994485356584,0.17187377020380867
1.4571237247275803,-4.051407024401916,-0.6811232836369361,-0.2974795112386102,-0.907707826165396,-0.2776963565066805
1.4423719421099543,-3.9617613679789394,-0.7183272652002843,0.02750465048270314,-0.5798923793914317,0.18036600463260932
1.411309590227742,-4.082532218488806,-0.6570319206381152,-0.18671380797893872,-0.8942990708849251,-0.3146974152798246
1.47571316610565,-3.7267005303075265,-0.698173361871339,0.07632520954529819,-0.520226042587771,0.03445121768051629
1.5870173353186692,-3.613192568592764,-0.4051292263302263,-0.2990246712389064,-0.9005354333990775,-0.4655757422803251
1.7200430192601284,-3.570616865287524,-0.34440221945391625,-0.2916879536565132,-0.8300023539926465,-0.5101500664400185
1.6644005590619426,-3.783284847430195,-0.32867341858595045,-0.37469504987063207,-0.810919917196384,-0.4639481672208557
1.5136886800987244,-3.9009233199159925,-0.27097994656447105,-0.37364531122744504,-0.7795405524627127,-0.42000896451576386
1.502440072062417,-3.5044625103705016,-0.2367951382876893,-0.6384785327659983,0.09018768348420808,-0.4198491341048156
1.4615622448500023,-3.7934550345301834,-0.22801010922563728,-0.06997097688658505,-0.6659535233826487,0.22969346364913193
1.5139411666602458,-4.138349872629791,-0.2703140965988677,-0.18826035810977904,-0.9062557753823274,-0.3500310869573106
1.8047116404536176,-3.539684456655164,0.3069441140795257,-0.37956110074521854,-0.20419516509048435,-0.6322454055810283
1.8916822113761365,-3.6664893862266106,0.5161659706166392,-0.14784187804200744,-0.6428306878225952,-0.6840725023367207
2.0051684265772134,-3.607508509251911,0.5656112427815293,-0.13403499009898973,-0.5951341290986846,-0.725393012869505
2.0150224390313696,-3.5457861310337364,0.5831865425770905,-0.13233978840374439,-0.5699773543584866,-0.7451544901060698
2.0151930072351982,-3.570772925684548,0.5804210821593425,-0.17871862633904284,-0.574556850691845,-0.7317166535141865
2.0261961490636105,-3.426790024829737,0.5657316166121739,-0.014817894229041353,-0.4027540258514537,-0.09448529886035426
2.019361629184978,-3.618442892196597,0.6245259157716165,-0.11022055177549328,-0.6546113429302501,-0.6846403823122912
2.051433669919711,-3.5832667922465684,0.6477012436077306,-0.21106702893966597,-0.6286666524316177,-0.693424956097198
2.0007976601811976,-2.8877247328921354,0.584011970676971,0.05554759639553394,0.32649659924147045,0.3162501825452373
1.973654320996408,-3.2529212324015893,0.7623325706692601,0.04933596507082969,-0.06468284264208786,-0.4432669862759321
1.8157190385739514,-3.293302047585796,0.6215049055196936,-0.047788640283733,0.13687206123933415,0.09457256352862557
1.736805741848609,-3.509554748491845,0.6553145641689637,-0.42968038561845917,-0.05420811199331161,-0.3604126282074517
1.5863809181994797,-3.253846555511257,0.6144397057069859,-0.9402950297845623,0.669983516439666,-0.9661622997767012
1.6395227744590464,-3.6867628099283856,0.7326141173117927,-0.5051492960498256,-0.2813603732200511,-0.9712666499828961
2.167222858441144,-3.558372661684052,1.0384504517358926,-0.16680272932740067,-0.357750473661367,-0.926694973244529
2.270945823672271,-3.331559560993939,1.0499149922855215,-0.4054652570209709,0.12275784895185535,-0.9297136806480469
1.9779749996256317,-3.3058258293698475,0.7987545793925622,-0.16034061505330632,0.3753270703892354,-0.3777985832493127
1.5968838052689969,-3.328815307593749,0.41132231921375817,0.07183374205506891,0.08046475395788538,0.9320653972902122
1.8300267635213776,-3.3581445270265253,0.5763863163027482,0.47095887372319345,0.004331284627835435,0.17544069515803695
1.7591165631704182,-3.781741924745262,0.6454251393803967,-0.15863525782490576,-0.591688648879312,-0.6736713226885623
1.98094204963916,-3.4540139097320854,0.668656461292569,-0.11162922790611976,-0.43896964405066907,-0.08236581150726179
1.8760805209159688,-3.0198582867534345,0.33039071387790003,-0.3250438044238665,0.659192424837916,0.5875473196848522
1.7476223519797216,-3.247097922875062,0.25147749147116805,0.29877521544294494,0.1318542228938979,1.0369525039577212
1.7638001696731214,-3.26948636075161,0.25406848511140234,0.2182223776492822,0.4563465247765316,0.2851453363116948
1.7133408955241747,-3.7135784485207375,0.26410451080617037,-0.3667991396853184,-0.5776995922570556,-0.6455389607627751
1.786534649651778,-3.3362848944478807,0.28373100945999996,-0.11278818770785451,0.07852605025886578,0.5565097998362951
1.8739873073857376,-2.5646755120912337,1.6734760875205281,0.2970703512456999,0.7284165442505783,0.05819399608142682
1.655950695360702,-1.9779098047827264,2.57118447638173,0.3023586162144055,0.9500708508739343,0.04885647938523313
1.4887063007546686,-2.503984613555839,2.540581135430315,0.4636526366634673,-0.17066588509718988,-0.5461691224761707
1.580150428416195,-2.3171968357841757,2.8008876332067607,0.3667792670623117,0.20342649123728876,-0.593218464421012
1.7634665331668586,-2.232010590235643,2.915041936957253,0.1732317450403964,0.11323513821237857,-0.45208678952771253
1.9546541106270827,-2.52273114841198,2.9234890176757835,0.23764887789747097,-0.4418610963707241,-1.1379321760853618
1.4959876251575426,-2.3802726241283922,2.6137185355424855,-0.07989938066202834,0.8023714219577309,-0.7303391865596444
1.9024643545885258,-2.6856622785529827,2.8294607801737945,0.17580257699850643,-0.43757573336697986,-1.1077249870841557
1.3366093716125769,-2.905049432462696,2.814843383578631,-0.2723661902283027,-0.041424597901350814,-1.1185554925762387
1.2830014197618242,-2.803303888825626,2.7160830512817626,0.30916628738914703,0.034068019794776604,-0.03277652919132951
1.1504886407665507,-2.8453738304283145,2.6808207058432267,-0.10209044143660233,-0.5794831444573907,-1.1351935484791231
1.7310422994411974,-2.5566798412291085,2.9030269847025294,0.3640292337116951,-0.2935552497648783,-0.45233577998891805
1.6713095656191055,-3.103819858389798,3.078794346439509,0.12501532540284296,-0.39046004788918426,-1.0087699136096562
1.7394481490813694,-2.3180448623764467,2.822097862479925,-0.13980244527768168,0.3232931866897974,-1.0566142452608656
1.6066145570277972,-3.081741524256526,3.0698874219358854,0.16023522711241606,-0.3503494499343936,-1.0167087982745722
1.5801022177442694,-2.617703076567182,2.9499721346556704,0.5226858591368494,0.7067319896602177,0.7496682073961085
1.8144919776339459,-2.7261963225394528,3.0672976319126306,0.7142674732397075,0.2926592705918857,0.7072656357241514
1.7288649091515353,-2.782413855366008,3.1208789390673592,0.34657258790898937,0.34995011042388363,-0.5605210088285201
1.8225635541991059,-2.777359463259355,3.189424630035068,-0.05690484656146449,0.43247702614221584,-0.9673334604646526
1.7884587262677154,-3.121545664057404,3.223686711717868,0.26139658334401056,-0.4165412491026415,-1.0038199674296278
1.7523449590115987,-2.940945655217453,3.257346049795225,0.11768852096074903,-0.08394100982440825,-0.9393108673905399
1.7519213030204976,-3.2164729595819783,3.2843265541656033,0.22817616037554686,-0.5681481016042736,-0.8954666883278757
1.7810485133774792,-3.2144033223028585,3.265218491085349,0.19019225590277317,-0.550089970156551,-0.9034093711509869
1.310400612046733,-3.4214306366068494,3.1041781661798766,-0.11317407270156943,-0.6146633996645177,-0.9476212699590607
1.6241625218983027,-3.149270233239529,3.2328781111685343,0.1649911534537111,-0.5243530438099081,-0.8784813371094435
1.8145855892806966,-1.9829399706135142,3.022855974044789,0.618315364187314,0.16091973609917637,-0.23438422852377339
1.9064279139278013,-2.092627883669802,3.127737904532908,0.39120327196809246,-0.11090406343990818,-0.7531436404767499
1.9872591475930026,-1.8775764327805962,3.0586770743109746,0.11848024464765698,-0.6015718194159564,-1.2381837357890904
2.099445250235908,-2.099317293380671,3.1544193471773503,0.16517155763466568,-0.5158155753729302,-1.2207488787554668
2.167182799182275,-1.5804171727951273,2.980551982832275,0.29283012057399727,0.19574381571037192,-0.8043892189107248
2.4158393878178024,-1.7994644996144054,3.013034857931641,0.1098301395083888,-0.6785371471846289,-1.2964824624726472
2.128898212258039,-1.7108194059352126,3.0846031237319123,0.06293503519474625,-0.1562466874689491,-1.2470291451171687
2.181564153455655,-2.1074867649952993,3.20196555594357,0.22292538577711365,-0.5240968267565411,-1.2145387431095758
2.039182027333114,-2.281593024719484,3.2338996819623915,0.20069541509586974,-0.4872721175743031,-1.1774289173630443
2.008407805721476,-2.1037630842533503,3.1754296519220353,0.059655105251895595,-0.015894636846067574,-1.1928311542964958
2.068467173209831,-2.017651028464063,3.1383719255209113,0.8591827634706859,0.1662059799340021,-0.32160308565472373
1.92891748015255,-2.3177587343131822,3.1864582386363542,0.24556706600643974,-0.5071872013579533,-1.16766162492704
1.9591071760102428,-2.3885601109442405,3.1705409732658185,0.27890561274906656,-0.5301695799952411,-1.1531888998000306
1.9801179410268341,-3.012745097293435,3.391306483953356,0.3165697379266497,-0.43481639950343337,-1.0300189705501352
1.9861358393531443,-2.6909526777341903,3.3546100645685617,0.03448632732990819,0.44769313997895716,-1.0130759029207952
1.9655168069253333,-2.3212612997431443,3.141428696232565,0.0802767234622793,-0.031593715777773985,-1.1378625583589732
2.034594022488004,-1.8894442834102896,3.1311862342566683,0.12326961594959766,-0.4270550814318207,-1.3085667169877906
2.30674510524593,-1.0982642242933354,2.9369976451136264,0.6798707089937877,0.09662927383582667,-0.5366040080337273
2.8631459309805147,0.22241340004231802,2.917755930286463,1.159293528287163,0.3294630095186179,0.5972267037227096
2.8188080193372005,0.005454245009286297,3.0642696187898717,0.3940331819913648,-0.6004563557769881,-0.8845132422697821
3.0538843230503505,0.33051988126422327,3.078520059541224,1.2259169378435288,0.27181978229152226,0.6453987854317422
3.0423290793134314,0.5639514223706364,3.124889652563905,1.2748000409572582,0.31250497147989953,0.5716854806258287
2.8899515622482235,0.6629941500243526,3.0947485164742266,1.0037636298628339,0.5674078949434205,-0.04626316152950783
3.0213988110468226,0.5295484664100758,3.1814324988269314,1.239315263892281,0.1141179067664819,-0.013537599822968925
2.9481114648712237,0.5535761006186378,3.0652706579168605,1.2225916961709395,0.03387214454922978,-0.04034031176210306
3.0534277056908805,0.878297191090213,3.1154726435643463,1.4095108433375885,0.2637513954799796,0.5882236696422164
2.8841908333058734,0.6296652781593527,3.0374511689553887,0.9946150801274803,-0.03549463255284865,0.08810137040022173
3.032795753351341,0.47886596334908593,3.1317647623222946,0.9705525691791153,-0.24330760252340003,-0.5028561025478325
2.9447110417061912,0.38266051424646097,3.15020167558791,0.6313571991329224,0.06547096185258484,-1.099392686086305
2.8894881216099684,0.44885135077592425,3.2095812395675405,0.7146015874916436,-0.3053141011020184,-0.3258023901494069
2.881657392907606,0.8832670681817781,2.8077494933154474,1.0108247980424936,0.27078122927601067,0.5244143439469149
2.6630760673337117,0.649063932364047,2.719753807392916,0.43714419061481374,0.3440955876033917,-0.7239774623855281
2.536883469433837,0.7252407329665055,2.692545957626855,0.4522021221470217,0.004318659130278448,0.04523325128494804
2.42253797380413,0.7773824515102963,2.7140743565259737,0.5170085651280878,0.6511733353765331,-0.13089270567822903
2.4220399686602248,0.950017984893816,2.651444736716064,0.2420067155359792,0.4567975246793396,0.045771979842049684
2.413334708405324,1.2274751026113102,2.567742007080902,0.1603790132345282,0.8400447238325083,-0.8292730443567696
2.289929714343088,1.0106293929396848,2.5502918417082383,-0.1355893799006498,0.724922494677712,-0.6618283766494746
2.534563848421387,1.2849764078242987,2.505107736981731,-0.32051664571041444,0.358069285235323,-1.1349349784024727
2.6429921133330843,1.5115028509550525,2.5224288241396335,-0.24184997491374596,0.5792817693998094,-0.5165126736697595
2.9438051852966667,0.5865796956373592,2.8407286185685683,1.0990851530335253,0.303696952308498,0.5451774802849298
2.8789355167120134,0.46591364246110545,2.9708476695917656,1.0872252751079061,0.07097702428536767,-0.05757502166143893
2.7820189610101136,1.0786600119750738,2.72468730319687,1.0773865064299257,0.23231390649763795,0.48142408141636023
2.7243230797264046,1.2468584263029572,2.6426077782697823,0.5604581208325587,0.9156245962616245,-0.1391932396704008
2.683677669748615,1.1600859802391499,2.685337776743297,0.66627326249059,1.225748021270692,0.481744729778437
2.8121505237385453,0.8580522075810938,2.8491208814306357,0.8516664967899178,0.8310702693556997,0.5112747278392736
2.8916003281057643,1.10371895273395,2.7527700730563263,0.6695790955618312,1.1829795884755572,0.4987451081218055
2.932448640850266,0.6515659973515449,2.877595374798255,0.9937040182772249,0.3371104787152614,0.5306141678515575
2.9568104174716443,1.085921867577755,2.7911734763814713,0.69450167980663,1.1236289663467642,0.5544952319281644
2.9634447973224995,0.5646588440408907,2.8656471503980234,0.683054516904966,0.2486023191960278,-0.6868956981824901
3.0725474452076056,0.3291183901686231,3.098787263985559,0.23213454141237896,-0.13774015927702138,-0.998656557160914
3.2192434784362756,0.7603470966161072,2.990867594347207,1.1546491999749093,0.2204555223157517,0.48990011899374486
3.174322164673687,0.6410397620286348,2.970508605958792,1.0040118637413238,0.04602752333860861,-0.13746461429883255
3.0640505231252666,0.7181042906416434,2.873636188971494,1.0620763830804316,0.19872515656742426,0.543549898292285
2.2949789983051487,-0.4821984873211958,0.3988608719522335,0.08562530680089563,0.9093431541065293,0.2120911808717673
1.570920369768942,-1.7131620632098745,0.12431217255173745,-0.6412634271533862,-0.27455756788967417,-0.45783606944760813
1.4970462348277167,-1.7599224767070074,0.09915466784064197,-0.4418576444873491,-0.18207235540034947,-0.6097521207352351
1.4513865215106925,-1.8041178223586622,0.2136924227877004,-0.3449144949711982,-0.2990673873582465,-0.5486447516556919
1.478817374710258,-1.811198394766388,0.18575431827643804,-0.3656508029102318,-0.2751496350185516,-0.5594969685835044
1.4026088384063438,-2.222689824867825,0.4131217730349534,-0.6742596628855632,-0.5275653335063676,-0.9696858393506088
1.1170818190133434,-2.5510204617035157,0.27579875393705944,-0.9181140994092628,-0.5706098900488535,-0.9656453167893361
1.0566159810124427,-2.588650683987222,0.2144275624833945,-0.866850770003009,-0.5342733948178223,-0.9881394162108571
0.9994489350795709,-2.8312155225878857,0.330493062272974,-0.8537362417441491,-0.4618045425602695,-0.9398386754856828
1.031769820068634,-2.851608290123124,0.3022683484949293,-0.9177756940757321,-0.4701583367011165,-0.9130486588410155
0.8752804955107344,-2.751174430822027,0.201932016758304,-0.9191981853966443,-0.4811256707729805,-0.9084799241766702
1.0530221914537061,-2.6985953483762644,0.27304635042736464,-1.0606233859161995,0.010469008654100477,-0.9333496284922721
1.0108836775215142,-2.872526429260432,0.28450163156747216,-0.8405303739163189,-0.44381844259525227,-0.9265694110171335
0.90594966278338,-2.611784140355588,0.17622088828093824,-0.1345488005221235,0.24558859806645097,-0.042852841521065346
1.2785790481891404,-1.4761024788406045,0.18245766174567316,-0.10231851596764549,0.7836844837034569,0.8674941146111272
1.8137073112285482,-1.563477825836655,0.41206659416048275,-0.7388672183033921,-0.333068722443137,-1.3012048595913015
1.9141974512963034,-1.7368243042979783,0.500410375483435,-0.6219815739792107,-0.3671743971412382,-1.2342998960798786
1.8364802069543957,-1.8875942531765888,0.540803906201558,-0.6068017209480837,-0.3032033204147766,-1.2204559873948215
1.8746910408328044,-1.630560167643509,0.4739825726737992,0.02981594306299504,0.34794103098214124,-0.3275334428646686
1.815244451583614,-1.8155113774999976,0.5075860333313382,-0.6021810530735066,-0.40740008829755736,-1.2285331487759232
1.918387331694549,-1.4888533858873148,0.45008952425918836,-0.7179009084010819,0.22653678316663411,-0.571602624837901
1.6703087523116684,-1.8911357428854854,0.36581706677404724,-0.3128041827254845,-0.07980031475891802,-0.6663623083559427
1.102413888679944,-2.214864316841532,0.15251348901957815,-0.5562045359881636,0.27022135735289315,-0.5712118576097261
1.0912003188818393,-2.6575641698190253,0.25551374927365206,-0.770328174192076,-0.49073776806830977,-0.9803689063860884
1.0100430116518253,-2.6971833040444086,0.27503154709929456,-0.9353711069487287,-0.03896263499402731,-0.8950936970473631
0.8987690758225947,-2.5977311452073812,0.20362743165811034,-0.20488534754232904,0.6673693893875269,0.0033912241258152475
0.900480800230881,-2.9304546475953512,0.2091275227011729,-0.7752182832368311,-0.4874045458134252,-0.8704269131237476
1.0037598331206967,-2.2355463432748177,0.11032581511742665,-0.6780433857915579,0.9826099132563185,0.17889799402855108
0.9283511599738582,-2.9391236368257334,0.2049901306081119,-0.7586964023651966,-0.4617174727952684,-0.8778300449442424
0.7805321768784456,-3.063012860742836,0.26789740139798573,-0.4404173961691625,-0.05229711194455789,-0.3808034275096314
1.0653368441829973,-2.947770466947652,0.3293033679567555,-0.8348419416228873,-0.44004788785043225,-0.9326828698843866
1.2943058100963007,-2.6792783895322456,0.4543393542415721,-0.9586194171416204,0.12840243544572977,-1.0401996216964873
1.2794699704691872,-2.978671997919894,0.4426495635096081,-0.7949811232586524,-0.3800435736912749,-0.9903384449334145
1.3138080959058314,-3.1672821334287717,0.502199577809,-0.7525458966490893,-0.3066270414487631,-0.9818753512747502
1.2306580179072688,-2.985801235006818,0.541948359452471,-0.6509559567053738,0.03089336941340067,-0.4218043074964964
1.2928310680947295,-2.6908863464569537,0.47180583147161154,-0.7985727876937962,0.4232610544776969,-0.4330520045136123
1.330882420297809,-3.4054782102002554,0.5964158093104146,-0.7521326109792374,-0.2302466602870415,-0.9461313026298017
1.0875424654902788,-3.5019460278896823,0.5894783143908426,-0.9164069212567161,0.29355966746934103,-0.853278594336809
1.097247985690281,-3.8468705811518245,0.5703951577522122,-0.677561491315567,-0.3463732374562409,-0.7450735533089875
1.0878433689673348,-3.687115823409574,0.44743036329483854,0.035252537636848956,0.21824254747076927,0.22017348647235285
1.1490668299030722,-3.742226668955744,0.5410505843479771,-0.8711593230658478,0.4626055488786784,-0.6344879890288794
1.162383779126766,-3.732311618945647,0.4612878230086854,-0.518802549128725,-0.17683592266273232,-0.071661467407454
1.0916666197477551,-3.0805325536548147,0.24740180981960908,-0.318701435750576,1.3991510266396654,0.8307751017686227
0.9933549917392746,-3.5326512434228956,0.3094365936058313,-0.9996695779626028,0.5306784732374062,-0.6647397923959244
1.0863777749692494,-3.8113566703394084,0.29364877976360304,-0.39421752954905376,0.03661418416184422,-0.28834236754034914
1.1330998754613752,-3.2976231868893198,0.30974752513018566,-0.7171436869698975,0.9687849620260434,0.5310010634066873
1.232748551421926,-3.7227824527704336,0.3085103932737965,-0.1674508374456609,0.2078923743199897,0.3450346007507394
1.475598365417736,-2.9272108048236367,0.3861037360037367,-0.43239135986422894,0.8802492232113841,0.029042149983212487
1.3555748628134563,-3.2464336088045,0.5148866592968072,-0.8077093567263889,-0.0594166044561168,-1.0673540244043933
1.4235403633610553,-3.456412039419275,0.5597015442148894,-0.8185643798244301,-0.08115240087093552,-1.0141620883886198
1.3234261053185494,-3.6665542903882593,0.606423308680585,-0.8444448747551393,-0.03601789048869256,-0.9777432318893315
1.1470298592067045,-3.7062439963429625,0.5442733382811058,-0.8138331175016825,-0.08904044982122442,-0.9312439068855398
1.2800493628841585,-3.69614699392831,0.6716837450341734,-0.6609071544535549,-0.10208564828940506,-0.9501271808935086
1.272110578472687,-4.013196596193831,0.7421808387378362,-0.639862370479421,-0.08358815171859937,-0.8774395296163839
1.1841631941549746,-3.7250659311442,0.5392204119447023,-0.7981072106999635,0.25416757637824955,-0.8512691764276811
1.030164729676606,-4.161813913999316,0.4893149393706138,-0.6398495202836224,-0.24790184367388637,-0.6767359394065724
1.1031080866721954,-3.4987308637581895,0.41743407419677203,-0.6566556471455659,1.0359798643345228,0.5734212403477253
1.1501845648431208,-4.235754028310292,0.5399452557969475,-0.5399623160820505,-0.29196073490413843,-0.6649437940997387
1.568114316675725,-3.1768966175771354,1.5209990319813498,0.5715037819867147,0.7167621132629827,0.5356491999899188
2.035323552417765,-2.692155794096147,3.0461604029835185,0.3849687662396601,-0.004381259083322848,0.02539356414907379
1.881051160766976,-2.8405027787934474,3.0958073139098325,0.35646529569635177,1.1587831736122212,-0.17395731887746863
1.8401883545208615,-2.6190941170489164,2.9181664284027073,0.5787561243075581,1.486758864904433,1.1476961146082594
1.6989700354473907,-3.1151437307998604,0.5739061165351257,0.0020956647409384223,2.329504273585915,1.8953471132756488
1.3586741682505783,-3.4586855738643396,0.49860321671784563,-0.10924545467511915,0.5138269546101474,0.01875376908324833
1.1745677986865546,-3.222300715549263,0.1933363902458019,-0.42150667119766494,1.3679669389929252,0.10845881959012388
1.2147115714815557,-3.5321554486313516,0.09283761737085773,-0.2232680553499828,0.8194345558021736,0.21158880733576568
1.2128141047373973,-3.927993044969613,0.21993443145066238,-0.5086111405278636,-0.06331159278114015,-0.06547631805098464
1.2549079829931764,-4.141036879407782,0.3607109007534216,0.04012843299061576,0.47565366413986754,0.21381066857996106
1.477650584825805,-4.202244854307108,0.3056554729557461,-0.14298357223801553,-0.0326170032197152,-0.23307051728124
1.5157814593281806,-3.7659473126343683,0.25794988587097334,-0.5379441985276945,-0.4159692348647053,-0.7960378435193672
1.421772592685125,-3.7228265711223076,0.21267307887482978,-0.5526699956879394,-0.3620955173517206,-0.813140551363747
1.4379237597236705,-3.7114477064368403,0.2499200532134534,-0.5183040616862419,-0.37549359209924643,-0.8114124563860655
1.3843304821138565,-3.39123380817471,0.16710012010673259,-0.2606987068777332,0.022174072573324592,0.43781257613645985
1.336660518441273,-3.8569679997782917,0.30476159330875363,-0.7208053530899757,0.1318417843745484,-0.7313992394468869
1.5953437920980922,-3.5387043046993076,0.29315433419691,-0.4721561183739605,-0.0024649108890353382,-0.34315277284924794
1.5987879656247115,-3.6507361458476826,0.3650725602939514,-0.7318482356003978,0.25846581181671247,-0.9400318610095495
1.6138922762641248,-3.5177202917741117,0.3904182041859726,-0.25089071567151777,0.8327396891012362,0.1572698936772797
1.9933907747205866,-3.7519896142164186,0.4951550604271363,-0.4351692414278537,-0.20599007712703982,-1.0257569784007488
2.0747178269555286,-3.4353563444052497,0.5409659124967819,-0.010429615159001104,0.29720732378637377,0.043524850711319646
1.6633368475439352,-3.065593030303617,0.4039798333285867,-0.4502652276071528,0.6813919693310115,-0.6047490402473582
1.4468884394223298,-3.284693438748387,0.36751426554283356,-0.8510878833008758,0.28299742206534423,-0.9765239183569308
1.3510407856812203,-3.3804779263750504,0.15634697219374316,-0.42377326792426745,0.16865406823104526,-0.4713801588118272
1.061109913252272,-3.7119874657560574,0.1181204193028076,-0.3670081979710886,0.10529930071094895,-0.2859868549748701
1.1419343815740792,-3.740191772971613,0.15704876538624943,-0.34360805676383227,0.0938275747278231,-0.2768184792848237
1.0828530807912051,-3.438385461948538,0.08777909144946384,0.17794107755641048,0.902669576135256,1.4293321533797654
1.0537066658641716,-3.8912041378740083,0.12169934862360256,-0.7123934125279587,-0.21185345122972712,-0.7242211917097535
0.9459475213111594,-3.358224108950031,-0.12795198746123634,-0.1476863482706354,0.4926922470930309,0.963154680927665
0.8613688227736445,-3.779820696947653,0.12838410622609714,-0.4436689657161447,0.2346448105524369,0.5686958687024445
1.4273968044240921,-2.833002544088175,1.7999382005997322,-0.27666990116657075,-0.18326007056570115,-1.1357977316660937
1.9254406209494324,-2.015581546175444,2.446404264879499,0.023956881743177387,0.10011770923472017,-0.9917976677941447
2.0619227020724753,-1.9564826708126695,2.5250466323717498,-0.37908209828782585,0.23356625371479267,-1.4594041358497978
2.25681084027527,-1.4661135992315129,2.529043614851383,0.6707803915525605,0.8803194152790574,0.6227746324221932
2.231490559845428,-1.4263585963023728,2.5500176475396947,-0.12449843672978933,1.006403681166783,-1.0800130224347437
2.221236066031164,-1.2495664928249164,2.3553479927971406,0.21428042254174426,1.4670083068620576,0.031184037392511403
1.657458595152018,-1.9645302260084432,0.16788143165322061,-0.21172079272022412,2.003714711899724,0.9188134853999935
1.35920907845542,-2.610079377687031,0.23656217381965974,-0.24198681405882574,0.7696004077205802,0.5413480545090195
1.1603570389203917,-3.26904849718809,0.2634143991576426,-0.7750113648542654,-0.010993397250237964,-1.046982463402578
1.1113949839802106,-3.317133828899076,0.15034531977587492,-0.8230375853173498,-0.0026211440229074795,-1.019282510633609
0.9496341516347181,-3.5013232496323643,-0.06188687476010671,-0.7584786922922662,-0.1529603143315958,-0.8680547265444533
0.9175793337856976,-3.3131855195817623,-0.015547753913684488,-0.9063165684901117,0.19571472826120062,-0.7978407719224034
0.8867030200757825,-3.2141011762678335,0.00566344907641622,-0.8734079701682878,0.24618105939498452,-0.8429215443029584
0.8678417937344919,-3.490524765979484,-0.04208593006345743,-0.784057602239035,-0.22498349267973666,-0.8184125533384247
0.805794937042072,-3.3268311252262026,-0.08987475963775908,-0.9060144744215952,0.2115579059324058,-0.8015797881702266
0.8195145339419102,-3.514964277886205,-0.09560422940745143,-0.7612726895929255,-0.2610960927813986,-0.785536291300947
0.8197664480859859,-3.838244291100877,0.052525086206228894,-0.7935969472388178,-0.21682759615469474,-0.7183782172950834
0.8098691569600005,-3.702246698313146,0.03543520638547362,-0.7682832619406613,-0.21510805461341678,-0.7559059310363816
0.8900260912235939,-3.6335326517066817,-0.05085628708105719,-0.7079656793958309,-0.2998682308894743,-0.7665885960562977
0.9291952507183636,-3.663358812080025,0.0751077096835664,-0.7896164183271408,-0.1267141584984726,-0.8023260569407158
1.168539117767136,-3.4551387126925923,0.19254732996632812,-0.9928564606995842,0.44595722141581023,-0.9353351131654333
1.179679451123844,-3.476568428880901,0.14417865070327857,-0.855582432794287,-0.05769056560484804,-0.9554370239536663
1.129475719844383,-3.3619303861745653,0.14476671351118992,-0.9065088709171559,0.30312911947713733,-0.9236725023287436
1.1244666317550438,-2.8477960254319035,0.0724440231956769,-0.5192346119768424,1.5600840808701206,0.7760530625023083
1.0899673802421375,-3.4490867326775825,0.17512667786666122,-0.6359113879486251,0.1962734784522609,-0.34447945170725075
1.1694217583777013,-3.183593672578787,0.10439975233936066,-0.42767345797624673,0.3335915498779771,0.25055329049797753
1.0379947694243685,-3.83831011077635,0.195739242647892,-0.6965792349090811,-0.07229664078768502,-0.8511142704618074
0.8822959300937001,-3.825588980453099,-0.015288840397818946,-0.6676131353868302,-0.20748033759998133,-0.7553896346597125
0.8749690659632814,-3.570524000688042,-0.10061276406757656,-0.2092093146959385,1.0612338940169714,1.0129007572069302
0.8614094967373849,-3.6112714156381935,0.007703833587336086,-0.9222759765095959,0.6248268425239953,-0.6630969009173612
0.7742229080857363,-3.6683892576225725,0.008836685976593286,-0.686718388562955,0.1207406406705463,-0.6876211432710121
0.8479238946098027,-3.13759866987238,-0.09940860824982377,0.30373670192105384,0.8579713038366964,1.3442529692162823
0.82259420055936,-3.393832609452299,-0.08763244486416293,-0.5541892663385891,-0.04314970008239095,-0.19447822080811766
0.9005167028128832,-3.355746892487733,-0.07151735368802097,-0.59927028181769,-0.050074760202997066,-0.18179964268614307
1.0899872739259429,-2.6726165949998784,-0.046475400108080184,-0.4382527935744993,1.384101843871292,0.8352961411633488
1.0225011594489022,-2.704697436261869,-0.08047932702932852,-0.47648077817663537,1.3512631985387968,0.8930824786663533
1.064548764020556,-2.7913208020451457,-0.0013947786668835637,-0.7920582929362688,1.168904362813159,0.33138359814087676
1.2677153750092072,-3.138432249331878,0.1963403248626881,-0.7246308809285092,0.5544400830435962,-0.3764109543759804
1.213655574026243,-3.0879973050746368,0.21917730787084977,-0.6991821642051679,0.5447194653699353,-0.37857375630039836
1.262816663297863,-2.8558634720873917,0.08487573662337068,-0.3749136682759535,1.4739273180374797,-0.13204141766745647
1.1609277358839547,-3.4778039812520656,0.16099497747548308,-0.6523789258911743,-0.07640504153324064,-1.0286058474463546
1.261811192273354,-3.4278891772869495,0.1853851435454964,-0.7153165754879616,-0.03242251944151132,-1.0582336459733241
1.2790779384373472,-3.0376051388781553,-0.005125013146472542,-0.40893100447070196,0.9142570773061132,0.05936673522053533
1.2985348285027087,-3.5212293239059282,0.11084716535148387,-0.6748034646605755,-0.09357252898039932,-0.9902890249973815
1.036411996083411,-3.515779956334238,0.02921340440971578,0.05205912760289991,0.42132885294016487,0.091398189672514
1.031723798246049,-3.5377862629350627,0.051988256501984326,-0.49687832542690774,-0.2565416343956555,-0.8610418268101143
0.9898948353085002,-3.5635098553878777,0.08834345743394924,-0.7802545653483691,0.6592665528567428,-0.7526200043634319
0.9494764881922444,-3.6096866793860642,0.14849163411458807,-0.5064078610060679,0.3615897456780612,-0.10982580669872335
1.0916653265421412,-3.736411481535982,0.1698665388053852,-0.726305342963396,0.21059462202762808,-0.7695985183852828
1.0039822221298265,-3.880464832492605,0.21676564049267774,-0.556100022549964,-0.14988033084484528,-0.8106071813571687
1.0646229424421139,-3.445265219129316,0.11335041995742458,-0.8350368198162003,0.6586050057350186,-0.811618343526192
1.046690883339633,-3.4983395688753602,0.09125144001077158,-0.39153535905783027,0.5108750121181295,-0.350466558522683
1.0821749207800841,-3.764763025918382,0.19882760740347988,-0.5602167400089663,-0.2524476022474633,-0.8099167862931086
1.2781749336953119,-3.1109095301307295,0.23890465042160558,-0.9013318701212761,0.7911156450384785,-1.0169670982718868
1.3642391622372705,-3.1467316586869765,0.3245780657916062,-0.46325789156301933,0.18337177860024773,-0.4898856650642502
1.1322745223548472,-3.3705863378964116,0.2521764732139906,-0.6069142725428326,-0.07556266123725348,-1.056174770238642
1.2555822057040624,-3.0204774172751585,0.25654839921688866,-0.9152637480142735,0.8287296141985545,-1.0715783786130257
1.2413855876839053,-3.432954689089776,0.2207505785198687,-0.7066940414520511,-0.050586601239833225,-1.0613098634340252
1.180049413896798,-3.6215473655970913,0.07443008585953122,-0.7645504411267453,0.07812364966682864,-1.0406421869169284
1.2112458999210605,-3.402045803748152,-0.07388664868991617,-1.092291717262422,0.9411505869780399,-0.9765183430978064
1.1210346662047594,-3.795120581914589,-0.02058682323701331,-0.7160004713343507,-0.10157554531227944,-0.8678162002117832
0.9524490250962507,-3.6589088837685373,-0.1289760487817113,-0.7801694952729896,0.24881729482161283,-0.7733469231255174
0.9166999306569537,-3.902494530679421,0.16475310806394197,-0.5528040454802834,-0.16188826317164426,-0.7892615107343088
1.0364794634558052,-3.3674781757909056,0.07920152734985032,-0.32463619373255653,0.20797845656333006,0.4095411696391409
1.0360204888214597,-3.4290985746102596,0.02034342887364401,-0.6283626951932765,0.15656058996254835,-0.8286495637066867
0.8514201840146984,-3.881485670993447,0.20820581389952145,-0.42734269159740507,-0.17736718215320038,-0.8039055262142899
0.9133874428009243,-3.1442017429211426,-0.047422279318279886,-0.23415848073639456,1.3297157981768317,0.08238904081301328
0.9561212590937007,-3.247696382421674,-0.015072118461266635,-0.08899484531237477,0.5188811274949919,0.8858743267669111
1.1443790431902074,-2.760184618708502,-0.09852519735443337,-0.2258657100868435,1.550221315420093,0.6437695755842037
0.9983484841485409,-3.434549008572821,0.05287269229308586,-0.6188976308694188,-0.15239703203086746,-0.9290993311078682
1.183339996084117,-3.3436902900911876,0.23682851228671695,-0.6737658661776937,-0.00562893514259672,-1.0735661647413748
1.2363712206166282,-3.6765674710310408,0.15410556352724217,-0.6006039693835968,0.030000696666986564,-1.0060863837703464
1.187040437401245,-3.3553982652285397,0.09021058271325412,-0.16149656353355446,0.5411727722761447,0.07446011259589062
